drive_file_id,drive_path,file_name,extension,top_folder,ipc_folder,patent_id_guess,source_url
1x5wvwPq7vwkRKWSz3M59o7dQlH2EKKDj,extracted_texts/G06F/1020080137371.txt,1020080137371.txt,txt,extracted_texts,G06F,1020080137371,https://drive.google.com/file/d/1x5wvwPq7vwkRKWSz3M59o7dQlH2EKKDj/view
1RO9jYhWfNCCtnubZu7mF45QbeNdd1bvR,extracted_texts/G06F/1020087021561.txt,1020087021561.txt,txt,extracted_texts,G06F,1020087021561,https://drive.google.com/file/d/1RO9jYhWfNCCtnubZu7mF45QbeNdd1bvR/view
1r3w3kVnxnTLGI-doVG_uyelFotox2ZuQ,extracted_texts/G06F/1020097002237.txt,1020097002237.txt,txt,extracted_texts,G06F,1020097002237,https://drive.google.com/file/d/1r3w3kVnxnTLGI-doVG_uyelFotox2ZuQ/view
1DoRe4kI2gg4xTHMN8ppk99d2GH-eZY0_,extracted_texts/G06F/1020097023628.txt,1020097023628.txt,txt,extracted_texts,G06F,1020097023628,https://drive.google.com/file/d/1DoRe4kI2gg4xTHMN8ppk99d2GH-eZY0_/view
1-0gsYPw8rFW2RR_dEEk-GudwqMM9_s7h,extracted_texts/G06F/1020100012456.txt,1020100012456.txt,txt,extracted_texts,G06F,1020100012456,https://drive.google.com/file/d/1-0gsYPw8rFW2RR_dEEk-GudwqMM9_s7h/view
1gdNpTj4ygCaUyF95biXNrQTij6-FpzRC,extracted_texts/G06F/1020100033703.txt,1020100033703.txt,txt,extracted_texts,G06F,1020100033703,https://drive.google.com/file/d/1gdNpTj4ygCaUyF95biXNrQTij6-FpzRC/view
18IurgCnx8411yr6RRqVkIbktMUv8olUu,extracted_texts/G06F/1020107008865.txt,1020107008865.txt,txt,extracted_texts,G06F,1020107008865,https://drive.google.com/file/d/18IurgCnx8411yr6RRqVkIbktMUv8olUu/view
1Xu1jA6sQGi1YIBYp0q37lpOUkSLbFx5j,extracted_texts/G06F/1020110097739.txt,1020110097739.txt,txt,extracted_texts,G06F,1020110097739,https://drive.google.com/file/d/1Xu1jA6sQGi1YIBYp0q37lpOUkSLbFx5j/view
1BTPurK7GCPL2d6NR9tgaZtiAWMddaU0K,extracted_texts/G06F/1020110106492.txt,1020110106492.txt,txt,extracted_texts,G06F,1020110106492,https://drive.google.com/file/d/1BTPurK7GCPL2d6NR9tgaZtiAWMddaU0K/view
16YIZFt8Sj3kl4FvpCmeN5ScsZY0vpUzU,extracted_texts/G06F/1020117002469.txt,1020117002469.txt,txt,extracted_texts,G06F,1020117002469,https://drive.google.com/file/d/16YIZFt8Sj3kl4FvpCmeN5ScsZY0vpUzU/view
1gmUO9eLvrFnLWvZOKFRarJTFBCkaZd1y,extracted_texts/G06F/1020117016711.txt,1020117016711.txt,txt,extracted_texts,G06F,1020117016711,https://drive.google.com/file/d/1gmUO9eLvrFnLWvZOKFRarJTFBCkaZd1y/view
13sH6EEVZ2jPVlmeOt7mjpnQWy8XbFHk_,extracted_texts/G06F/1020117018607.txt,1020117018607.txt,txt,extracted_texts,G06F,1020117018607,https://drive.google.com/file/d/13sH6EEVZ2jPVlmeOt7mjpnQWy8XbFHk_/view
1KxqXlgKPM8Iwd6VT96iePLD6nM0LAKB8,extracted_texts/G06F/1020120121549.txt,1020120121549.txt,txt,extracted_texts,G06F,1020120121549,https://drive.google.com/file/d/1KxqXlgKPM8Iwd6VT96iePLD6nM0LAKB8/view
1HhbwQBhRPbEPJlKIQWHpghZ_2T79dxXu,extracted_texts/G06F/1020130042378.txt,1020130042378.txt,txt,extracted_texts,G06F,1020130042378,https://drive.google.com/file/d/1HhbwQBhRPbEPJlKIQWHpghZ_2T79dxXu/view
1DX3ABcM2t-8-qNmPTkMXCb6fRVJutt5l,extracted_texts/G06F/1020130103252.txt,1020130103252.txt,txt,extracted_texts,G06F,1020130103252,https://drive.google.com/file/d/1DX3ABcM2t-8-qNmPTkMXCb6fRVJutt5l/view
17AzSchsiDPutkBuawbBB-9CZ4U6pE52a,extracted_texts/G06F/1020130123902.txt,1020130123902.txt,txt,extracted_texts,G06F,1020130123902,https://drive.google.com/file/d/17AzSchsiDPutkBuawbBB-9CZ4U6pE52a/view
1286clxUnYKv0PDWZ1537ya1mcVI2qj4R,extracted_texts/G06F/1020130164153.txt,1020130164153.txt,txt,extracted_texts,G06F,1020130164153,https://drive.google.com/file/d/1286clxUnYKv0PDWZ1537ya1mcVI2qj4R/view
1u8nUs9MIXvpXMMLSb3EX3DWQKwMb9zLR,extracted_texts/G06F/1020137020101.txt,1020137020101.txt,txt,extracted_texts,G06F,1020137020101,https://drive.google.com/file/d/1u8nUs9MIXvpXMMLSb3EX3DWQKwMb9zLR/view
1NOCkICBzov3fpSl-8tK6_XRv6NlPYOq2,extracted_texts/G06F/1020140153875.txt,1020140153875.txt,txt,extracted_texts,G06F,1020140153875,https://drive.google.com/file/d/1NOCkICBzov3fpSl-8tK6_XRv6NlPYOq2/view
1koRn9_vykry7PHC2YaT1n4Kx28A7R-Qr,extracted_texts/G06F/1020147031233.txt,1020147031233.txt,txt,extracted_texts,G06F,1020147031233,https://drive.google.com/file/d/1koRn9_vykry7PHC2YaT1n4Kx28A7R-Qr/view
1tIPeoJ0R0rOrohTiXTrTotGlV16uVUF6,extracted_texts/G06F/1020147031950.txt,1020147031950.txt,txt,extracted_texts,G06F,1020147031950,https://drive.google.com/file/d/1tIPeoJ0R0rOrohTiXTrTotGlV16uVUF6/view
1EJTH4Q6tSEzOBajoiAwv59-fyUs4asNi,extracted_texts/G06F/1020147034720.txt,1020147034720.txt,txt,extracted_texts,G06F,1020147034720,https://drive.google.com/file/d/1EJTH4Q6tSEzOBajoiAwv59-fyUs4asNi/view
1lwqW4o3008ptm1WluiBw4Wh97WNiLfot,extracted_texts/G06F/1020150188319.txt,1020150188319.txt,txt,extracted_texts,G06F,1020150188319,https://drive.google.com/file/d/1lwqW4o3008ptm1WluiBw4Wh97WNiLfot/view
1Hx9rVeNtNmqWhxQFpLOGCqHQITJgYX2N,extracted_texts/G06F/1020157016920.txt,1020157016920.txt,txt,extracted_texts,G06F,1020157016920,https://drive.google.com/file/d/1Hx9rVeNtNmqWhxQFpLOGCqHQITJgYX2N/view
1Bey944jxX2oXpbgqp-AmgLHy0qm_NQf9,extracted_texts/G06F/1020157028995.txt,1020157028995.txt,txt,extracted_texts,G06F,1020157028995,https://drive.google.com/file/d/1Bey944jxX2oXpbgqp-AmgLHy0qm_NQf9/view
1isWjjlmhIrUbyAblyxrbwflyS3vbj4ec,extracted_texts/G06F/1020157035775.txt,1020157035775.txt,txt,extracted_texts,G06F,1020157035775,https://drive.google.com/file/d/1isWjjlmhIrUbyAblyxrbwflyS3vbj4ec/view
1TIJ-HnvWjNOw3Xl1Zo-HLeTAV8C75zXQ,extracted_texts/G06F/1020160065686.txt,1020160065686.txt,txt,extracted_texts,G06F,1020160065686,https://drive.google.com/file/d/1TIJ-HnvWjNOw3Xl1Zo-HLeTAV8C75zXQ/view
1JyGc-lbsN1EurVM6_vnen6ykUIt-XAUE,extracted_texts/G06F/1020160092098.txt,1020160092098.txt,txt,extracted_texts,G06F,1020160092098,https://drive.google.com/file/d/1JyGc-lbsN1EurVM6_vnen6ykUIt-XAUE/view
18ymKxr-RVQbF-vPn5qElCIUXuHodTtDH,extracted_texts/G06F/1020160098727.txt,1020160098727.txt,txt,extracted_texts,G06F,1020160098727,https://drive.google.com/file/d/18ymKxr-RVQbF-vPn5qElCIUXuHodTtDH/view
1L19pdRQnOOEaYUHb4-uYfrgPyiK5ow9S,extracted_texts/G06F/1020160153100.txt,1020160153100.txt,txt,extracted_texts,G06F,1020160153100,https://drive.google.com/file/d/1L19pdRQnOOEaYUHb4-uYfrgPyiK5ow9S/view
1hmz4E1FSp9m-8PuQxLLjBWyuOHYZKHXc,extracted_texts/G06F/1020160178398.txt,1020160178398.txt,txt,extracted_texts,G06F,1020160178398,https://drive.google.com/file/d/1hmz4E1FSp9m-8PuQxLLjBWyuOHYZKHXc/view
173O5ZNXF9Sbuwo-ujYtN404-UFk30S5z,extracted_texts/G06F/1020167013936.txt,1020167013936.txt,txt,extracted_texts,G06F,1020167013936,https://drive.google.com/file/d/173O5ZNXF9Sbuwo-ujYtN404-UFk30S5z/view
1DD0cN7pu7jx6i_Sb70ruLE3Dbl85muOy,extracted_texts/G06F/1020167020762.txt,1020167020762.txt,txt,extracted_texts,G06F,1020167020762,https://drive.google.com/file/d/1DD0cN7pu7jx6i_Sb70ruLE3Dbl85muOy/view
18HuX1Nj53gQx7pWOwMHTy3-rFs1llcIH,extracted_texts/G06F/1020170003374.txt,1020170003374.txt,txt,extracted_texts,G06F,1020170003374,https://drive.google.com/file/d/18HuX1Nj53gQx7pWOwMHTy3-rFs1llcIH/view
18-hVYkVQi8D8b0ZeFVtobawvbVnqNj7l,extracted_texts/G06F/1020170060322.txt,1020170060322.txt,txt,extracted_texts,G06F,1020170060322,https://drive.google.com/file/d/18-hVYkVQi8D8b0ZeFVtobawvbVnqNj7l/view
1FYN1huH38ffvJaSmbCHlPyC8lQyDhfbX,extracted_texts/G06F/1020170106440.txt,1020170106440.txt,txt,extracted_texts,G06F,1020170106440,https://drive.google.com/file/d/1FYN1huH38ffvJaSmbCHlPyC8lQyDhfbX/view
1EzHeYJyjEO3CGXb8qKUT-21VDLVdgBZK,extracted_texts/G06F/1020170111374.txt,1020170111374.txt,txt,extracted_texts,G06F,1020170111374,https://drive.google.com/file/d/1EzHeYJyjEO3CGXb8qKUT-21VDLVdgBZK/view
1GqABcMqykbGh3T4KIMjaHIJKNmYC4B4H,extracted_texts/G06F/1020170144234.txt,1020170144234.txt,txt,extracted_texts,G06F,1020170144234,https://drive.google.com/file/d/1GqABcMqykbGh3T4KIMjaHIJKNmYC4B4H/view
1zU4QkEZx6UgHJf6T7RZ6iAZWFvWPa4e-,extracted_texts/G06F/1020177003279.txt,1020177003279.txt,txt,extracted_texts,G06F,1020177003279,https://drive.google.com/file/d/1zU4QkEZx6UgHJf6T7RZ6iAZWFvWPa4e-/view
1JiIrYnhn63XDHAcOdxrNGfDhmvt_aUhw,extracted_texts/G06F/1020177035954.txt,1020177035954.txt,txt,extracted_texts,G06F,1020177035954,https://drive.google.com/file/d/1JiIrYnhn63XDHAcOdxrNGfDhmvt_aUhw/view
19xbd2KthcwQtr4i_aekKD2EUFZ7fOi2L,extracted_texts/G06F/1020180009850.txt,1020180009850.txt,txt,extracted_texts,G06F,1020180009850,https://drive.google.com/file/d/19xbd2KthcwQtr4i_aekKD2EUFZ7fOi2L/view
1UTchb42-i9X9tg1TBEMmnYqHDlV_ilxo,extracted_texts/G06F/1020180095881.txt,1020180095881.txt,txt,extracted_texts,G06F,1020180095881,https://drive.google.com/file/d/1UTchb42-i9X9tg1TBEMmnYqHDlV_ilxo/view
1XEdPNi0QNRhS9UDnbZ3RiPekJxqqWC-M,extracted_texts/G06F/1020180096099.txt,1020180096099.txt,txt,extracted_texts,G06F,1020180096099,https://drive.google.com/file/d/1XEdPNi0QNRhS9UDnbZ3RiPekJxqqWC-M/view
1fNspyMM-3llYtJWIRj9Bps5xbJ-p6OUW,extracted_texts/G06F/1020180122065.txt,1020180122065.txt,txt,extracted_texts,G06F,1020180122065,https://drive.google.com/file/d/1fNspyMM-3llYtJWIRj9Bps5xbJ-p6OUW/view
1iFroyXLDKJZaXF78tQDf2JhVgh9REdya,extracted_texts/G06F/1020180139369.txt,1020180139369.txt,txt,extracted_texts,G06F,1020180139369,https://drive.google.com/file/d/1iFroyXLDKJZaXF78tQDf2JhVgh9REdya/view
1uYqtmca4CoVNlSw94hykPOS-UIgUKGrf,extracted_texts/G06F/1020180167336.txt,1020180167336.txt,txt,extracted_texts,G06F,1020180167336,https://drive.google.com/file/d/1uYqtmca4CoVNlSw94hykPOS-UIgUKGrf/view
1wQ40VUtX4hN9aYCNQhWQbqmEiBsiNhQz,extracted_texts/G06F/1020187021040.txt,1020187021040.txt,txt,extracted_texts,G06F,1020187021040,https://drive.google.com/file/d/1wQ40VUtX4hN9aYCNQhWQbqmEiBsiNhQz/view
15JYqFsBwaj99GNQXzuOrrlHenlhzDZad,extracted_texts/G06F/1020187036139.txt,1020187036139.txt,txt,extracted_texts,G06F,1020187036139,https://drive.google.com/file/d/15JYqFsBwaj99GNQXzuOrrlHenlhzDZad/view
1MISo34emYRwDTzqWKddirdtM_mX9kVZl,extracted_texts/G06F/1020190024451.txt,1020190024451.txt,txt,extracted_texts,G06F,1020190024451,https://drive.google.com/file/d/1MISo34emYRwDTzqWKddirdtM_mX9kVZl/view
1IX2Smi0Jn-Q9r0za3fiF0JRf2IyjGd4h,extracted_texts/G06F/1020190140001.txt,1020190140001.txt,txt,extracted_texts,G06F,1020190140001,https://drive.google.com/file/d/1IX2Smi0Jn-Q9r0za3fiF0JRf2IyjGd4h/view
1KS49UgvGfMwu621WoGjUbJmyCRa9yghJ,extracted_texts/G06F/1020197020740.txt,1020197020740.txt,txt,extracted_texts,G06F,1020197020740,https://drive.google.com/file/d/1KS49UgvGfMwu621WoGjUbJmyCRa9yghJ/view
140E_H_o0tTr-Q3cC7r6Jqt1RtRDWzSMW,extracted_texts/G06F/1020200015713.txt,1020200015713.txt,txt,extracted_texts,G06F,1020200015713,https://drive.google.com/file/d/140E_H_o0tTr-Q3cC7r6Jqt1RtRDWzSMW/view
1N8zVKu2vjz8uD4gErpK5-4OGh7sPG6IW,extracted_texts/G06F/1020200018698.txt,1020200018698.txt,txt,extracted_texts,G06F,1020200018698,https://drive.google.com/file/d/1N8zVKu2vjz8uD4gErpK5-4OGh7sPG6IW/view
1Y-mJV7sVb99t02EWAtK_pvvMhT7zWomH,extracted_texts/G06F/1020200075626.txt,1020200075626.txt,txt,extracted_texts,G06F,1020200075626,https://drive.google.com/file/d/1Y-mJV7sVb99t02EWAtK_pvvMhT7zWomH/view
19y2hfB9sdcKKKBbaQhDsuWF86V5Y3dZC,extracted_texts/G06F/1020200085142.txt,1020200085142.txt,txt,extracted_texts,G06F,1020200085142,https://drive.google.com/file/d/19y2hfB9sdcKKKBbaQhDsuWF86V5Y3dZC/view
1CKR35qC_yI2daoOShloLH8nCMP5mM9rH,extracted_texts/G06F/1020200106077.txt,1020200106077.txt,txt,extracted_texts,G06F,1020200106077,https://drive.google.com/file/d/1CKR35qC_yI2daoOShloLH8nCMP5mM9rH/view
1nyxuwN9W8EaKEdnDYfvdx2mXAHeEg97h,extracted_texts/G06F/1020200113681.txt,1020200113681.txt,txt,extracted_texts,G06F,1020200113681,https://drive.google.com/file/d/1nyxuwN9W8EaKEdnDYfvdx2mXAHeEg97h/view
1DumLYDdqrlZOivb9RAcyUtZxz39HpB1-,extracted_texts/G06F/1020200128459.txt,1020200128459.txt,txt,extracted_texts,G06F,1020200128459,https://drive.google.com/file/d/1DumLYDdqrlZOivb9RAcyUtZxz39HpB1-/view
19aEdSSq8Xq7pceZpUqNhd4B4iTDt8hpE,extracted_texts/G06F/1020200131294.txt,1020200131294.txt,txt,extracted_texts,G06F,1020200131294,https://drive.google.com/file/d/19aEdSSq8Xq7pceZpUqNhd4B4iTDt8hpE/view
1z2P7rW3dmvOOAIhlNMJBT7XdAniatsqb,extracted_texts/G06F/1020200132040.txt,1020200132040.txt,txt,extracted_texts,G06F,1020200132040,https://drive.google.com/file/d/1z2P7rW3dmvOOAIhlNMJBT7XdAniatsqb/view
1P6tmD3tBA3nZT5kh8UWqfgmSI4z2ASbW,extracted_texts/G06F/1020200142527.txt,1020200142527.txt,txt,extracted_texts,G06F,1020200142527,https://drive.google.com/file/d/1P6tmD3tBA3nZT5kh8UWqfgmSI4z2ASbW/view
19YRABGx3QYKDsT0BKMFlf58Y2cdvq0r_,extracted_texts/G06F/1020200178328.txt,1020200178328.txt,txt,extracted_texts,G06F,1020200178328,https://drive.google.com/file/d/19YRABGx3QYKDsT0BKMFlf58Y2cdvq0r_/view
1up3S5_Seq2nkL_gGWi3cb_VW22TSFnsU,extracted_texts/G06F/1020210071303.txt,1020210071303.txt,txt,extracted_texts,G06F,1020210071303,https://drive.google.com/file/d/1up3S5_Seq2nkL_gGWi3cb_VW22TSFnsU/view
1jdCXhRLSzAVRLfY-VKguYDMANlhMgxx5,extracted_texts/G06F/1020210078871.txt,1020210078871.txt,txt,extracted_texts,G06F,1020210078871,https://drive.google.com/file/d/1jdCXhRLSzAVRLfY-VKguYDMANlhMgxx5/view
1HbArbYERn7YABUiC3he7_oxjMiyn71a1,extracted_texts/G06F/1020210089230.txt,1020210089230.txt,txt,extracted_texts,G06F,1020210089230,https://drive.google.com/file/d/1HbArbYERn7YABUiC3he7_oxjMiyn71a1/view
1A29P0LdK7vrroESosUdr70fRa7ZmBTNn,extracted_texts/G06F/1020210108151.txt,1020210108151.txt,txt,extracted_texts,G06F,1020210108151,https://drive.google.com/file/d/1A29P0LdK7vrroESosUdr70fRa7ZmBTNn/view
1b2863EbKb1l745YoaG1LT0OPWb2Je8I2,extracted_texts/G06F/1020210117592.txt,1020210117592.txt,txt,extracted_texts,G06F,1020210117592,https://drive.google.com/file/d/1b2863EbKb1l745YoaG1LT0OPWb2Je8I2/view
1hsemXmKi5F2a44eU6BaUDTE9JXyFUatd,extracted_texts/G06F/1020210137011.txt,1020210137011.txt,txt,extracted_texts,G06F,1020210137011,https://drive.google.com/file/d/1hsemXmKi5F2a44eU6BaUDTE9JXyFUatd/view
1FsHCVkXOnYDiFrogWVnN5JlWgwFyVWgK,extracted_texts/G06F/1020210146786.txt,1020210146786.txt,txt,extracted_texts,G06F,1020210146786,https://drive.google.com/file/d/1FsHCVkXOnYDiFrogWVnN5JlWgwFyVWgK/view
1O8rlUlO1NtfRt0tT6yorZ6OEZTjYKjIn,extracted_texts/G06F/1020210162272.txt,1020210162272.txt,txt,extracted_texts,G06F,1020210162272,https://drive.google.com/file/d/1O8rlUlO1NtfRt0tT6yorZ6OEZTjYKjIn/view
19qGucbq2zdZwNIvC5KA1LLpYKn4qF7G-,extracted_texts/G06F/1020210162275.txt,1020210162275.txt,txt,extracted_texts,G06F,1020210162275,https://drive.google.com/file/d/19qGucbq2zdZwNIvC5KA1LLpYKn4qF7G-/view
1x-A73dk51pEq1u3gWn-hCgwMkMl5d3bv,extracted_texts/G06F/1020210187390.txt,1020210187390.txt,txt,extracted_texts,G06F,1020210187390,https://drive.google.com/file/d/1x-A73dk51pEq1u3gWn-hCgwMkMl5d3bv/view
1593ofQHPG8HD7nxJJx15w2NSczt0Z218,extracted_texts/G06F/1020217006505.txt,1020217006505.txt,txt,extracted_texts,G06F,1020217006505,https://drive.google.com/file/d/1593ofQHPG8HD7nxJJx15w2NSczt0Z218/view
1cB8nrCKd9ZyYZqjJ6xZYDLbH94XZzxHS,extracted_texts/G06F/1020217010501.txt,1020217010501.txt,txt,extracted_texts,G06F,1020217010501,https://drive.google.com/file/d/1cB8nrCKd9ZyYZqjJ6xZYDLbH94XZzxHS/view
1zIRljnPcb1sd42dchJEIaQWpjMdctIhJ,extracted_texts/G06F/1020220033006.txt,1020220033006.txt,txt,extracted_texts,G06F,1020220033006,https://drive.google.com/file/d/1zIRljnPcb1sd42dchJEIaQWpjMdctIhJ/view
1AJVm3L_omgY8YiTvf9lZfRQSfklRSPN1,extracted_texts/G06F/1020220049475.txt,1020220049475.txt,txt,extracted_texts,G06F,1020220049475,https://drive.google.com/file/d/1AJVm3L_omgY8YiTvf9lZfRQSfklRSPN1/view
1BaXa6XErCZh4QLcBGOc_EcgiHQreiHqU,extracted_texts/G06F/1020220102659.txt,1020220102659.txt,txt,extracted_texts,G06F,1020220102659,https://drive.google.com/file/d/1BaXa6XErCZh4QLcBGOc_EcgiHQreiHqU/view
1NsxUVerTt-lBixmtPw6tLf8UDxXexKFz,extracted_texts/G06F/1020220103522.txt,1020220103522.txt,txt,extracted_texts,G06F,1020220103522,https://drive.google.com/file/d/1NsxUVerTt-lBixmtPw6tLf8UDxXexKFz/view
1cuvihili36kbDhDXMUtfj2WMOBZR7Wur,extracted_texts/G06F/1020220168043.txt,1020220168043.txt,txt,extracted_texts,G06F,1020220168043,https://drive.google.com/file/d/1cuvihili36kbDhDXMUtfj2WMOBZR7Wur/view
1Vb9FQK14wK4ynYiUA2ugBW6Dkx_PWDN1,extracted_texts/G06F/1020220171274.txt,1020220171274.txt,txt,extracted_texts,G06F,1020220171274,https://drive.google.com/file/d/1Vb9FQK14wK4ynYiUA2ugBW6Dkx_PWDN1/view
1xJ9Id5LXFqe2zP7v3WyAFl-wt-_V9ZIA,extracted_texts/G06F/1020220185203.txt,1020220185203.txt,txt,extracted_texts,G06F,1020220185203,https://drive.google.com/file/d/1xJ9Id5LXFqe2zP7v3WyAFl-wt-_V9ZIA/view
146Ksf1PxfTFGEujjkLjNM3kXrqn0Nkk6,extracted_texts/G06F/1020227000771.txt,1020227000771.txt,txt,extracted_texts,G06F,1020227000771,https://drive.google.com/file/d/146Ksf1PxfTFGEujjkLjNM3kXrqn0Nkk6/view
1rDEOnnH9L0-JuQAbKxk_wS7rAhOEqwsg,extracted_texts/G06F/1020227032359.txt,1020227032359.txt,txt,extracted_texts,G06F,1020227032359,https://drive.google.com/file/d/1rDEOnnH9L0-JuQAbKxk_wS7rAhOEqwsg/view
1eq2rwOTtUlEuBZspQlr5kXEqGkrl9J3J,extracted_texts/G06F/1020230017894.txt,1020230017894.txt,txt,extracted_texts,G06F,1020230017894,https://drive.google.com/file/d/1eq2rwOTtUlEuBZspQlr5kXEqGkrl9J3J/view
15CsKnLjQibKlNqfNdeotHI9Dz4GQMmaw,extracted_texts/G06F/1020230035760.txt,1020230035760.txt,txt,extracted_texts,G06F,1020230035760,https://drive.google.com/file/d/15CsKnLjQibKlNqfNdeotHI9Dz4GQMmaw/view
1WLRgNmGatDeQdKrCgPRV-_qzrGxDRYVi,extracted_texts/G06F/1020230041438.txt,1020230041438.txt,txt,extracted_texts,G06F,1020230041438,https://drive.google.com/file/d/1WLRgNmGatDeQdKrCgPRV-_qzrGxDRYVi/view
18I9aFKeeK_D2qMQI7UZ3WnRIVtdmS50b,extracted_texts/G06F/1020230059664.txt,1020230059664.txt,txt,extracted_texts,G06F,1020230059664,https://drive.google.com/file/d/18I9aFKeeK_D2qMQI7UZ3WnRIVtdmS50b/view
1nZ0EPydalEjuEOdu_QcksvTbOWKXT4mr,extracted_texts/G06F/1020230060320.txt,1020230060320.txt,txt,extracted_texts,G06F,1020230060320,https://drive.google.com/file/d/1nZ0EPydalEjuEOdu_QcksvTbOWKXT4mr/view
1bfIIJfTRQrhybXLxU1DPOpjENpAC5Tux,extracted_texts/G06F/1020230101200.txt,1020230101200.txt,txt,extracted_texts,G06F,1020230101200,https://drive.google.com/file/d/1bfIIJfTRQrhybXLxU1DPOpjENpAC5Tux/view
17eJvX3Ld6t63JcNOZtJVKA-kOjPaCAlf,extracted_texts/G06F/1020230133641.txt,1020230133641.txt,txt,extracted_texts,G06F,1020230133641,https://drive.google.com/file/d/17eJvX3Ld6t63JcNOZtJVKA-kOjPaCAlf/view
12P96JtpI8rsWP8viBOoKv6wykfGCsgW4,extracted_texts/G06F/1020230153895.txt,1020230153895.txt,txt,extracted_texts,G06F,1020230153895,https://drive.google.com/file/d/12P96JtpI8rsWP8viBOoKv6wykfGCsgW4/view
1uzRlie6X-HMGA6xCNwKXUvRl8bVbUC85,extracted_texts/G06F/1020237023329.txt,1020237023329.txt,txt,extracted_texts,G06F,1020237023329,https://drive.google.com/file/d/1uzRlie6X-HMGA6xCNwKXUvRl8bVbUC85/view
15qat6FO-3WLa1NPeersXBONkfQxJ5xSg,extracted_texts/G06F/1020237024663.txt,1020237024663.txt,txt,extracted_texts,G06F,1020237024663,https://drive.google.com/file/d/15qat6FO-3WLa1NPeersXBONkfQxJ5xSg/view
12ePI60rSUfp0NjKMLc72-TU33NZxTa68,extracted_texts/G06F/1020240064459.txt,1020240064459.txt,txt,extracted_texts,G06F,1020240064459,https://drive.google.com/file/d/12ePI60rSUfp0NjKMLc72-TU33NZxTa68/view
1iGFe3cj8IyIgdQ3NyPtgCaHpDF0a0-IO,extracted_texts/G06F/1020240101366.txt,1020240101366.txt,txt,extracted_texts,G06F,1020240101366,https://drive.google.com/file/d/1iGFe3cj8IyIgdQ3NyPtgCaHpDF0a0-IO/view
1b9jvHhBN8ZR--HNsYcXmgKN64CNkhWon,extracted_texts/G06F/1020240108647.txt,1020240108647.txt,txt,extracted_texts,G06F,1020240108647,https://drive.google.com/file/d/1b9jvHhBN8ZR--HNsYcXmgKN64CNkhWon/view
1O-DWgBtVldo1rsyU-z3sNrW99G20C2Yb,extracted_texts/G06F/1020240128600.txt,1020240128600.txt,txt,extracted_texts,G06F,1020240128600,https://drive.google.com/file/d/1O-DWgBtVldo1rsyU-z3sNrW99G20C2Yb/view
1_b9XbC9Nm2Rk95Dni_8uu4Dbx6Y4C7Uo,extracted_texts/G06F/1020240128601.txt,1020240128601.txt,txt,extracted_texts,G06F,1020240128601,https://drive.google.com/file/d/1_b9XbC9Nm2Rk95Dni_8uu4Dbx6Y4C7Uo/view
1FL9v_aUHReu0wXtAHIZMHD45_ZZl-556,extracted_texts/G06F/1020240136655.txt,1020240136655.txt,txt,extracted_texts,G06F,1020240136655,https://drive.google.com/file/d/1FL9v_aUHReu0wXtAHIZMHD45_ZZl-556/view
1rl-tZ1M4U-zW8Mc4JZ_CeMoDNxEeAACn,extracted_texts/G06F/1020240155799.txt,1020240155799.txt,txt,extracted_texts,G06F,1020240155799,https://drive.google.com/file/d/1rl-tZ1M4U-zW8Mc4JZ_CeMoDNxEeAACn/view
1Q8OM_MiDtHegVn5h41gyfEkuogpqwv9E,extracted_texts/G06F/1020240163492.txt,1020240163492.txt,txt,extracted_texts,G06F,1020240163492,https://drive.google.com/file/d/1Q8OM_MiDtHegVn5h41gyfEkuogpqwv9E/view
1vnoSUd-IdogEiz9y0_uSIUdVMqFKPCkA,extracted_texts/G06F/1020250062266.txt,1020250062266.txt,txt,extracted_texts,G06F,1020250062266,https://drive.google.com/file/d/1vnoSUd-IdogEiz9y0_uSIUdVMqFKPCkA/view
1K7xcTB5tNw2YkKBZOqIoWHP6-VAEhGDo,extracted_texts/G06F/1020250063559.txt,1020250063559.txt,txt,extracted_texts,G06F,1020250063559,https://drive.google.com/file/d/1K7xcTB5tNw2YkKBZOqIoWHP6-VAEhGDo/view
1nbaFFpu7ceRsl4WcWq1Dy60ec4Smh9Dx,extracted_texts/G06F/1020250074382.txt,1020250074382.txt,txt,extracted_texts,G06F,1020250074382,https://drive.google.com/file/d/1nbaFFpu7ceRsl4WcWq1Dy60ec4Smh9Dx/view
1E1yPVeI1D4l-FkZyITWQnjkRMYeWX0y7,extracted_texts/G06F/1020250090654.txt,1020250090654.txt,txt,extracted_texts,G06F,1020250090654,https://drive.google.com/file/d/1E1yPVeI1D4l-FkZyITWQnjkRMYeWX0y7/view
1kWLlau1HXvIMVPBmVrn6R-1yCxv3Mjz9,extracted_texts/G06F/1020250096152.txt,1020250096152.txt,txt,extracted_texts,G06F,1020250096152,https://drive.google.com/file/d/1kWLlau1HXvIMVPBmVrn6R-1yCxv3Mjz9/view
1060LdZajKNj6wBoGQr06J6t0X-TIKnlw,extracted_texts/G06F/1020250102666.txt,1020250102666.txt,txt,extracted_texts,G06F,1020250102666,https://drive.google.com/file/d/1060LdZajKNj6wBoGQr06J6t0X-TIKnlw/view
19EBKEfQFi0Or71NuexuM3XObT4L1HZUa,extracted_texts/G06F/1020250124101.txt,1020250124101.txt,txt,extracted_texts,G06F,1020250124101,https://drive.google.com/file/d/19EBKEfQFi0Or71NuexuM3XObT4L1HZUa/view
1b5RcJz8wx3lpzMhgGvOd16j4vnfwsiYm,extracted_texts/G06F/1020250154311.txt,1020250154311.txt,txt,extracted_texts,G06F,1020250154311,https://drive.google.com/file/d/1b5RcJz8wx3lpzMhgGvOd16j4vnfwsiYm/view
1S0gCLB-Wluv_b1LDl99W9ymNJxDxmeDe,extracted_texts/G06F/1020250193994.txt,1020250193994.txt,txt,extracted_texts,G06F,1020250193994,https://drive.google.com/file/d/1S0gCLB-Wluv_b1LDl99W9ymNJxDxmeDe/view
1M60PrsRUqy9k-EY1iKrGeKF_gqQIttTU,extracted_texts/G06N/1020170003348.txt,1020170003348.txt,txt,extracted_texts,G06N,1020170003348,https://drive.google.com/file/d/1M60PrsRUqy9k-EY1iKrGeKF_gqQIttTU/view
1jT2SA43iHYDJz080QQapKkqnKCGizZSf,extracted_texts/G06N/1020170054474.txt,1020170054474.txt,txt,extracted_texts,G06N,1020170054474,https://drive.google.com/file/d/1jT2SA43iHYDJz080QQapKkqnKCGizZSf/view
1S4Q75iC_2hhhaCN4j-wGB19rdKXl-hJ4,extracted_texts/G06N/1020170083779.txt,1020170083779.txt,txt,extracted_texts,G06N,1020170083779,https://drive.google.com/file/d/1S4Q75iC_2hhhaCN4j-wGB19rdKXl-hJ4/view
1xcROa3xdAWxYF67yNnvPYeX0ZV-YkXTs,extracted_texts/G06N/1020170097848.txt,1020170097848.txt,txt,extracted_texts,G06N,1020170097848,https://drive.google.com/file/d/1xcROa3xdAWxYF67yNnvPYeX0ZV-YkXTs/view
17FD8AkqWLohHy_NccHB6nFbBP86unP4O,extracted_texts/G06N/1020170122363.txt,1020170122363.txt,txt,extracted_texts,G06N,1020170122363,https://drive.google.com/file/d/17FD8AkqWLohHy_NccHB6nFbBP86unP4O/view
1_ryXZvl3TUbJjcAl8-xYeDE64h9xVcaQ,extracted_texts/G06N/1020170144234.txt,1020170144234.txt,txt,extracted_texts,G06N,1020170144234,https://drive.google.com/file/d/1_ryXZvl3TUbJjcAl8-xYeDE64h9xVcaQ/view
1wINr3EjAgvTBDMwovFWaMf7YJQToU_JN,extracted_texts/G06N/1020170155897.txt,1020170155897.txt,txt,extracted_texts,G06N,1020170155897,https://drive.google.com/file/d/1wINr3EjAgvTBDMwovFWaMf7YJQToU_JN/view
1l5So6tHeedBFsIk8qWmdNShu8_8e5GIs,extracted_texts/G06N/1020177006950.txt,1020177006950.txt,txt,extracted_texts,G06N,1020177006950,https://drive.google.com/file/d/1l5So6tHeedBFsIk8qWmdNShu8_8e5GIs/view
1Uxjf4WeHNEd5HVAvJP5TM9eEAQrFn1Mo,extracted_texts/G06N/1020180025971.txt,1020180025971.txt,txt,extracted_texts,G06N,1020180025971,https://drive.google.com/file/d/1Uxjf4WeHNEd5HVAvJP5TM9eEAQrFn1Mo/view
11Myw7EeVzrnoXmfuFCIHr59ZbcE-fxv9,extracted_texts/G06N/1020180031088.txt,1020180031088.txt,txt,extracted_texts,G06N,1020180031088,https://drive.google.com/file/d/11Myw7EeVzrnoXmfuFCIHr59ZbcE-fxv9/view
1iChG0wHsbv3lPjqfSAbS966y4ZBViqq9,extracted_texts/G06N/1020180063015.txt,1020180063015.txt,txt,extracted_texts,G06N,1020180063015,https://drive.google.com/file/d/1iChG0wHsbv3lPjqfSAbS966y4ZBViqq9/view
1p7WJqHNN4fR7tTn-EFFhojveurDNh01H,extracted_texts/G06N/1020180116750.txt,1020180116750.txt,txt,extracted_texts,G06N,1020180116750,https://drive.google.com/file/d/1p7WJqHNN4fR7tTn-EFFhojveurDNh01H/view
13Hp8F1tOknE_QUsIckFo6kDcOdZfgSpJ,extracted_texts/G06N/1020180123300.txt,1020180123300.txt,txt,extracted_texts,G06N,1020180123300,https://drive.google.com/file/d/13Hp8F1tOknE_QUsIckFo6kDcOdZfgSpJ/view
1uoso_MeFyu6XXo30I8CxugZon0ChUIU3,extracted_texts/G06N/1020180125990.txt,1020180125990.txt,txt,extracted_texts,G06N,1020180125990,https://drive.google.com/file/d/1uoso_MeFyu6XXo30I8CxugZon0ChUIU3/view
1clJShs4jYkLSYDZ_PSfe5AJUr7jMujAT,extracted_texts/G06N/1020187037824.txt,1020187037824.txt,txt,extracted_texts,G06N,1020187037824,https://drive.google.com/file/d/1clJShs4jYkLSYDZ_PSfe5AJUr7jMujAT/view
1HcHq32AT0nQMbuNBzGj5YO-gN_nuNmUr,extracted_texts/G06N/1020190090963.txt,1020190090963.txt,txt,extracted_texts,G06N,1020190090963,https://drive.google.com/file/d/1HcHq32AT0nQMbuNBzGj5YO-gN_nuNmUr/view
1nmwqLjNbnhOUJz2cnFrPKg_OR-itt6ij,extracted_texts/G06N/1020190093807.txt,1020190093807.txt,txt,extracted_texts,G06N,1020190093807,https://drive.google.com/file/d/1nmwqLjNbnhOUJz2cnFrPKg_OR-itt6ij/view
1M-CYryA0qqh6JDH1X14KLU8b8vxZCZPE,extracted_texts/G06N/1020190098351.txt,1020190098351.txt,txt,extracted_texts,G06N,1020190098351,https://drive.google.com/file/d/1M-CYryA0qqh6JDH1X14KLU8b8vxZCZPE/view
1XIlJu3xQdPctxeP63GyPt9cMha7PqiPY,extracted_texts/G06N/1020190101984.txt,1020190101984.txt,txt,extracted_texts,G06N,1020190101984,https://drive.google.com/file/d/1XIlJu3xQdPctxeP63GyPt9cMha7PqiPY/view
1eCbiggJQGKl5E62OsLp8dFYjrXi5QacG,extracted_texts/G06N/1020190164745.txt,1020190164745.txt,txt,extracted_texts,G06N,1020190164745,https://drive.google.com/file/d/1eCbiggJQGKl5E62OsLp8dFYjrXi5QacG/view
1pHSOzx0ifSgh7V81m-M32kIT0VaFbIHr,extracted_texts/G06N/1020197012085.txt,1020197012085.txt,txt,extracted_texts,G06N,1020197012085,https://drive.google.com/file/d/1pHSOzx0ifSgh7V81m-M32kIT0VaFbIHr/view
1krnlyNR0DQa32B0ldHKIQ11DAxBGRjkQ,extracted_texts/G06N/1020197013953.txt,1020197013953.txt,txt,extracted_texts,G06N,1020197013953,https://drive.google.com/file/d/1krnlyNR0DQa32B0ldHKIQ11DAxBGRjkQ/view
1Zs4IPDGgODWYWvBQdqLTAh_kUgMi9JoY,extracted_texts/G06N/1020197015991.txt,1020197015991.txt,txt,extracted_texts,G06N,1020197015991,https://drive.google.com/file/d/1Zs4IPDGgODWYWvBQdqLTAh_kUgMi9JoY/view
1xW8XBEHXMIAWKTyar8mL2RwxKIq57GZq,extracted_texts/G06N/1020197026115.txt,1020197026115.txt,txt,extracted_texts,G06N,1020197026115,https://drive.google.com/file/d/1xW8XBEHXMIAWKTyar8mL2RwxKIq57GZq/view
1a1G6K2NU5BZScvDURJmM-FoWVhaUDWV_,extracted_texts/G06N/1020197037891.txt,1020197037891.txt,txt,extracted_texts,G06N,1020197037891,https://drive.google.com/file/d/1a1G6K2NU5BZScvDURJmM-FoWVhaUDWV_/view
1H4PSjkEUoM6epED_wBH8GizRugmL0puj,extracted_texts/G06N/1020200001714.txt,1020200001714.txt,txt,extracted_texts,G06N,1020200001714,https://drive.google.com/file/d/1H4PSjkEUoM6epED_wBH8GizRugmL0puj/view
1xIQTjQMHOaGS3reoos9bb51Debq4c6Lh,extracted_texts/G06N/1020200001729.txt,1020200001729.txt,txt,extracted_texts,G06N,1020200001729,https://drive.google.com/file/d/1xIQTjQMHOaGS3reoos9bb51Debq4c6Lh/view
1QXCpa0iqWIPZaFXHhfTVMOg3EwuGkMQQ,extracted_texts/G06N/1020200004518.txt,1020200004518.txt,txt,extracted_texts,G06N,1020200004518,https://drive.google.com/file/d/1QXCpa0iqWIPZaFXHhfTVMOg3EwuGkMQQ/view
1Ase_lLwWT5ILhkIszAMQSxXUaJdLsRB9,extracted_texts/G06N/1020200059705.txt,1020200059705.txt,txt,extracted_texts,G06N,1020200059705,https://drive.google.com/file/d/1Ase_lLwWT5ILhkIszAMQSxXUaJdLsRB9/view
1IeerLF86CvD6tsSXGZrm4z3Q9JQY1Ntc,extracted_texts/G06N/1020200092399.txt,1020200092399.txt,txt,extracted_texts,G06N,1020200092399,https://drive.google.com/file/d/1IeerLF86CvD6tsSXGZrm4z3Q9JQY1Ntc/view
1UOaFUbFmWAJAXK_RzdWsS1LRsytqt0_y,extracted_texts/G06N/1020200093243.txt,1020200093243.txt,txt,extracted_texts,G06N,1020200093243,https://drive.google.com/file/d/1UOaFUbFmWAJAXK_RzdWsS1LRsytqt0_y/view
1_2s6gaURZ4V-1yrdqglRPW_2G0cF3RT8,extracted_texts/G06N/1020200103968.txt,1020200103968.txt,txt,extracted_texts,G06N,1020200103968,https://drive.google.com/file/d/1_2s6gaURZ4V-1yrdqglRPW_2G0cF3RT8/view
1imoXfJ09S9qhJOR5bgmPr7NKLPS-NOGG,extracted_texts/G06N/1020200120202.txt,1020200120202.txt,txt,extracted_texts,G06N,1020200120202,https://drive.google.com/file/d/1imoXfJ09S9qhJOR5bgmPr7NKLPS-NOGG/view
1bM91iD40d4Mv94YAv3Alm869ZWPdugL8,extracted_texts/G06N/1020200126707.txt,1020200126707.txt,txt,extracted_texts,G06N,1020200126707,https://drive.google.com/file/d/1bM91iD40d4Mv94YAv3Alm869ZWPdugL8/view
1RAxxuxneyZYp8zu6Y7NCb3UwDBBrr6id,extracted_texts/G06N/1020200148939.txt,1020200148939.txt,txt,extracted_texts,G06N,1020200148939,https://drive.google.com/file/d/1RAxxuxneyZYp8zu6Y7NCb3UwDBBrr6id/view
10LMs43nlTw1VeRBpLVcN0MHZ75tEZXkt,extracted_texts/G06N/1020200161286.txt,1020200161286.txt,txt,extracted_texts,G06N,1020200161286,https://drive.google.com/file/d/10LMs43nlTw1VeRBpLVcN0MHZ75tEZXkt/view
1wqxppFsqH-yJdr-VpagJa-KELrDoTc_d,extracted_texts/G06N/1020200163675.txt,1020200163675.txt,txt,extracted_texts,G06N,1020200163675,https://drive.google.com/file/d/1wqxppFsqH-yJdr-VpagJa-KELrDoTc_d/view
117FkXerDc5lcz6Yan05eOPj9lnNsN0aI,extracted_texts/G06N/1020200168183.txt,1020200168183.txt,txt,extracted_texts,G06N,1020200168183,https://drive.google.com/file/d/117FkXerDc5lcz6Yan05eOPj9lnNsN0aI/view
1c7BB6OsRWRvhjUIxKS-YOXRLrj73h2ai,extracted_texts/G06N/1020207004284.txt,1020207004284.txt,txt,extracted_texts,G06N,1020207004284,https://drive.google.com/file/d/1c7BB6OsRWRvhjUIxKS-YOXRLrj73h2ai/view
1iBFsso_5SsNG9Yj5w7FJvvrxPGQmoIVT,extracted_texts/G06N/1020207014462.txt,1020207014462.txt,txt,extracted_texts,G06N,1020207014462,https://drive.google.com/file/d/1iBFsso_5SsNG9Yj5w7FJvvrxPGQmoIVT/view
1hubheVwNnBkqb27upglV0h9dWExEg-5b,extracted_texts/G06N/1020207018024.txt,1020207018024.txt,txt,extracted_texts,G06N,1020207018024,https://drive.google.com/file/d/1hubheVwNnBkqb27upglV0h9dWExEg-5b/view
1Gzx1y6lTWeC7JBYFyGPQYk-Y5w2Kf-lM,extracted_texts/G06N/1020207024742.txt,1020207024742.txt,txt,extracted_texts,G06N,1020207024742,https://drive.google.com/file/d/1Gzx1y6lTWeC7JBYFyGPQYk-Y5w2Kf-lM/view
1Lxwshwfv_f6TEPVuqr6XcwypWuZ3XA2v,extracted_texts/G06N/1020207032320.txt,1020207032320.txt,txt,extracted_texts,G06N,1020207032320,https://drive.google.com/file/d/1Lxwshwfv_f6TEPVuqr6XcwypWuZ3XA2v/view
1zY0PU9a1sYqOFixbTl9uDSpSgA2yOl9j,extracted_texts/G06N/1020207035843.txt,1020207035843.txt,txt,extracted_texts,G06N,1020207035843,https://drive.google.com/file/d/1zY0PU9a1sYqOFixbTl9uDSpSgA2yOl9j/view
18vk3JE27j8gVK6rGUQKfbuJEYm6ot8sb,extracted_texts/G06N/1020207035844.txt,1020207035844.txt,txt,extracted_texts,G06N,1020207035844,https://drive.google.com/file/d/18vk3JE27j8gVK6rGUQKfbuJEYm6ot8sb/view
1OcGyDarNRYWF63JKbKgc95tMVbVb_eWb,extracted_texts/G06N/1020207035847.txt,1020207035847.txt,txt,extracted_texts,G06N,1020207035847,https://drive.google.com/file/d/1OcGyDarNRYWF63JKbKgc95tMVbVb_eWb/view
1PLQEErCQOf_I2vPoeQNKKuR62foxE8B2,extracted_texts/G06N/1020207036632.txt,1020207036632.txt,txt,extracted_texts,G06N,1020207036632,https://drive.google.com/file/d/1PLQEErCQOf_I2vPoeQNKKuR62foxE8B2/view
1jFK4Qs-pelWO9jWnZKABzBsrwvX6v6RB,extracted_texts/G06N/1020210037975.txt,1020210037975.txt,txt,extracted_texts,G06N,1020210037975,https://drive.google.com/file/d/1jFK4Qs-pelWO9jWnZKABzBsrwvX6v6RB/view
1LcdWhmtWvbudCdRmDpF-pphAL46EmwtV,extracted_texts/G06N/1020210046441.txt,1020210046441.txt,txt,extracted_texts,G06N,1020210046441,https://drive.google.com/file/d/1LcdWhmtWvbudCdRmDpF-pphAL46EmwtV/view
1ZdqSXY8Cpmi7ZsOVDq9dk0G1oDLRMjyb,extracted_texts/G06N/1020210057704.txt,1020210057704.txt,txt,extracted_texts,G06N,1020210057704,https://drive.google.com/file/d/1ZdqSXY8Cpmi7ZsOVDq9dk0G1oDLRMjyb/view
123ybM0GUYeTLfpsi_VVNO80WMOAW29iO,extracted_texts/G06N/1020210068892.txt,1020210068892.txt,txt,extracted_texts,G06N,1020210068892,https://drive.google.com/file/d/123ybM0GUYeTLfpsi_VVNO80WMOAW29iO/view
1Ln5DasZskILPbrAqjAoNwC8tz3fphmPb,extracted_texts/G06N/1020210085431.txt,1020210085431.txt,txt,extracted_texts,G06N,1020210085431,https://drive.google.com/file/d/1Ln5DasZskILPbrAqjAoNwC8tz3fphmPb/view
1F7MvQSER5LjjfB-ipKrhO2CXcy_mG-Ek,extracted_texts/G06N/1020210085762.txt,1020210085762.txt,txt,extracted_texts,G06N,1020210085762,https://drive.google.com/file/d/1F7MvQSER5LjjfB-ipKrhO2CXcy_mG-Ek/view
1O4CkUYlWacxjZe0ZmaR1mHeo73aEQN7u,extracted_texts/G06N/1020210112340.txt,1020210112340.txt,txt,extracted_texts,G06N,1020210112340,https://drive.google.com/file/d/1O4CkUYlWacxjZe0ZmaR1mHeo73aEQN7u/view
1FpVmL5qrMBushKtKMmynMgjQDYORcKkp,extracted_texts/G06N/1020210117172.txt,1020210117172.txt,txt,extracted_texts,G06N,1020210117172,https://drive.google.com/file/d/1FpVmL5qrMBushKtKMmynMgjQDYORcKkp/view
15oYPB86hBOZ6h6ZBMN3LPJJxaPcZlpvI,extracted_texts/G06N/1020210127454.txt,1020210127454.txt,txt,extracted_texts,G06N,1020210127454,https://drive.google.com/file/d/15oYPB86hBOZ6h6ZBMN3LPJJxaPcZlpvI/view
1coDkyndcgirAwnh7HqlEhcpHdBY_FHz4,extracted_texts/G06N/1020210134063.txt,1020210134063.txt,txt,extracted_texts,G06N,1020210134063,https://drive.google.com/file/d/1coDkyndcgirAwnh7HqlEhcpHdBY_FHz4/view
1YvshWPDAtHM-QQRlPA_itxQAbGEvH2T6,extracted_texts/G06N/1020210154767.txt,1020210154767.txt,txt,extracted_texts,G06N,1020210154767,https://drive.google.com/file/d/1YvshWPDAtHM-QQRlPA_itxQAbGEvH2T6/view
1Ll_5p__rGAv_kt0kU-cpXXsLuveD7GSX,extracted_texts/G06N/1020210161676.txt,1020210161676.txt,txt,extracted_texts,G06N,1020210161676,https://drive.google.com/file/d/1Ll_5p__rGAv_kt0kU-cpXXsLuveD7GSX/view
1gL-sD23oz0R11OQ2FVE2eL5qA11j7s74,extracted_texts/G06N/1020210168032.txt,1020210168032.txt,txt,extracted_texts,G06N,1020210168032,https://drive.google.com/file/d/1gL-sD23oz0R11OQ2FVE2eL5qA11j7s74/view
1aOW8fr0BC8L3iTUYg4OefU_-17MVQE5N,extracted_texts/G06N/1020210168628.txt,1020210168628.txt,txt,extracted_texts,G06N,1020210168628,https://drive.google.com/file/d/1aOW8fr0BC8L3iTUYg4OefU_-17MVQE5N/view
174L8KKUFoiEhCsOEtRjz-HRVDqMXWohP,extracted_texts/G06N/1020210171633.txt,1020210171633.txt,txt,extracted_texts,G06N,1020210171633,https://drive.google.com/file/d/174L8KKUFoiEhCsOEtRjz-HRVDqMXWohP/view
1ISze2cSjDqhnLyqOtOEjg327m5fa5gD1,extracted_texts/G06N/1020210172385.txt,1020210172385.txt,txt,extracted_texts,G06N,1020210172385,https://drive.google.com/file/d/1ISze2cSjDqhnLyqOtOEjg327m5fa5gD1/view
1_3JyM43zfMGK8N5yCJp3nLnDPgwgUB2Q,extracted_texts/G06N/1020217011467.txt,1020217011467.txt,txt,extracted_texts,G06N,1020217011467,https://drive.google.com/file/d/1_3JyM43zfMGK8N5yCJp3nLnDPgwgUB2Q/view
1qcu4VA3aLOCzg6nmHwI7p3cPDiFZgh_9,extracted_texts/G06N/1020217017878.txt,1020217017878.txt,txt,extracted_texts,G06N,1020217017878,https://drive.google.com/file/d/1qcu4VA3aLOCzg6nmHwI7p3cPDiFZgh_9/view
1fb0UrHIghNu4ikPAkDoit60Kyry0S0T1,extracted_texts/G06N/1020217018412.txt,1020217018412.txt,txt,extracted_texts,G06N,1020217018412,https://drive.google.com/file/d/1fb0UrHIghNu4ikPAkDoit60Kyry0S0T1/view
1fNJr8tOYjduMPwUiD71Rvk_xwa3IpVn_,extracted_texts/G06N/1020217023623.txt,1020217023623.txt,txt,extracted_texts,G06N,1020217023623,https://drive.google.com/file/d/1fNJr8tOYjduMPwUiD71Rvk_xwa3IpVn_/view
143a-IxWOBj62RsqkqhFEbBL74YH-yQMe,extracted_texts/G06N/1020217026855.txt,1020217026855.txt,txt,extracted_texts,G06N,1020217026855,https://drive.google.com/file/d/143a-IxWOBj62RsqkqhFEbBL74YH-yQMe/view
1UWrJbSk46-qWmK7ZNdu9LU6jbieT1JQ-,extracted_texts/G06N/1020217028715.txt,1020217028715.txt,txt,extracted_texts,G06N,1020217028715,https://drive.google.com/file/d/1UWrJbSk46-qWmK7ZNdu9LU6jbieT1JQ-/view
1E52Zjf8cQyMWAnuHdijrBRDthZHhUOlu,extracted_texts/G06N/1020217033033.txt,1020217033033.txt,txt,extracted_texts,G06N,1020217033033,https://drive.google.com/file/d/1E52Zjf8cQyMWAnuHdijrBRDthZHhUOlu/view
1L4e_sofYfmjdr9ejNtI6Z-d7OcVHkLe2,extracted_texts/G06N/1020220002231.txt,1020220002231.txt,txt,extracted_texts,G06N,1020220002231,https://drive.google.com/file/d/1L4e_sofYfmjdr9ejNtI6Z-d7OcVHkLe2/view
1jZM0FxuvsiwTmMpdDXSNf3qvE9sgpK_g,extracted_texts/G06N/1020220002232.txt,1020220002232.txt,txt,extracted_texts,G06N,1020220002232,https://drive.google.com/file/d/1jZM0FxuvsiwTmMpdDXSNf3qvE9sgpK_g/view
1vgihvrGzd77Yn-by3k4i1cIWHrpojXOr,extracted_texts/G06N/1020220002233.txt,1020220002233.txt,txt,extracted_texts,G06N,1020220002233,https://drive.google.com/file/d/1vgihvrGzd77Yn-by3k4i1cIWHrpojXOr/view
1w52gprJhORajqlaE_CcsNObLKqK1_rvU,extracted_texts/G06N/1020220026671.txt,1020220026671.txt,txt,extracted_texts,G06N,1020220026671,https://drive.google.com/file/d/1w52gprJhORajqlaE_CcsNObLKqK1_rvU/view
1R1jhNZoOa8VnMXYzMtfbndodmefLvHpQ,extracted_texts/G06N/1020220032074.txt,1020220032074.txt,txt,extracted_texts,G06N,1020220032074,https://drive.google.com/file/d/1R1jhNZoOa8VnMXYzMtfbndodmefLvHpQ/view
1JPUrvLQuGMfeWK2n6v4VzYEiik0Bx2vs,extracted_texts/G06N/1020220033925.txt,1020220033925.txt,txt,extracted_texts,G06N,1020220033925,https://drive.google.com/file/d/1JPUrvLQuGMfeWK2n6v4VzYEiik0Bx2vs/view
1gIx-9njUWww-G0-uNC6rQ8AcgzgszU3q,extracted_texts/G06N/1020220057805.txt,1020220057805.txt,txt,extracted_texts,G06N,1020220057805,https://drive.google.com/file/d/1gIx-9njUWww-G0-uNC6rQ8AcgzgszU3q/view
1KCFUdSqURxoJxvDpgr1R31SspY4R2PEY,extracted_texts/G06N/1020220071866.txt,1020220071866.txt,txt,extracted_texts,G06N,1020220071866,https://drive.google.com/file/d/1KCFUdSqURxoJxvDpgr1R31SspY4R2PEY/view
1M0VnoQuXHZON-niIFCnlvNbM9EfqD_r2,extracted_texts/G06N/1020220072515.txt,1020220072515.txt,txt,extracted_texts,G06N,1020220072515,https://drive.google.com/file/d/1M0VnoQuXHZON-niIFCnlvNbM9EfqD_r2/view
1F3wZ8WR590m34z29VbNSPDl_-f6qFwLF,extracted_texts/G06N/1020220084314.txt,1020220084314.txt,txt,extracted_texts,G06N,1020220084314,https://drive.google.com/file/d/1F3wZ8WR590m34z29VbNSPDl_-f6qFwLF/view
13PW5lHPVZUMWbs2YVjIbDpiMbaqSJiIs,extracted_texts/G06N/1020220088711.txt,1020220088711.txt,txt,extracted_texts,G06N,1020220088711,https://drive.google.com/file/d/13PW5lHPVZUMWbs2YVjIbDpiMbaqSJiIs/view
1oHnxG-NnHQoKbe3fvjOdnCfl9JlicT-T,extracted_texts/G06N/1020220090887.txt,1020220090887.txt,txt,extracted_texts,G06N,1020220090887,https://drive.google.com/file/d/1oHnxG-NnHQoKbe3fvjOdnCfl9JlicT-T/view
12OsBDE2KpPsm1gEAnrR4BZ4cPnWvVS8M,extracted_texts/G06N/1020220091980.txt,1020220091980.txt,txt,extracted_texts,G06N,1020220091980,https://drive.google.com/file/d/12OsBDE2KpPsm1gEAnrR4BZ4cPnWvVS8M/view
1HJX5VIGGFj9Pl2imZPPFLf_K1FrxNLB_,extracted_texts/G06N/1020220104033.txt,1020220104033.txt,txt,extracted_texts,G06N,1020220104033,https://drive.google.com/file/d/1HJX5VIGGFj9Pl2imZPPFLf_K1FrxNLB_/view
1eq12fYAKzcs2ol8qW0fUlX3J2kqmkn6c,extracted_texts/G06N/1020220104321.txt,1020220104321.txt,txt,extracted_texts,G06N,1020220104321,https://drive.google.com/file/d/1eq12fYAKzcs2ol8qW0fUlX3J2kqmkn6c/view
1_rksg0r9IRvZNg6EXPp6SJI6rf4BDR8D,extracted_texts/G06N/1020220126844.txt,1020220126844.txt,txt,extracted_texts,G06N,1020220126844,https://drive.google.com/file/d/1_rksg0r9IRvZNg6EXPp6SJI6rf4BDR8D/view
1ceshtDzah13zsPaiRkO1EEtTX2AaIXYt,extracted_texts/G06N/1020220129423.txt,1020220129423.txt,txt,extracted_texts,G06N,1020220129423,https://drive.google.com/file/d/1ceshtDzah13zsPaiRkO1EEtTX2AaIXYt/view
1UgYDfAU5ES6tsU1a9JBxFAK99nzJ916u,extracted_texts/G06N/1020220131207.txt,1020220131207.txt,txt,extracted_texts,G06N,1020220131207,https://drive.google.com/file/d/1UgYDfAU5ES6tsU1a9JBxFAK99nzJ916u/view
1s-GTenVDzHnqVEEuNWsbZr5sfwQAYvdZ,extracted_texts/G06N/1020220140197.txt,1020220140197.txt,txt,extracted_texts,G06N,1020220140197,https://drive.google.com/file/d/1s-GTenVDzHnqVEEuNWsbZr5sfwQAYvdZ/view
1qs8UhLM3m9ory9h_DrLTgm8msziqvbyA,extracted_texts/G06N/1020220147688.txt,1020220147688.txt,txt,extracted_texts,G06N,1020220147688,https://drive.google.com/file/d/1qs8UhLM3m9ory9h_DrLTgm8msziqvbyA/view
1VsuhMNc00m1nTK7ObwOtf0Ij0fk6sKYK,extracted_texts/G06N/1020220148408.txt,1020220148408.txt,txt,extracted_texts,G06N,1020220148408,https://drive.google.com/file/d/1VsuhMNc00m1nTK7ObwOtf0Ij0fk6sKYK/view
1Jdf2Nrd1FQX2z6qZq0IwXHV6qxcjF780,extracted_texts/G06N/1020227000401.txt,1020227000401.txt,txt,extracted_texts,G06N,1020227000401,https://drive.google.com/file/d/1Jdf2Nrd1FQX2z6qZq0IwXHV6qxcjF780/view
1XPw4tNmgAZHLWHqFmZNzhAf3LKHA00Wp,extracted_texts/G06N/1020227008374.txt,1020227008374.txt,txt,extracted_texts,G06N,1020227008374,https://drive.google.com/file/d/1XPw4tNmgAZHLWHqFmZNzhAf3LKHA00Wp/view
1nITnauiYg_APwrlN38JhBOKMRvmSXfSR,extracted_texts/G06N/1020227008703.txt,1020227008703.txt,txt,extracted_texts,G06N,1020227008703,https://drive.google.com/file/d/1nITnauiYg_APwrlN38JhBOKMRvmSXfSR/view
1OzL0NkbLLQLUDDs0Y0hrtEPku0d9VW43,extracted_texts/G06N/1020227009135.txt,1020227009135.txt,txt,extracted_texts,G06N,1020227009135,https://drive.google.com/file/d/1OzL0NkbLLQLUDDs0Y0hrtEPku0d9VW43/view
1MTgvOj4gVGEwbTIt0b3ZRgabIZJAE96K,extracted_texts/G06N/1020227009490.txt,1020227009490.txt,txt,extracted_texts,G06N,1020227009490,https://drive.google.com/file/d/1MTgvOj4gVGEwbTIt0b3ZRgabIZJAE96K/view
1UrfMnp10xCqKSL6D9Kx-JWyxCgfcXMZY,extracted_texts/G06N/1020227009700.txt,1020227009700.txt,txt,extracted_texts,G06N,1020227009700,https://drive.google.com/file/d/1UrfMnp10xCqKSL6D9Kx-JWyxCgfcXMZY/view
1XhiVTHw8XxFwsZzJ2y3WKQPhHozYqPIN,extracted_texts/G06N/1020227009936.txt,1020227009936.txt,txt,extracted_texts,G06N,1020227009936,https://drive.google.com/file/d/1XhiVTHw8XxFwsZzJ2y3WKQPhHozYqPIN/view
1s7H_TlcyLeJzAARSOJJobWnKNK1HmIIx,extracted_texts/G06N/1020227010826.txt,1020227010826.txt,txt,extracted_texts,G06N,1020227010826,https://drive.google.com/file/d/1s7H_TlcyLeJzAARSOJJobWnKNK1HmIIx/view
1T6AuBqIWBjWV6p8nd2JroOD2hD-7KvhS,extracted_texts/G06N/1020227015590.txt,1020227015590.txt,txt,extracted_texts,G06N,1020227015590,https://drive.google.com/file/d/1T6AuBqIWBjWV6p8nd2JroOD2hD-7KvhS/view
1BtRENTzGZlfVKruc9uPnpEKmd6fDJA8h,extracted_texts/G06N/1020227015892.txt,1020227015892.txt,txt,extracted_texts,G06N,1020227015892,https://drive.google.com/file/d/1BtRENTzGZlfVKruc9uPnpEKmd6fDJA8h/view
1pVyXic4VoZbjy_lgWyYw2tuBaFaqG1pz,extracted_texts/G06N/1020227017608.txt,1020227017608.txt,txt,extracted_texts,G06N,1020227017608,https://drive.google.com/file/d/1pVyXic4VoZbjy_lgWyYw2tuBaFaqG1pz/view
1MValNjNS1iqgJZdv_DMsnSFGQyIaISkW,extracted_texts/G06N/1020227026698.txt,1020227026698.txt,txt,extracted_texts,G06N,1020227026698,https://drive.google.com/file/d/1MValNjNS1iqgJZdv_DMsnSFGQyIaISkW/view
129cDfgPlQgrOK46jhFUEs3YwNVHX-vNd,extracted_texts/G06N/1020227027088.txt,1020227027088.txt,txt,extracted_texts,G06N,1020227027088,https://drive.google.com/file/d/129cDfgPlQgrOK46jhFUEs3YwNVHX-vNd/view
1pW7J0U5OP-A_ls4wtcSuFKukvUq20ksB,extracted_texts/G06N/1020230024571.txt,1020230024571.txt,txt,extracted_texts,G06N,1020230024571,https://drive.google.com/file/d/1pW7J0U5OP-A_ls4wtcSuFKukvUq20ksB/view
1QxVAYV7bjYGLcYFMWqJLUoZeEPnbMmYa,extracted_texts/G06N/1020230025066.txt,1020230025066.txt,txt,extracted_texts,G06N,1020230025066,https://drive.google.com/file/d/1QxVAYV7bjYGLcYFMWqJLUoZeEPnbMmYa/view
1YwvMhfEkltjUkuQBgd7qI3OUs3nFoty9,extracted_texts/G06N/1020230033546.txt,1020230033546.txt,txt,extracted_texts,G06N,1020230033546,https://drive.google.com/file/d/1YwvMhfEkltjUkuQBgd7qI3OUs3nFoty9/view
1okSY-VU9nXtkdpmYMk_cwfl_sAYzSSxK,extracted_texts/G06N/1020230036605.txt,1020230036605.txt,txt,extracted_texts,G06N,1020230036605,https://drive.google.com/file/d/1okSY-VU9nXtkdpmYMk_cwfl_sAYzSSxK/view
1j6hrlyizfOWcinLLNA2jmk-vea_WFmtS,extracted_texts/G06N/1020230040630.txt,1020230040630.txt,txt,extracted_texts,G06N,1020230040630,https://drive.google.com/file/d/1j6hrlyizfOWcinLLNA2jmk-vea_WFmtS/view
1jPVmCJOEq_4MDbjwxS4kxC0XpX9aefOi,extracted_texts/G06N/1020230061000.txt,1020230061000.txt,txt,extracted_texts,G06N,1020230061000,https://drive.google.com/file/d/1jPVmCJOEq_4MDbjwxS4kxC0XpX9aefOi/view
1u-97OKeil0EqDaqTFV0vA1Tas3_zMUZg,extracted_texts/G06N/1020230078104.txt,1020230078104.txt,txt,extracted_texts,G06N,1020230078104,https://drive.google.com/file/d/1u-97OKeil0EqDaqTFV0vA1Tas3_zMUZg/view
1ynTWjNB1FEpHVZXUCqpzvfwkwRcTly76,extracted_texts/G06N/1020230102592.txt,1020230102592.txt,txt,extracted_texts,G06N,1020230102592,https://drive.google.com/file/d/1ynTWjNB1FEpHVZXUCqpzvfwkwRcTly76/view
1fAMW_c-hZR1o6qmmuOKLwF2S8-egVf8T,extracted_texts/G06N/1020230118745.txt,1020230118745.txt,txt,extracted_texts,G06N,1020230118745,https://drive.google.com/file/d/1fAMW_c-hZR1o6qmmuOKLwF2S8-egVf8T/view
1HUZJPhFwRX2DGbwnqloS-8l17JFaJJrw,extracted_texts/G06N/1020230118769.txt,1020230118769.txt,txt,extracted_texts,G06N,1020230118769,https://drive.google.com/file/d/1HUZJPhFwRX2DGbwnqloS-8l17JFaJJrw/view
1Mm_NCYwqbfBjYasaHOOkZRaQGB0V8ubt,extracted_texts/G06N/1020230131860.txt,1020230131860.txt,txt,extracted_texts,G06N,1020230131860,https://drive.google.com/file/d/1Mm_NCYwqbfBjYasaHOOkZRaQGB0V8ubt/view
1Vsnli1lF2S5qQKs2BV6BIOIAtxK7Zlso,extracted_texts/G06N/1020230134631.txt,1020230134631.txt,txt,extracted_texts,G06N,1020230134631,https://drive.google.com/file/d/1Vsnli1lF2S5qQKs2BV6BIOIAtxK7Zlso/view
1tZDjTOhXl6hC9Ybznj4J_Qh9sE8k9io5,extracted_texts/G06N/1020230142119.txt,1020230142119.txt,txt,extracted_texts,G06N,1020230142119,https://drive.google.com/file/d/1tZDjTOhXl6hC9Ybznj4J_Qh9sE8k9io5/view
1c0oMrAT1Z1UX5j_UNYJLOD6EPMx9SQA6,extracted_texts/G06N/1020230150441.txt,1020230150441.txt,txt,extracted_texts,G06N,1020230150441,https://drive.google.com/file/d/1c0oMrAT1Z1UX5j_UNYJLOD6EPMx9SQA6/view
11k1m0M0vVj1Z0siT3OFvq231J2CM5I5s,extracted_texts/G06N/1020230150449.txt,1020230150449.txt,txt,extracted_texts,G06N,1020230150449,https://drive.google.com/file/d/11k1m0M0vVj1Z0siT3OFvq231J2CM5I5s/view
1kikcfUN84M8Lw10wfPIHbnORdPqC61Zt,extracted_texts/G06N/1020237000315.txt,1020237000315.txt,txt,extracted_texts,G06N,1020237000315,https://drive.google.com/file/d/1kikcfUN84M8Lw10wfPIHbnORdPqC61Zt/view
1PLO2EZv1onb-8RfOCP1DzmyymGKOnrjH,extracted_texts/G06N/1020237015600.txt,1020237015600.txt,txt,extracted_texts,G06N,1020237015600,https://drive.google.com/file/d/1PLO2EZv1onb-8RfOCP1DzmyymGKOnrjH/view
1AN6w1jllc8TTqCNWeVgTOmwtgnN7xgVj,extracted_texts/G06N/1020240026694.txt,1020240026694.txt,txt,extracted_texts,G06N,1020240026694,https://drive.google.com/file/d/1AN6w1jllc8TTqCNWeVgTOmwtgnN7xgVj/view
1pN4aoocmsKPs8Jsdbi9R3Q8jb8fSUfpy,extracted_texts/G06N/1020240058416.txt,1020240058416.txt,txt,extracted_texts,G06N,1020240058416,https://drive.google.com/file/d/1pN4aoocmsKPs8Jsdbi9R3Q8jb8fSUfpy/view
1LGl3dCiYwQbXTemVvJtmIbof8bhCjM4d,extracted_texts/G06N/1020240081489.txt,1020240081489.txt,txt,extracted_texts,G06N,1020240081489,https://drive.google.com/file/d/1LGl3dCiYwQbXTemVvJtmIbof8bhCjM4d/view
1n4z9qx50n5dA6nDl1U7Smuv7DQx3oVFD,extracted_texts/G06N/1020240138555.txt,1020240138555.txt,txt,extracted_texts,G06N,1020240138555,https://drive.google.com/file/d/1n4z9qx50n5dA6nDl1U7Smuv7DQx3oVFD/view
1ZXTkxFEEJapCTNOSxUaqCM0NeBUqoO6u,extracted_texts/G06N/1020240146684.txt,1020240146684.txt,txt,extracted_texts,G06N,1020240146684,https://drive.google.com/file/d/1ZXTkxFEEJapCTNOSxUaqCM0NeBUqoO6u/view
1bb7TVv2ExGGXP6-TVtRWtBr1Ya3gB25g,extracted_texts/G06N/1020240152277.txt,1020240152277.txt,txt,extracted_texts,G06N,1020240152277,https://drive.google.com/file/d/1bb7TVv2ExGGXP6-TVtRWtBr1Ya3gB25g/view
1wQQ6pvG3aNX04zuKDBf0au2hQwQwkSo0,extracted_texts/G06N/1020240158222.txt,1020240158222.txt,txt,extracted_texts,G06N,1020240158222,https://drive.google.com/file/d/1wQQ6pvG3aNX04zuKDBf0au2hQwQwkSo0/view
11sUvVn5BqKHAfC9IYOlhMJt19-IAC1hH,extracted_texts/G06N/1020240173044.txt,1020240173044.txt,txt,extracted_texts,G06N,1020240173044,https://drive.google.com/file/d/11sUvVn5BqKHAfC9IYOlhMJt19-IAC1hH/view
16KhLf0HkRMVPhvJAFLfSjYnGeXKnNBIx,extracted_texts/G06N/1020240196542.txt,1020240196542.txt,txt,extracted_texts,G06N,1020240196542,https://drive.google.com/file/d/16KhLf0HkRMVPhvJAFLfSjYnGeXKnNBIx/view
1LDTByORZhmXD7CdrF1gadxJBftH2-ywD,extracted_texts/G06N/1020247011628.txt,1020247011628.txt,txt,extracted_texts,G06N,1020247011628,https://drive.google.com/file/d/1LDTByORZhmXD7CdrF1gadxJBftH2-ywD/view
16Oy3HCOdVIH7XYIwshCVk9fUBIn7BZv3,extracted_texts/G06N/1020247023307.txt,1020247023307.txt,txt,extracted_texts,G06N,1020247023307,https://drive.google.com/file/d/16Oy3HCOdVIH7XYIwshCVk9fUBIn7BZv3/view
15fkuO3R9O0sA0vwrWCeKF7ZA4XStlMKF,extracted_texts/G06N/1020247023700.txt,1020247023700.txt,txt,extracted_texts,G06N,1020247023700,https://drive.google.com/file/d/15fkuO3R9O0sA0vwrWCeKF7ZA4XStlMKF/view
1Uz5qrE_3veZg84aLCde-nc4zqMPscrxu,extracted_texts/G06N/1020250027252.txt,1020250027252.txt,txt,extracted_texts,G06N,1020250027252,https://drive.google.com/file/d/1Uz5qrE_3veZg84aLCde-nc4zqMPscrxu/view
1bCk11f_ku14qyPfRmsKqZLrmWY_MPsri,extracted_texts/G06N/1020250034744.txt,1020250034744.txt,txt,extracted_texts,G06N,1020250034744,https://drive.google.com/file/d/1bCk11f_ku14qyPfRmsKqZLrmWY_MPsri/view
15VXbinDMinORgeMJ_MaAA9H2eFjP5pcU,extracted_texts/G06N/1020250045991.txt,1020250045991.txt,txt,extracted_texts,G06N,1020250045991,https://drive.google.com/file/d/15VXbinDMinORgeMJ_MaAA9H2eFjP5pcU/view
1zYq--6qhjVVGzXeXpdGNfqLDnTQ1Z5en,extracted_texts/G06N/1020250051746.txt,1020250051746.txt,txt,extracted_texts,G06N,1020250051746,https://drive.google.com/file/d/1zYq--6qhjVVGzXeXpdGNfqLDnTQ1Z5en/view
1ZLt9N08JR-6dsZvt0_WTYMZlAg0V7d1d,extracted_texts/G06N/1020250068220.txt,1020250068220.txt,txt,extracted_texts,G06N,1020250068220,https://drive.google.com/file/d/1ZLt9N08JR-6dsZvt0_WTYMZlAg0V7d1d/view
1egBYXPpWYVNO3EpIZa4ppfAYuQQvhFP_,extracted_texts/G06N/1020250077843.txt,1020250077843.txt,txt,extracted_texts,G06N,1020250077843,https://drive.google.com/file/d/1egBYXPpWYVNO3EpIZa4ppfAYuQQvhFP_/view
1XLP_eivlCnPV6yFYBRMgg4Z5w2lG0HCl,extracted_texts/G06N/1020250077859.txt,1020250077859.txt,txt,extracted_texts,G06N,1020250077859,https://drive.google.com/file/d/1XLP_eivlCnPV6yFYBRMgg4Z5w2lG0HCl/view
1XD2o6mFODTZIhEk9JNJVxiBlgCZ92F6S,extracted_texts/G06N/1020250115002.txt,1020250115002.txt,txt,extracted_texts,G06N,1020250115002,https://drive.google.com/file/d/1XD2o6mFODTZIhEk9JNJVxiBlgCZ92F6S/view
14NmJeB6wubzS0kjaPokHk5JzF2lD_JPb,extracted_texts/G06N/1020250155326.txt,1020250155326.txt,txt,extracted_texts,G06N,1020250155326,https://drive.google.com/file/d/14NmJeB6wubzS0kjaPokHk5JzF2lD_JPb/view
1LqZJSzNkQUcmGhOqa9BIvP8LuVHASKqE,extracted_texts/G06N/1020257019800.txt,1020257019800.txt,txt,extracted_texts,G06N,1020257019800,https://drive.google.com/file/d/1LqZJSzNkQUcmGhOqa9BIvP8LuVHASKqE/view
13PrFylLaVPazxD1kiP1oqwBTb71JvQ5Z,extracted_texts/G06Q/1020070078202.txt,1020070078202.txt,txt,extracted_texts,G06Q,1020070078202,https://drive.google.com/file/d/13PrFylLaVPazxD1kiP1oqwBTb71JvQ5Z/view
1iqoyibOzi55p8V-yxEvttSeBLOebShmr,extracted_texts/G06Q/1020097000804.txt,1020097000804.txt,txt,extracted_texts,G06Q,1020097000804,https://drive.google.com/file/d/1iqoyibOzi55p8V-yxEvttSeBLOebShmr/view
137TEZaYPNeW1_PcsBlVg9jLUMGVQXol-,extracted_texts/G06Q/1020100129423.txt,1020100129423.txt,txt,extracted_texts,G06Q,1020100129423,https://drive.google.com/file/d/137TEZaYPNeW1_PcsBlVg9jLUMGVQXol-/view
1BwSsHLX5-1PCdjkq5Wt8D0H5pLho3obE,extracted_texts/G06Q/1020110051511.txt,1020110051511.txt,txt,extracted_texts,G06Q,1020110051511,https://drive.google.com/file/d/1BwSsHLX5-1PCdjkq5Wt8D0H5pLho3obE/view
1m6TACnTE90Xmu-u9SiHgVKFHOaBawpLU,extracted_texts/G06Q/1020137012097.txt,1020137012097.txt,txt,extracted_texts,G06Q,1020137012097,https://drive.google.com/file/d/1m6TACnTE90Xmu-u9SiHgVKFHOaBawpLU/view
1MpPqxotLcduE8hAy6S1xbubUO12mqIAY,extracted_texts/G06Q/1020147027322.txt,1020147027322.txt,txt,extracted_texts,G06Q,1020147027322,https://drive.google.com/file/d/1MpPqxotLcduE8hAy6S1xbubUO12mqIAY/view
1hVjokWEOrq0wxN5puUdSse_rJPKMYfEW,extracted_texts/G06Q/1020147028021.txt,1020147028021.txt,txt,extracted_texts,G06Q,1020147028021,https://drive.google.com/file/d/1hVjokWEOrq0wxN5puUdSse_rJPKMYfEW/view
18VR_tB6reE2Auyd3K9GylryPoMBsdqPV,extracted_texts/G06Q/1020150065878.txt,1020150065878.txt,txt,extracted_texts,G06Q,1020150065878,https://drive.google.com/file/d/18VR_tB6reE2Auyd3K9GylryPoMBsdqPV/view
13pHnh_LVxSinmtkVIOxwOX9flTKAMPGd,extracted_texts/G06Q/1020160021837.txt,1020160021837.txt,txt,extracted_texts,G06Q,1020160021837,https://drive.google.com/file/d/13pHnh_LVxSinmtkVIOxwOX9flTKAMPGd/view
18MuIoQA3ONqHqDXlM8IXUH6fuUT6e9yn,extracted_texts/G06Q/1020160051877.txt,1020160051877.txt,txt,extracted_texts,G06Q,1020160051877,https://drive.google.com/file/d/18MuIoQA3ONqHqDXlM8IXUH6fuUT6e9yn/view
1hFvVtxKwKfe9nTGOVe4bYik9o-Jt8Kbn,extracted_texts/G06Q/1020160052007.txt,1020160052007.txt,txt,extracted_texts,G06Q,1020160052007,https://drive.google.com/file/d/1hFvVtxKwKfe9nTGOVe4bYik9o-Jt8Kbn/view
1n2uWmCGdBJ4p9Bqwx_XchGi6zr0ly17z,extracted_texts/G06Q/1020160053785.txt,1020160053785.txt,txt,extracted_texts,G06Q,1020160053785,https://drive.google.com/file/d/1n2uWmCGdBJ4p9Bqwx_XchGi6zr0ly17z/view
1_uQk1ZUm1rFxSje0aT95Uiusrqz52hju,extracted_texts/G06Q/1020160144305.txt,1020160144305.txt,txt,extracted_texts,G06Q,1020160144305,https://drive.google.com/file/d/1_uQk1ZUm1rFxSje0aT95Uiusrqz52hju/view
1fzyZN6tgR5ZjirMMI0Hf8CHB52zwW6FY,extracted_texts/G06Q/1020160170360.txt,1020160170360.txt,txt,extracted_texts,G06Q,1020160170360,https://drive.google.com/file/d/1fzyZN6tgR5ZjirMMI0Hf8CHB52zwW6FY/view
1yuee2dwphLqjA_cEsg8GzklMyR77CjWM,extracted_texts/G06Q/1020167011605.txt,1020167011605.txt,txt,extracted_texts,G06Q,1020167011605,https://drive.google.com/file/d/1yuee2dwphLqjA_cEsg8GzklMyR77CjWM/view
1rvZ5EFqPjUPnSbkH4ndK_EZAccspt_TQ,extracted_texts/G06Q/1020167012355.txt,1020167012355.txt,txt,extracted_texts,G06Q,1020167012355,https://drive.google.com/file/d/1rvZ5EFqPjUPnSbkH4ndK_EZAccspt_TQ/view
1VO5xhyDw8gvzLjGceWqtAeeRDptQHqwB,extracted_texts/G06Q/1020170022365.txt,1020170022365.txt,txt,extracted_texts,G06Q,1020170022365,https://drive.google.com/file/d/1VO5xhyDw8gvzLjGceWqtAeeRDptQHqwB/view
1KxDhCAS7fnKrCtzSuOje0nnh4AUu8oQV,extracted_texts/G06Q/1020170022546.txt,1020170022546.txt,txt,extracted_texts,G06Q,1020170022546,https://drive.google.com/file/d/1KxDhCAS7fnKrCtzSuOje0nnh4AUu8oQV/view
1o4bCKlSU1o7DLbh31EqMm5LXRPREuJkx,extracted_texts/G06Q/1020170022582.txt,1020170022582.txt,txt,extracted_texts,G06Q,1020170022582,https://drive.google.com/file/d/1o4bCKlSU1o7DLbh31EqMm5LXRPREuJkx/view
1jUYWcJsN2ECWf-QmvF7R8dGr4ze0y5t9,extracted_texts/G06Q/1020170153809.txt,1020170153809.txt,txt,extracted_texts,G06Q,1020170153809,https://drive.google.com/file/d/1jUYWcJsN2ECWf-QmvF7R8dGr4ze0y5t9/view
12br8O16iI06yhmUDT4Iph9EQs8mMsMqI,extracted_texts/G06Q/1020177001104.txt,1020177001104.txt,txt,extracted_texts,G06Q,1020177001104,https://drive.google.com/file/d/12br8O16iI06yhmUDT4Iph9EQs8mMsMqI/view
1nCfMsiHmF__MDaAK6-DzfRVqgLr5i9Ip,extracted_texts/G06Q/1020187032519.txt,1020187032519.txt,txt,extracted_texts,G06Q,1020187032519,https://drive.google.com/file/d/1nCfMsiHmF__MDaAK6-DzfRVqgLr5i9Ip/view
1VLgMg-h3LaT4KpbW4qGOR0DxOz5Hzuwp,extracted_texts/G06Q/1020190061986.txt,1020190061986.txt,txt,extracted_texts,G06Q,1020190061986,https://drive.google.com/file/d/1VLgMg-h3LaT4KpbW4qGOR0DxOz5Hzuwp/view
1uVhXV5qyfrtXoZByH_l7RL9JRS9bJ0-3,extracted_texts/G06Q/1020190075645.txt,1020190075645.txt,txt,extracted_texts,G06Q,1020190075645,https://drive.google.com/file/d/1uVhXV5qyfrtXoZByH_l7RL9JRS9bJ0-3/view
1jOERD0UpR6fSYScjb23M7miCvKdafuyi,extracted_texts/G06Q/1020190081133.txt,1020190081133.txt,txt,extracted_texts,G06Q,1020190081133,https://drive.google.com/file/d/1jOERD0UpR6fSYScjb23M7miCvKdafuyi/view
10WPUuRRWetnyuvFY44VzFdbm8luj2bV7,extracted_texts/G06Q/1020190103620.txt,1020190103620.txt,txt,extracted_texts,G06Q,1020190103620,https://drive.google.com/file/d/10WPUuRRWetnyuvFY44VzFdbm8luj2bV7/view
1JWyfydjo0urE_S_EAysRlKLL7HSr96IZ,extracted_texts/G06Q/1020190107252.txt,1020190107252.txt,txt,extracted_texts,G06Q,1020190107252,https://drive.google.com/file/d/1JWyfydjo0urE_S_EAysRlKLL7HSr96IZ/view
17Dc1wPcY2OjIiCRgwntN9PFyX4Qmi4wW,extracted_texts/G06Q/1020190165355.txt,1020190165355.txt,txt,extracted_texts,G06Q,1020190165355,https://drive.google.com/file/d/17Dc1wPcY2OjIiCRgwntN9PFyX4Qmi4wW/view
1aFKZ2Krd4gbzGyU4Khb861Li_D7GlLdc,extracted_texts/G06Q/1020197005060.txt,1020197005060.txt,txt,extracted_texts,G06Q,1020197005060,https://drive.google.com/file/d/1aFKZ2Krd4gbzGyU4Khb861Li_D7GlLdc/view
1laWcvgpwZRVIOYdxZPTo_ocDTvDvIoHt,extracted_texts/G06Q/1020197013747.txt,1020197013747.txt,txt,extracted_texts,G06Q,1020197013747,https://drive.google.com/file/d/1laWcvgpwZRVIOYdxZPTo_ocDTvDvIoHt/view
1DnLf_NaR8yYYxaHUWJ6bPWQM353I6mUg,extracted_texts/G06Q/1020200019152.txt,1020200019152.txt,txt,extracted_texts,G06Q,1020200019152,https://drive.google.com/file/d/1DnLf_NaR8yYYxaHUWJ6bPWQM353I6mUg/view
1H5HHtM7M_UKi5fB04BhPtKPludb8dYw3,extracted_texts/G06Q/1020200025029.txt,1020200025029.txt,txt,extracted_texts,G06Q,1020200025029,https://drive.google.com/file/d/1H5HHtM7M_UKi5fB04BhPtKPludb8dYw3/view
1k0ria9V0me1oFaxEWrva3zIzKv9NsNFH,extracted_texts/G06Q/1020200045053.txt,1020200045053.txt,txt,extracted_texts,G06Q,1020200045053,https://drive.google.com/file/d/1k0ria9V0me1oFaxEWrva3zIzKv9NsNFH/view
1cuFmfXWiOteTAZVkzAQ4lS7o444QS5GE,extracted_texts/G06Q/1020200073425.txt,1020200073425.txt,txt,extracted_texts,G06Q,1020200073425,https://drive.google.com/file/d/1cuFmfXWiOteTAZVkzAQ4lS7o444QS5GE/view
1LV461Mt8qQ983rHfLOzhwyG59zJq8VyJ,extracted_texts/G06Q/1020200076842.txt,1020200076842.txt,txt,extracted_texts,G06Q,1020200076842,https://drive.google.com/file/d/1LV461Mt8qQ983rHfLOzhwyG59zJq8VyJ/view
13JpSZlyEp10aIc81czpfliwv4FB2X6yM,extracted_texts/G06Q/1020200079497.txt,1020200079497.txt,txt,extracted_texts,G06Q,1020200079497,https://drive.google.com/file/d/13JpSZlyEp10aIc81czpfliwv4FB2X6yM/view
1gyEegqwFc0xrIxsXQvWMzGyttr9y24-k,extracted_texts/G06Q/1020200086612.txt,1020200086612.txt,txt,extracted_texts,G06Q,1020200086612,https://drive.google.com/file/d/1gyEegqwFc0xrIxsXQvWMzGyttr9y24-k/view
13IM0BORUF62c1B6TEX5_n_NeR2t4bA7t,extracted_texts/G06Q/1020200091525.txt,1020200091525.txt,txt,extracted_texts,G06Q,1020200091525,https://drive.google.com/file/d/13IM0BORUF62c1B6TEX5_n_NeR2t4bA7t/view
1fz5vo3vYEstHIjwniPX856XBe801lbbL,extracted_texts/G06Q/1020200103700.txt,1020200103700.txt,txt,extracted_texts,G06Q,1020200103700,https://drive.google.com/file/d/1fz5vo3vYEstHIjwniPX856XBe801lbbL/view
1t2zikZQqy1cTnn25uaGjP17HI_w6VyrY,extracted_texts/G06Q/1020200112589.txt,1020200112589.txt,txt,extracted_texts,G06Q,1020200112589,https://drive.google.com/file/d/1t2zikZQqy1cTnn25uaGjP17HI_w6VyrY/view
1gj4Z5hbP7Oudajnzz1RoiFN8fc8XjLFP,extracted_texts/G06Q/1020200120341.txt,1020200120341.txt,txt,extracted_texts,G06Q,1020200120341,https://drive.google.com/file/d/1gj4Z5hbP7Oudajnzz1RoiFN8fc8XjLFP/view
1kZTRqoIOjSMEiuDUtE8oIJSWe3g0-Oi5,extracted_texts/G06Q/1020200126327.txt,1020200126327.txt,txt,extracted_texts,G06Q,1020200126327,https://drive.google.com/file/d/1kZTRqoIOjSMEiuDUtE8oIJSWe3g0-Oi5/view
1R_g6zqtNMX_iKKavvBEGEzKbjCoQQLGO,extracted_texts/G06Q/1020200146542.txt,1020200146542.txt,txt,extracted_texts,G06Q,1020200146542,https://drive.google.com/file/d/1R_g6zqtNMX_iKKavvBEGEzKbjCoQQLGO/view
1KiuFdnkayYtwD3R9Um3tr159c-C9ZAKN,extracted_texts/G06Q/1020210001419.txt,1020210001419.txt,txt,extracted_texts,G06Q,1020210001419,https://drive.google.com/file/d/1KiuFdnkayYtwD3R9Um3tr159c-C9ZAKN/view
1X-RSPuKFizdM2DmBa4RTmxklJrJ-R274,extracted_texts/G06Q/1020210055071.txt,1020210055071.txt,txt,extracted_texts,G06Q,1020210055071,https://drive.google.com/file/d/1X-RSPuKFizdM2DmBa4RTmxklJrJ-R274/view
14oefL9Td2dFTYTwzH20f4OiqpwL2Tfen,extracted_texts/G06Q/1020210055073.txt,1020210055073.txt,txt,extracted_texts,G06Q,1020210055073,https://drive.google.com/file/d/14oefL9Td2dFTYTwzH20f4OiqpwL2Tfen/view
1_d04U-H7x0KjTEqaGE1ML76mqXbbFPVZ,extracted_texts/G06Q/1020210101757.txt,1020210101757.txt,txt,extracted_texts,G06Q,1020210101757,https://drive.google.com/file/d/1_d04U-H7x0KjTEqaGE1ML76mqXbbFPVZ/view
1SApM9S8Z5UuOOCTI4whHklaTxM9AVQuO,extracted_texts/G06Q/1020210119720.txt,1020210119720.txt,txt,extracted_texts,G06Q,1020210119720,https://drive.google.com/file/d/1SApM9S8Z5UuOOCTI4whHklaTxM9AVQuO/view
135OlxIFIqZhBtrUYMYk0dT2LUWke7cSr,extracted_texts/G06Q/1020210133890.txt,1020210133890.txt,txt,extracted_texts,G06Q,1020210133890,https://drive.google.com/file/d/135OlxIFIqZhBtrUYMYk0dT2LUWke7cSr/view
1Mz09wS0jN1y8ZSHgvyi3u7qdt8IDAGps,extracted_texts/G06Q/1020210137298.txt,1020210137298.txt,txt,extracted_texts,G06Q,1020210137298,https://drive.google.com/file/d/1Mz09wS0jN1y8ZSHgvyi3u7qdt8IDAGps/view
16JzzVQezIU4k-bgRdKsoV_k-DIirTy9S,extracted_texts/G06Q/1020210138676.txt,1020210138676.txt,txt,extracted_texts,G06Q,1020210138676,https://drive.google.com/file/d/16JzzVQezIU4k-bgRdKsoV_k-DIirTy9S/view
1IUoHi09xLYliFdI1yBesc_xD7vib2eW0,extracted_texts/G06Q/1020210144843.txt,1020210144843.txt,txt,extracted_texts,G06Q,1020210144843,https://drive.google.com/file/d/1IUoHi09xLYliFdI1yBesc_xD7vib2eW0/view
1nVFCMFzx0fJ4FvlP6paynbc_9dhVIfxh,extracted_texts/G06Q/1020210158508.txt,1020210158508.txt,txt,extracted_texts,G06Q,1020210158508,https://drive.google.com/file/d/1nVFCMFzx0fJ4FvlP6paynbc_9dhVIfxh/view
1QOPZxR0EbgaEOf--9jWrbrs68SJB5Ab3,extracted_texts/G06Q/1020217026320.txt,1020217026320.txt,txt,extracted_texts,G06Q,1020217026320,https://drive.google.com/file/d/1QOPZxR0EbgaEOf--9jWrbrs68SJB5Ab3/view
1cQqR2ASBoNhtA-52YS1Lf1eL-_gx8E5S,extracted_texts/G06Q/1020217040305.txt,1020217040305.txt,txt,extracted_texts,G06Q,1020217040305,https://drive.google.com/file/d/1cQqR2ASBoNhtA-52YS1Lf1eL-_gx8E5S/view
1HoBqtUZ5rsNpMVUDDYYkjTnOzBh3YKSq,extracted_texts/G06Q/1020220016773.txt,1020220016773.txt,txt,extracted_texts,G06Q,1020220016773,https://drive.google.com/file/d/1HoBqtUZ5rsNpMVUDDYYkjTnOzBh3YKSq/view
1GLZZ5iw6VTqOAAhzrzLxm6whLMWiB_QB,extracted_texts/G06Q/1020220024275.txt,1020220024275.txt,txt,extracted_texts,G06Q,1020220024275,https://drive.google.com/file/d/1GLZZ5iw6VTqOAAhzrzLxm6whLMWiB_QB/view
1NXdWQNYFrgCd-7tIRWG19M8pQlY_lvcN,extracted_texts/G06Q/1020220030349.txt,1020220030349.txt,txt,extracted_texts,G06Q,1020220030349,https://drive.google.com/file/d/1NXdWQNYFrgCd-7tIRWG19M8pQlY_lvcN/view
1qipbVGGAy-fS91zxsgmhx-OohhTTYdVv,extracted_texts/G06Q/1020220043374.txt,1020220043374.txt,txt,extracted_texts,G06Q,1020220043374,https://drive.google.com/file/d/1qipbVGGAy-fS91zxsgmhx-OohhTTYdVv/view
14B9y60_cQu5wHNm9W7BKinXlEK1W4SYi,extracted_texts/G06Q/1020220043774.txt,1020220043774.txt,txt,extracted_texts,G06Q,1020220043774,https://drive.google.com/file/d/14B9y60_cQu5wHNm9W7BKinXlEK1W4SYi/view
1y85BSE3ta8CQsqvtBmC6Yrfdi6TVm_Yt,extracted_texts/G06Q/1020220048990.txt,1020220048990.txt,txt,extracted_texts,G06Q,1020220048990,https://drive.google.com/file/d/1y85BSE3ta8CQsqvtBmC6Yrfdi6TVm_Yt/view
1o0cYrrZoB3q4MSbijgBtvxkPYN-Daaea,extracted_texts/G06Q/1020220048991.txt,1020220048991.txt,txt,extracted_texts,G06Q,1020220048991,https://drive.google.com/file/d/1o0cYrrZoB3q4MSbijgBtvxkPYN-Daaea/view
1BTkD2KUdbbUh9Jf4lTMZMd3PKInFFPXQ,extracted_texts/G06Q/1020220053894.txt,1020220053894.txt,txt,extracted_texts,G06Q,1020220053894,https://drive.google.com/file/d/1BTkD2KUdbbUh9Jf4lTMZMd3PKInFFPXQ/view
1Vk0Gue9YwZqoimcZHuyVCergSij6jgpN,extracted_texts/G06Q/1020220055365.txt,1020220055365.txt,txt,extracted_texts,G06Q,1020220055365,https://drive.google.com/file/d/1Vk0Gue9YwZqoimcZHuyVCergSij6jgpN/view
1GYSB1t98NIZQDwUFL-nob9T50eQPjpH3,extracted_texts/G06Q/1020220069437.txt,1020220069437.txt,txt,extracted_texts,G06Q,1020220069437,https://drive.google.com/file/d/1GYSB1t98NIZQDwUFL-nob9T50eQPjpH3/view
13vxoLb-sPiDZuY-Zv0wf6zjttAdZFelf,extracted_texts/G06Q/1020220074727.txt,1020220074727.txt,txt,extracted_texts,G06Q,1020220074727,https://drive.google.com/file/d/13vxoLb-sPiDZuY-Zv0wf6zjttAdZFelf/view
1KmxlWf8UDyCwINtWTNOffMWmXBgVj_Bx,extracted_texts/G06Q/1020220075039.txt,1020220075039.txt,txt,extracted_texts,G06Q,1020220075039,https://drive.google.com/file/d/1KmxlWf8UDyCwINtWTNOffMWmXBgVj_Bx/view
1ABPpagabPftCglT5EJrwHPkupLJEGDsJ,extracted_texts/G06Q/1020220081044.txt,1020220081044.txt,txt,extracted_texts,G06Q,1020220081044,https://drive.google.com/file/d/1ABPpagabPftCglT5EJrwHPkupLJEGDsJ/view
1mN_osnM39QBf60WF4Xo4FtXyYJM6_B7w,extracted_texts/G06Q/1020220087113.txt,1020220087113.txt,txt,extracted_texts,G06Q,1020220087113,https://drive.google.com/file/d/1mN_osnM39QBf60WF4Xo4FtXyYJM6_B7w/view
1Q1Qy_tNFFu1q9H2wUmW52zGrWQNlJzsF,extracted_texts/G06Q/1020220088007.txt,1020220088007.txt,txt,extracted_texts,G06Q,1020220088007,https://drive.google.com/file/d/1Q1Qy_tNFFu1q9H2wUmW52zGrWQNlJzsF/view
19QT2Ps0XhPjNTAjQHyq-TwGOW2TbQzA7,extracted_texts/G06Q/1020220090930.txt,1020220090930.txt,txt,extracted_texts,G06Q,1020220090930,https://drive.google.com/file/d/19QT2Ps0XhPjNTAjQHyq-TwGOW2TbQzA7/view
1_qepoDKGAQF057-VBy8MO6_-qEYzUG4a,extracted_texts/G06Q/1020220092735.txt,1020220092735.txt,txt,extracted_texts,G06Q,1020220092735,https://drive.google.com/file/d/1_qepoDKGAQF057-VBy8MO6_-qEYzUG4a/view
1Wf4bqdn9l0j5jVCiV2ZOMpWTvf-1pi9G,extracted_texts/G06Q/1020220092736.txt,1020220092736.txt,txt,extracted_texts,G06Q,1020220092736,https://drive.google.com/file/d/1Wf4bqdn9l0j5jVCiV2ZOMpWTvf-1pi9G/view
1PSuj02mSlXrINjKJ3PKIi9i2MncLXNdQ,extracted_texts/G06Q/1020220106772.txt,1020220106772.txt,txt,extracted_texts,G06Q,1020220106772,https://drive.google.com/file/d/1PSuj02mSlXrINjKJ3PKIi9i2MncLXNdQ/view
1D5F7PyOGoA1Vn8f3Hv_a9Yxmg0xp2Tlq,extracted_texts/G06Q/1020220110729.txt,1020220110729.txt,txt,extracted_texts,G06Q,1020220110729,https://drive.google.com/file/d/1D5F7PyOGoA1Vn8f3Hv_a9Yxmg0xp2Tlq/view
1VLfM4TigO0uaNAfA_CeS5_ZkE2zkyrG8,extracted_texts/G06Q/1020220118978.txt,1020220118978.txt,txt,extracted_texts,G06Q,1020220118978,https://drive.google.com/file/d/1VLfM4TigO0uaNAfA_CeS5_ZkE2zkyrG8/view
1HzH-dom88awF9k35VjH6hm3tNIfzBBUg,extracted_texts/G06Q/1020220126592.txt,1020220126592.txt,txt,extracted_texts,G06Q,1020220126592,https://drive.google.com/file/d/1HzH-dom88awF9k35VjH6hm3tNIfzBBUg/view
1kaICIePyXKqCl8mUu9swg5MapqOWfk69,extracted_texts/G06Q/1020220132877.txt,1020220132877.txt,txt,extracted_texts,G06Q,1020220132877,https://drive.google.com/file/d/1kaICIePyXKqCl8mUu9swg5MapqOWfk69/view
1pA74XPXUKHgswPa_HF9SzMCu6oUKNc56,extracted_texts/G06Q/1020220137403.txt,1020220137403.txt,txt,extracted_texts,G06Q,1020220137403,https://drive.google.com/file/d/1pA74XPXUKHgswPa_HF9SzMCu6oUKNc56/view
14oN4G716gEMDdfB0izMRZ-Uk4zgJbVGA,extracted_texts/G06Q/1020220144287.txt,1020220144287.txt,txt,extracted_texts,G06Q,1020220144287,https://drive.google.com/file/d/14oN4G716gEMDdfB0izMRZ-Uk4zgJbVGA/view
1C4_fjawIu6S7IH3TujGdk09wVUc-UGG2,extracted_texts/G06Q/1020220157930.txt,1020220157930.txt,txt,extracted_texts,G06Q,1020220157930,https://drive.google.com/file/d/1C4_fjawIu6S7IH3TujGdk09wVUc-UGG2/view
1ROzh6HMeJE0MnsKlcZNLnBhqug-m4Fr-,extracted_texts/G06Q/1020220159825.txt,1020220159825.txt,txt,extracted_texts,G06Q,1020220159825,https://drive.google.com/file/d/1ROzh6HMeJE0MnsKlcZNLnBhqug-m4Fr-/view
1n3wnJcaN3F0D7Txg4itdSxmUknJEqGbx,extracted_texts/G06Q/1020220167302.txt,1020220167302.txt,txt,extracted_texts,G06Q,1020220167302,https://drive.google.com/file/d/1n3wnJcaN3F0D7Txg4itdSxmUknJEqGbx/view
1j3d9fNba5JvV4xI5SCBvMP629RwzfrJI,extracted_texts/G06Q/1020220171834.txt,1020220171834.txt,txt,extracted_texts,G06Q,1020220171834,https://drive.google.com/file/d/1j3d9fNba5JvV4xI5SCBvMP629RwzfrJI/view
1OabbZ_uwf7qo4IqoGnv4rO4VJCYMa9L8,extracted_texts/G06Q/1020220172733.txt,1020220172733.txt,txt,extracted_texts,G06Q,1020220172733,https://drive.google.com/file/d/1OabbZ_uwf7qo4IqoGnv4rO4VJCYMa9L8/view
177oj3CxNbxcolYFhVBNLEdpmfMfZ2Tst,extracted_texts/G06Q/1020220174064.txt,1020220174064.txt,txt,extracted_texts,G06Q,1020220174064,https://drive.google.com/file/d/177oj3CxNbxcolYFhVBNLEdpmfMfZ2Tst/view
1UuMqmaHgEIEVYimnD0-kqEP5X63ZvFG-,extracted_texts/G06Q/1020220175470.txt,1020220175470.txt,txt,extracted_texts,G06Q,1020220175470,https://drive.google.com/file/d/1UuMqmaHgEIEVYimnD0-kqEP5X63ZvFG-/view
1uTDs9fSm3BjNBri7QPDmN8NJL3e3Vvog,extracted_texts/G06Q/1020220175522.txt,1020220175522.txt,txt,extracted_texts,G06Q,1020220175522,https://drive.google.com/file/d/1uTDs9fSm3BjNBri7QPDmN8NJL3e3Vvog/view
19rjLqIZYQwFkM_2O_fA3fbqgH1PuUC8Q,extracted_texts/G06Q/1020220176917.txt,1020220176917.txt,txt,extracted_texts,G06Q,1020220176917,https://drive.google.com/file/d/19rjLqIZYQwFkM_2O_fA3fbqgH1PuUC8Q/view
1j52EZOewh-lt-hvtBt_i7WEPjg2WUER9,extracted_texts/G06Q/1020220180424.txt,1020220180424.txt,txt,extracted_texts,G06Q,1020220180424,https://drive.google.com/file/d/1j52EZOewh-lt-hvtBt_i7WEPjg2WUER9/view
1HpJH2KrmHWiWNv2TcSL-tCwIr7fG3Y7Q,extracted_texts/G06Q/1020220186878.txt,1020220186878.txt,txt,extracted_texts,G06Q,1020220186878,https://drive.google.com/file/d/1HpJH2KrmHWiWNv2TcSL-tCwIr7fG3Y7Q/view
1qX90R9OIMhFKLq1Uo7y8kvebAXrurIT9,extracted_texts/G06Q/1020227013279.txt,1020227013279.txt,txt,extracted_texts,G06Q,1020227013279,https://drive.google.com/file/d/1qX90R9OIMhFKLq1Uo7y8kvebAXrurIT9/view
1IeVnk0hSwhMZH-CCgbWTRr1vrUbfE6-y,extracted_texts/G06Q/1020230001358.txt,1020230001358.txt,txt,extracted_texts,G06Q,1020230001358,https://drive.google.com/file/d/1IeVnk0hSwhMZH-CCgbWTRr1vrUbfE6-y/view
1el2xvltravK7NwKCjVr3do3bacXSXDai,extracted_texts/G06Q/1020230003745.txt,1020230003745.txt,txt,extracted_texts,G06Q,1020230003745,https://drive.google.com/file/d/1el2xvltravK7NwKCjVr3do3bacXSXDai/view
1WK4_QmdU4nJOz08g3Zr1dgObLliz0KUr,extracted_texts/G06Q/1020230003912.txt,1020230003912.txt,txt,extracted_texts,G06Q,1020230003912,https://drive.google.com/file/d/1WK4_QmdU4nJOz08g3Zr1dgObLliz0KUr/view
1Mfp4Dd7qVqXx2Z61wFnaFeB7FahCgJJl,extracted_texts/G06Q/1020230005898.txt,1020230005898.txt,txt,extracted_texts,G06Q,1020230005898,https://drive.google.com/file/d/1Mfp4Dd7qVqXx2Z61wFnaFeB7FahCgJJl/view
1MGnpIjJTUGeU5AC7Z92K8wz4G59Gb_dy,extracted_texts/G06Q/1020230008511.txt,1020230008511.txt,txt,extracted_texts,G06Q,1020230008511,https://drive.google.com/file/d/1MGnpIjJTUGeU5AC7Z92K8wz4G59Gb_dy/view
1CaLHoOiplsOUyZxj0xTfHgq58SsqDrhu,extracted_texts/G06Q/1020230017135.txt,1020230017135.txt,txt,extracted_texts,G06Q,1020230017135,https://drive.google.com/file/d/1CaLHoOiplsOUyZxj0xTfHgq58SsqDrhu/view
1B-tK7r6eEj0MHzaZZ0uUurwhjSVuUeH6,extracted_texts/G06Q/1020230025818.txt,1020230025818.txt,txt,extracted_texts,G06Q,1020230025818,https://drive.google.com/file/d/1B-tK7r6eEj0MHzaZZ0uUurwhjSVuUeH6/view
1y6dQVKDqr4jF2wWBBGrmeSGiKLvVkX_w,extracted_texts/G06Q/1020230029204.txt,1020230029204.txt,txt,extracted_texts,G06Q,1020230029204,https://drive.google.com/file/d/1y6dQVKDqr4jF2wWBBGrmeSGiKLvVkX_w/view
1LhVFwXKFmUViTCIwqkraTl4DyfClU86Z,extracted_texts/G06Q/1020230030800.txt,1020230030800.txt,txt,extracted_texts,G06Q,1020230030800,https://drive.google.com/file/d/1LhVFwXKFmUViTCIwqkraTl4DyfClU86Z/view
1DUAz_bJ3NOnbzrcerXxsWNwlzDqcGtHT,extracted_texts/G06Q/1020230037438.txt,1020230037438.txt,txt,extracted_texts,G06Q,1020230037438,https://drive.google.com/file/d/1DUAz_bJ3NOnbzrcerXxsWNwlzDqcGtHT/view
1cqgg1WKwjGCZ_n3HGP1TBIOjwM8_W0yH,extracted_texts/G06Q/1020230037957.txt,1020230037957.txt,txt,extracted_texts,G06Q,1020230037957,https://drive.google.com/file/d/1cqgg1WKwjGCZ_n3HGP1TBIOjwM8_W0yH/view
1r0vGwNWdpiEpuYUoX4oS-_a-rgMkVVQC,extracted_texts/G06Q/1020230039672.txt,1020230039672.txt,txt,extracted_texts,G06Q,1020230039672,https://drive.google.com/file/d/1r0vGwNWdpiEpuYUoX4oS-_a-rgMkVVQC/view
1FKHWMKbdNQaB8Cpmn1Q_jSg2sgkm0Hu2,extracted_texts/G06Q/1020230044382.txt,1020230044382.txt,txt,extracted_texts,G06Q,1020230044382,https://drive.google.com/file/d/1FKHWMKbdNQaB8Cpmn1Q_jSg2sgkm0Hu2/view
12ZIJzIoBnU6nmQ6un6ez4fnJUeZ9yGqx,extracted_texts/G06Q/1020230058113.txt,1020230058113.txt,txt,extracted_texts,G06Q,1020230058113,https://drive.google.com/file/d/12ZIJzIoBnU6nmQ6un6ez4fnJUeZ9yGqx/view
1DmhOIj5PPGG2lQ97XpKpOflKWhsBLyV9,extracted_texts/G06Q/1020230059615.txt,1020230059615.txt,txt,extracted_texts,G06Q,1020230059615,https://drive.google.com/file/d/1DmhOIj5PPGG2lQ97XpKpOflKWhsBLyV9/view
1ud_ub-y1-gFNljzOj1tiGz3oAIwkxG5-,extracted_texts/G06Q/1020230064122.txt,1020230064122.txt,txt,extracted_texts,G06Q,1020230064122,https://drive.google.com/file/d/1ud_ub-y1-gFNljzOj1tiGz3oAIwkxG5-/view
1QybSEhW3X5qAPDzr3T0vj6WRcPKCQdI0,extracted_texts/G06Q/1020230068885.txt,1020230068885.txt,txt,extracted_texts,G06Q,1020230068885,https://drive.google.com/file/d/1QybSEhW3X5qAPDzr3T0vj6WRcPKCQdI0/view
1rIXqVRW9d9GZEzHoTlafuU_FZ0VxRaR6,extracted_texts/G06Q/1020230069182.txt,1020230069182.txt,txt,extracted_texts,G06Q,1020230069182,https://drive.google.com/file/d/1rIXqVRW9d9GZEzHoTlafuU_FZ0VxRaR6/view
1i8hPT7cK7oBWm1tF0azr4R0lf1qjdj7u,extracted_texts/G06Q/1020230075894.txt,1020230075894.txt,txt,extracted_texts,G06Q,1020230075894,https://drive.google.com/file/d/1i8hPT7cK7oBWm1tF0azr4R0lf1qjdj7u/view
1oxb_9cPSoHtlZ_oWhIzkIy93APnimiYv,extracted_texts/G06Q/1020230075924.txt,1020230075924.txt,txt,extracted_texts,G06Q,1020230075924,https://drive.google.com/file/d/1oxb_9cPSoHtlZ_oWhIzkIy93APnimiYv/view
1NlpYFVJr5gUPzIkrNGZS5RtAUgYoTtTX,extracted_texts/G06Q/1020230097316.txt,1020230097316.txt,txt,extracted_texts,G06Q,1020230097316,https://drive.google.com/file/d/1NlpYFVJr5gUPzIkrNGZS5RtAUgYoTtTX/view
16xIM--BtygYRrXmUNSQguJT7TNBzy9wq,extracted_texts/G06Q/1020230099045.txt,1020230099045.txt,txt,extracted_texts,G06Q,1020230099045,https://drive.google.com/file/d/16xIM--BtygYRrXmUNSQguJT7TNBzy9wq/view
1ZUybJ_NV_T3Q0WHS1JoE-Mk5xpugCbQc,extracted_texts/G06Q/1020230104523.txt,1020230104523.txt,txt,extracted_texts,G06Q,1020230104523,https://drive.google.com/file/d/1ZUybJ_NV_T3Q0WHS1JoE-Mk5xpugCbQc/view
15nEKGo0g6Zp8L6ohtNC0m8Nzu0WNetw4,extracted_texts/G06Q/1020230106520.txt,1020230106520.txt,txt,extracted_texts,G06Q,1020230106520,https://drive.google.com/file/d/15nEKGo0g6Zp8L6ohtNC0m8Nzu0WNetw4/view
1a0qn5LVdfFzROFnMZx-3MiJQGndUr1Bh,extracted_texts/G06Q/1020230106712.txt,1020230106712.txt,txt,extracted_texts,G06Q,1020230106712,https://drive.google.com/file/d/1a0qn5LVdfFzROFnMZx-3MiJQGndUr1Bh/view
1q42hx96PSvr0Y3T7U9QeEEffKL1Btjxm,extracted_texts/G06Q/1020230107281.txt,1020230107281.txt,txt,extracted_texts,G06Q,1020230107281,https://drive.google.com/file/d/1q42hx96PSvr0Y3T7U9QeEEffKL1Btjxm/view
1ce83EZSMfxI80ueVXRFBQjHdBDo1hkR1,extracted_texts/G06Q/1020230107940.txt,1020230107940.txt,txt,extracted_texts,G06Q,1020230107940,https://drive.google.com/file/d/1ce83EZSMfxI80ueVXRFBQjHdBDo1hkR1/view
1hmOwdgaNJka0XcTO6R34Y9ayLkSVutz1,extracted_texts/G06Q/1020230109772.txt,1020230109772.txt,txt,extracted_texts,G06Q,1020230109772,https://drive.google.com/file/d/1hmOwdgaNJka0XcTO6R34Y9ayLkSVutz1/view
1ywouwydwiev6gmu6w85cd1USCYJBOgDb,extracted_texts/G06Q/1020230128975.txt,1020230128975.txt,txt,extracted_texts,G06Q,1020230128975,https://drive.google.com/file/d/1ywouwydwiev6gmu6w85cd1USCYJBOgDb/view
18fu2LbSyiKYk2P7qwmhX56SeqvtyiuZV,extracted_texts/G06Q/1020230130050.txt,1020230130050.txt,txt,extracted_texts,G06Q,1020230130050,https://drive.google.com/file/d/18fu2LbSyiKYk2P7qwmhX56SeqvtyiuZV/view
1He5Ih3ncKgC3n346oYKaTkOroJ-1VNG3,extracted_texts/G06Q/1020230141643.txt,1020230141643.txt,txt,extracted_texts,G06Q,1020230141643,https://drive.google.com/file/d/1He5Ih3ncKgC3n346oYKaTkOroJ-1VNG3/view
1RB8sctaZ_nUyq17dh6PbWP7Waao2hMc5,extracted_texts/G06Q/1020230170745.txt,1020230170745.txt,txt,extracted_texts,G06Q,1020230170745,https://drive.google.com/file/d/1RB8sctaZ_nUyq17dh6PbWP7Waao2hMc5/view
1WFq6YQjzgVXXkKrVV6Cv-rWC-TvQUyQO,extracted_texts/G06Q/1020230175224.txt,1020230175224.txt,txt,extracted_texts,G06Q,1020230175224,https://drive.google.com/file/d/1WFq6YQjzgVXXkKrVV6Cv-rWC-TvQUyQO/view
1u9ybcAuI3RA86s_nECyp7YqXgV_RK2FJ,extracted_texts/G06Q/1020230183351.txt,1020230183351.txt,txt,extracted_texts,G06Q,1020230183351,https://drive.google.com/file/d/1u9ybcAuI3RA86s_nECyp7YqXgV_RK2FJ/view
1BhbSmG_w7YXPzZE8WIazP3uNeywHYhkJ,extracted_texts/G06Q/1020230193866.txt,1020230193866.txt,txt,extracted_texts,G06Q,1020230193866,https://drive.google.com/file/d/1BhbSmG_w7YXPzZE8WIazP3uNeywHYhkJ/view
17wwh01zIqpvsOt_qOykcwf1UrVuiVa3S,extracted_texts/G06Q/1020237014608.txt,1020237014608.txt,txt,extracted_texts,G06Q,1020237014608,https://drive.google.com/file/d/17wwh01zIqpvsOt_qOykcwf1UrVuiVa3S/view
1Kld2C75NrNdDA9W2f2T3Um7EeAQWS_en,extracted_texts/G06Q/1020237024663.txt,1020237024663.txt,txt,extracted_texts,G06Q,1020237024663,https://drive.google.com/file/d/1Kld2C75NrNdDA9W2f2T3Um7EeAQWS_en/view
1FvL_u3GwMX7RbPVkBpZz8B2adpPEBd4q,extracted_texts/G06Q/1020237037765.txt,1020237037765.txt,txt,extracted_texts,G06Q,1020237037765,https://drive.google.com/file/d/1FvL_u3GwMX7RbPVkBpZz8B2adpPEBd4q/view
14Thg7q0EkTCz9T1tANuF_uKCL2PYtLlq,extracted_texts/G06Q/1020240001495.txt,1020240001495.txt,txt,extracted_texts,G06Q,1020240001495,https://drive.google.com/file/d/14Thg7q0EkTCz9T1tANuF_uKCL2PYtLlq/view
1m7shLHDvxMBTPY8gLEpdk6haBubleNdX,extracted_texts/G06Q/1020240001496.txt,1020240001496.txt,txt,extracted_texts,G06Q,1020240001496,https://drive.google.com/file/d/1m7shLHDvxMBTPY8gLEpdk6haBubleNdX/view
1htuWJA6psh_LyDSUzoDeZGrdPwJD36jJ,extracted_texts/G06Q/1020240001497.txt,1020240001497.txt,txt,extracted_texts,G06Q,1020240001497,https://drive.google.com/file/d/1htuWJA6psh_LyDSUzoDeZGrdPwJD36jJ/view
1-Pvl2ovu31u-6PUO90CW_xi56KAb2Ifg,extracted_texts/G06Q/1020240009607.txt,1020240009607.txt,txt,extracted_texts,G06Q,1020240009607,https://drive.google.com/file/d/1-Pvl2ovu31u-6PUO90CW_xi56KAb2Ifg/view
1wyMeelca5iz2lBZjPxeXK3r8gpOBB3-x,extracted_texts/G06Q/1020240016394.txt,1020240016394.txt,txt,extracted_texts,G06Q,1020240016394,https://drive.google.com/file/d/1wyMeelca5iz2lBZjPxeXK3r8gpOBB3-x/view
1J4rUAFFLY9aCmT77Ccy-bfqrDpE8rR4O,extracted_texts/G06Q/1020240021816.txt,1020240021816.txt,txt,extracted_texts,G06Q,1020240021816,https://drive.google.com/file/d/1J4rUAFFLY9aCmT77Ccy-bfqrDpE8rR4O/view
1G7sWg3uY0SnYcynAeGmmxwFOGBoy2ZXy,extracted_texts/G06Q/1020240037715.txt,1020240037715.txt,txt,extracted_texts,G06Q,1020240037715,https://drive.google.com/file/d/1G7sWg3uY0SnYcynAeGmmxwFOGBoy2ZXy/view
1Ck2UxFq1thlDdZsGNOIbgqT1D0xQsPIU,extracted_texts/G06Q/1020240044918.txt,1020240044918.txt,txt,extracted_texts,G06Q,1020240044918,https://drive.google.com/file/d/1Ck2UxFq1thlDdZsGNOIbgqT1D0xQsPIU/view
1PbYBHH1yIXAm6u57ZhcWNUWpYv-sFM12,extracted_texts/G06Q/1020240052421.txt,1020240052421.txt,txt,extracted_texts,G06Q,1020240052421,https://drive.google.com/file/d/1PbYBHH1yIXAm6u57ZhcWNUWpYv-sFM12/view
1YQb6E4XVnJjaSa-SyRK7vR2rYZGoGt4S,extracted_texts/G06Q/1020240056060.txt,1020240056060.txt,txt,extracted_texts,G06Q,1020240056060,https://drive.google.com/file/d/1YQb6E4XVnJjaSa-SyRK7vR2rYZGoGt4S/view
1BqPFP2uqMOXvTLYpByrRf54O6B-xXIIq,extracted_texts/G06Q/1020240058291.txt,1020240058291.txt,txt,extracted_texts,G06Q,1020240058291,https://drive.google.com/file/d/1BqPFP2uqMOXvTLYpByrRf54O6B-xXIIq/view
1W9M30HfvbNQjLISDDihOskqXanE_3c3R,extracted_texts/G06Q/1020240063167.txt,1020240063167.txt,txt,extracted_texts,G06Q,1020240063167,https://drive.google.com/file/d/1W9M30HfvbNQjLISDDihOskqXanE_3c3R/view
1_d-stmdKaUKtw2g-4Tp6q_JBU7akBs2F,extracted_texts/G06Q/1020240082552.txt,1020240082552.txt,txt,extracted_texts,G06Q,1020240082552,https://drive.google.com/file/d/1_d-stmdKaUKtw2g-4Tp6q_JBU7akBs2F/view
1d5FBn7Dwt-N06uaX3cNJOQc8N_OZaWoV,extracted_texts/G06Q/1020240085215.txt,1020240085215.txt,txt,extracted_texts,G06Q,1020240085215,https://drive.google.com/file/d/1d5FBn7Dwt-N06uaX3cNJOQc8N_OZaWoV/view
1w0bt2SDf7SG8lAgGvpq8nLwED_wht3oY,extracted_texts/G06Q/1020240085304.txt,1020240085304.txt,txt,extracted_texts,G06Q,1020240085304,https://drive.google.com/file/d/1w0bt2SDf7SG8lAgGvpq8nLwED_wht3oY/view
1hx1y48aiCNVawqfhiipo1mtQ9hCqHXPD,extracted_texts/G06Q/1020240092022.txt,1020240092022.txt,txt,extracted_texts,G06Q,1020240092022,https://drive.google.com/file/d/1hx1y48aiCNVawqfhiipo1mtQ9hCqHXPD/view
1r5B-nokmEeJWQqshtPQRBs4jpCLuBcEC,extracted_texts/G06Q/1020240098820.txt,1020240098820.txt,txt,extracted_texts,G06Q,1020240098820,https://drive.google.com/file/d/1r5B-nokmEeJWQqshtPQRBs4jpCLuBcEC/view
1S3rH0MRurprzSNO6kb3UcofponbWHq7G,extracted_texts/G06Q/1020240100376.txt,1020240100376.txt,txt,extracted_texts,G06Q,1020240100376,https://drive.google.com/file/d/1S3rH0MRurprzSNO6kb3UcofponbWHq7G/view
1u49vetdT8NbodslBkR8rsNV86PcSfhGr,extracted_texts/G06Q/1020240102060.txt,1020240102060.txt,txt,extracted_texts,G06Q,1020240102060,https://drive.google.com/file/d/1u49vetdT8NbodslBkR8rsNV86PcSfhGr/view
1WXHGLJsgm4OEiebvNZ3xgZIsOSaJ6Uu-,extracted_texts/G06Q/1020240103624.txt,1020240103624.txt,txt,extracted_texts,G06Q,1020240103624,https://drive.google.com/file/d/1WXHGLJsgm4OEiebvNZ3xgZIsOSaJ6Uu-/view
1KPvAzCppyiURtGBd6ltO2nT6JBfL3jM4,extracted_texts/G06Q/1020240107012.txt,1020240107012.txt,txt,extracted_texts,G06Q,1020240107012,https://drive.google.com/file/d/1KPvAzCppyiURtGBd6ltO2nT6JBfL3jM4/view
1y1jv1vuBdkrK42ApKg6A0KYvMi9p8aWU,extracted_texts/G06Q/1020240112833.txt,1020240112833.txt,txt,extracted_texts,G06Q,1020240112833,https://drive.google.com/file/d/1y1jv1vuBdkrK42ApKg6A0KYvMi9p8aWU/view
165HQam4aJJGq7z08AQrC_MBXz4wixBHe,extracted_texts/G06Q/1020240115140.txt,1020240115140.txt,txt,extracted_texts,G06Q,1020240115140,https://drive.google.com/file/d/165HQam4aJJGq7z08AQrC_MBXz4wixBHe/view
1GW86sPNnBVEQX04WJ-c0P8c00hIvP4A8,extracted_texts/G06Q/1020240119349.txt,1020240119349.txt,txt,extracted_texts,G06Q,1020240119349,https://drive.google.com/file/d/1GW86sPNnBVEQX04WJ-c0P8c00hIvP4A8/view
1G2XYE5bJHvhJFXnHWAK6YZgY8awBRuXZ,extracted_texts/G06Q/1020240121692.txt,1020240121692.txt,txt,extracted_texts,G06Q,1020240121692,https://drive.google.com/file/d/1G2XYE5bJHvhJFXnHWAK6YZgY8awBRuXZ/view
1Emh-3_IKRGsz63hnDbnTYlmEmYpITPuZ,extracted_texts/G06Q/1020240129470.txt,1020240129470.txt,txt,extracted_texts,G06Q,1020240129470,https://drive.google.com/file/d/1Emh-3_IKRGsz63hnDbnTYlmEmYpITPuZ/view
10vVNY8QjANqKiXURCF8sU7xfqmYg07Gn,extracted_texts/G06Q/1020240132793.txt,1020240132793.txt,txt,extracted_texts,G06Q,1020240132793,https://drive.google.com/file/d/10vVNY8QjANqKiXURCF8sU7xfqmYg07Gn/view
1moOXRFhYg3Hd6DJjItpf2-7uAlyrT1sY,extracted_texts/G06Q/1020240133912.txt,1020240133912.txt,txt,extracted_texts,G06Q,1020240133912,https://drive.google.com/file/d/1moOXRFhYg3Hd6DJjItpf2-7uAlyrT1sY/view
1k1MOBbq0R8tJwGgMdyemnGxcfGBK5sSX,extracted_texts/G06Q/1020240135730.txt,1020240135730.txt,txt,extracted_texts,G06Q,1020240135730,https://drive.google.com/file/d/1k1MOBbq0R8tJwGgMdyemnGxcfGBK5sSX/view
1rPxNeWjVO6pgAxCYpxnZbiC6nd5ZjoeB,extracted_texts/G06Q/1020240139111.txt,1020240139111.txt,txt,extracted_texts,G06Q,1020240139111,https://drive.google.com/file/d/1rPxNeWjVO6pgAxCYpxnZbiC6nd5ZjoeB/view
1irlwbQWWp_yvEe-a40UMV7Wk2ww3fnLX,extracted_texts/G06Q/1020240139372.txt,1020240139372.txt,txt,extracted_texts,G06Q,1020240139372,https://drive.google.com/file/d/1irlwbQWWp_yvEe-a40UMV7Wk2ww3fnLX/view
133lkxugzp_GQIVFyCcLc0AYOaqfSUuwL,extracted_texts/G06Q/1020240143660.txt,1020240143660.txt,txt,extracted_texts,G06Q,1020240143660,https://drive.google.com/file/d/133lkxugzp_GQIVFyCcLc0AYOaqfSUuwL/view
1N7G71ygi07VS1ilZ_RzeqfTYoeaLsoiM,extracted_texts/G06Q/1020240151668.txt,1020240151668.txt,txt,extracted_texts,G06Q,1020240151668,https://drive.google.com/file/d/1N7G71ygi07VS1ilZ_RzeqfTYoeaLsoiM/view
1GQ1-NoUYuVed1S3v18GSZs12g_pD7Ivh,extracted_texts/G06Q/1020240155158.txt,1020240155158.txt,txt,extracted_texts,G06Q,1020240155158,https://drive.google.com/file/d/1GQ1-NoUYuVed1S3v18GSZs12g_pD7Ivh/view
1s82ThPBFJnCusB9Dm0tBT4wI3dY6f3_i,extracted_texts/G06Q/1020240163127.txt,1020240163127.txt,txt,extracted_texts,G06Q,1020240163127,https://drive.google.com/file/d/1s82ThPBFJnCusB9Dm0tBT4wI3dY6f3_i/view
1Utm8uykHsZHOzZ_HMCIOWi8fzgIKdqJi,extracted_texts/G06Q/1020240168332.txt,1020240168332.txt,txt,extracted_texts,G06Q,1020240168332,https://drive.google.com/file/d/1Utm8uykHsZHOzZ_HMCIOWi8fzgIKdqJi/view
1sRReMUWBGrZxuK4-kF1_L0n853xNhrr4,extracted_texts/G06Q/1020240169312.txt,1020240169312.txt,txt,extracted_texts,G06Q,1020240169312,https://drive.google.com/file/d/1sRReMUWBGrZxuK4-kF1_L0n853xNhrr4/view
1jSXOMQ_2a5dTlYKGpSPxr73baX7unpkq,extracted_texts/G06Q/1020240181445.txt,1020240181445.txt,txt,extracted_texts,G06Q,1020240181445,https://drive.google.com/file/d/1jSXOMQ_2a5dTlYKGpSPxr73baX7unpkq/view
1ZqVQGbZRKTiuL1NkfpUxrOXq2mVonAkS,extracted_texts/G06Q/1020240183341.txt,1020240183341.txt,txt,extracted_texts,G06Q,1020240183341,https://drive.google.com/file/d/1ZqVQGbZRKTiuL1NkfpUxrOXq2mVonAkS/view
14BjkD---xP3j8MaAiGzr0QwpIC43ZRhv,extracted_texts/G06Q/1020240198833.txt,1020240198833.txt,txt,extracted_texts,G06Q,1020240198833,https://drive.google.com/file/d/14BjkD---xP3j8MaAiGzr0QwpIC43ZRhv/view
1XoZUOj8eS57WC8n7rEj7aUcjw3xnABN9,extracted_texts/G06Q/1020250025994.txt,1020250025994.txt,txt,extracted_texts,G06Q,1020250025994,https://drive.google.com/file/d/1XoZUOj8eS57WC8n7rEj7aUcjw3xnABN9/view
14a-XDieCBMVh3r8KX8Zpui8rvBe7FJR2,extracted_texts/G06Q/1020250040002.txt,1020250040002.txt,txt,extracted_texts,G06Q,1020250040002,https://drive.google.com/file/d/14a-XDieCBMVh3r8KX8Zpui8rvBe7FJR2/view
1K2rqUX8pb1Jl9SAkrtOC7EtdbPeIeNYp,extracted_texts/G06Q/1020250042960.txt,1020250042960.txt,txt,extracted_texts,G06Q,1020250042960,https://drive.google.com/file/d/1K2rqUX8pb1Jl9SAkrtOC7EtdbPeIeNYp/view
1ee2m4Pguze6WdtckHC9pVV-YQ7ygrrY5,extracted_texts/G06Q/1020250054620.txt,1020250054620.txt,txt,extracted_texts,G06Q,1020250054620,https://drive.google.com/file/d/1ee2m4Pguze6WdtckHC9pVV-YQ7ygrrY5/view
1O0E9vsmyrCF_m9mLyWEimSsn2ASsD6c9,extracted_texts/G06Q/1020250055479.txt,1020250055479.txt,txt,extracted_texts,G06Q,1020250055479,https://drive.google.com/file/d/1O0E9vsmyrCF_m9mLyWEimSsn2ASsD6c9/view
1JSLY0mw_3GYJeDvel6pPEKtDvcQzkHUV,extracted_texts/G06Q/1020250062630.txt,1020250062630.txt,txt,extracted_texts,G06Q,1020250062630,https://drive.google.com/file/d/1JSLY0mw_3GYJeDvel6pPEKtDvcQzkHUV/view
1XVadjddhnPKxW3k66mKDmrRPTqJNluMs,extracted_texts/G06Q/1020250063117.txt,1020250063117.txt,txt,extracted_texts,G06Q,1020250063117,https://drive.google.com/file/d/1XVadjddhnPKxW3k66mKDmrRPTqJNluMs/view
1uKtDyLPuRqn3AyWZJhvd06gcvI-nFPem,extracted_texts/G06Q/1020250070172.txt,1020250070172.txt,txt,extracted_texts,G06Q,1020250070172,https://drive.google.com/file/d/1uKtDyLPuRqn3AyWZJhvd06gcvI-nFPem/view
1flZWCir302kSf7bE-pNkDMlEbdYUiw5n,extracted_texts/G06Q/1020250071857.txt,1020250071857.txt,txt,extracted_texts,G06Q,1020250071857,https://drive.google.com/file/d/1flZWCir302kSf7bE-pNkDMlEbdYUiw5n/view
1DSFOplJs16MnNoyRr2Jak2V5F_GAC_Nn,extracted_texts/G06Q/1020250081552.txt,1020250081552.txt,txt,extracted_texts,G06Q,1020250081552,https://drive.google.com/file/d/1DSFOplJs16MnNoyRr2Jak2V5F_GAC_Nn/view
1zD94Qg4SwPb9d0jBbUbgKhTzQ5inAvXk,extracted_texts/G06Q/1020250086116.txt,1020250086116.txt,txt,extracted_texts,G06Q,1020250086116,https://drive.google.com/file/d/1zD94Qg4SwPb9d0jBbUbgKhTzQ5inAvXk/view
1K7cj3gW-qfiShmLt_DwRmNEZxEfTg-hY,extracted_texts/G06Q/1020250086141.txt,1020250086141.txt,txt,extracted_texts,G06Q,1020250086141,https://drive.google.com/file/d/1K7cj3gW-qfiShmLt_DwRmNEZxEfTg-hY/view
14L3LyT0JRPd-c8xmHN_OUhCT7-1uEGCu,extracted_texts/G06Q/1020250087595.txt,1020250087595.txt,txt,extracted_texts,G06Q,1020250087595,https://drive.google.com/file/d/14L3LyT0JRPd-c8xmHN_OUhCT7-1uEGCu/view
1iwFQ9kdF0COQPGqWYDhXdPM_F3t07KbX,extracted_texts/G06Q/1020250100985.txt,1020250100985.txt,txt,extracted_texts,G06Q,1020250100985,https://drive.google.com/file/d/1iwFQ9kdF0COQPGqWYDhXdPM_F3t07KbX/view
10Kvq895jRDqPpwb-nuC81QJjg79cdDLi,extracted_texts/G06Q/1020250104210.txt,1020250104210.txt,txt,extracted_texts,G06Q,1020250104210,https://drive.google.com/file/d/10Kvq895jRDqPpwb-nuC81QJjg79cdDLi/view
1RQou3GowyuLknX1SysK9BxWMOY70UGgD,extracted_texts/G06Q/1020250115805.txt,1020250115805.txt,txt,extracted_texts,G06Q,1020250115805,https://drive.google.com/file/d/1RQou3GowyuLknX1SysK9BxWMOY70UGgD/view
1UwPmZjnwhQJsyLinnpLmqx9g2zqRagN7,extracted_texts/G06Q/1020250123649.txt,1020250123649.txt,txt,extracted_texts,G06Q,1020250123649,https://drive.google.com/file/d/1UwPmZjnwhQJsyLinnpLmqx9g2zqRagN7/view
1AoBpc6eKM6hfZeEultFzNZel4ZMYQHcd,extracted_texts/G06Q/1020250125427.txt,1020250125427.txt,txt,extracted_texts,G06Q,1020250125427,https://drive.google.com/file/d/1AoBpc6eKM6hfZeEultFzNZel4ZMYQHcd/view
1XI5051peZynHoe7Uf7V5hV1-V7Rj6pde,extracted_texts/G06Q/1020250157038.txt,1020250157038.txt,txt,extracted_texts,G06Q,1020250157038,https://drive.google.com/file/d/1XI5051peZynHoe7Uf7V5hV1-V7Rj6pde/view
15KWM-MNoLg3ZAn1WPeQWcE1xpAjOGILA,extracted_texts/G06Q/1020250170923.txt,1020250170923.txt,txt,extracted_texts,G06Q,1020250170923,https://drive.google.com/file/d/15KWM-MNoLg3ZAn1WPeQWcE1xpAjOGILA/view
1KnweZEO4jZQx9n0x3ynaQwkcycJFoC1j,extracted_texts/G06Q/1020250186546.txt,1020250186546.txt,txt,extracted_texts,G06Q,1020250186546,https://drive.google.com/file/d/1KnweZEO4jZQx9n0x3ynaQwkcycJFoC1j/view
1b1r5UBDEBc6s_sG01Gfdpi1IONMRXOnN,extracted_texts/G06Q/1020250189399.txt,1020250189399.txt,txt,extracted_texts,G06Q,1020250189399,https://drive.google.com/file/d/1b1r5UBDEBc6s_sG01Gfdpi1IONMRXOnN/view
12pHWEy7FWkLh1W8UjWyPTr8ep8BjDVmH,extracted_texts/G06V/1020147005513.txt,1020147005513.txt,txt,extracted_texts,G06V,1020147005513,https://drive.google.com/file/d/12pHWEy7FWkLh1W8UjWyPTr8ep8BjDVmH/view
1-QSJ4sk9RxUJdOT1fCIH-9sic4AnFLEj,extracted_texts/G06V/1020157015119.txt,1020157015119.txt,txt,extracted_texts,G06V,1020157015119,https://drive.google.com/file/d/1-QSJ4sk9RxUJdOT1fCIH-9sic4AnFLEj/view
106cKmJWBCw8JoE2JY5shNPk6FpBLVAN0,extracted_texts/G06V/1020160177931.txt,1020160177931.txt,txt,extracted_texts,G06V,1020160177931,https://drive.google.com/file/d/106cKmJWBCw8JoE2JY5shNPk6FpBLVAN0/view
1mDaSepu3uUVkEz6zFWOy33jMpLv76KVM,extracted_texts/G06V/1020167005538.txt,1020167005538.txt,txt,extracted_texts,G06V,1020167005538,https://drive.google.com/file/d/1mDaSepu3uUVkEz6zFWOy33jMpLv76KVM/view
1vUc_9fxaEpbLbzNRQQKoovnkZWSY8BBb,extracted_texts/G06V/1020167009581.txt,1020167009581.txt,txt,extracted_texts,G06V,1020167009581,https://drive.google.com/file/d/1vUc_9fxaEpbLbzNRQQKoovnkZWSY8BBb/view
1B_URRt2kY30j6fYOwhTpArDc8D0Hfw8G,extracted_texts/G06V/1020170084177.txt,1020170084177.txt,txt,extracted_texts,G06V,1020170084177,https://drive.google.com/file/d/1B_URRt2kY30j6fYOwhTpArDc8D0Hfw8G/view
1XmbwIBR_mGMziNC3Ui3H9EJNRRX5mGkd,extracted_texts/G06V/1020177006871.txt,1020177006871.txt,txt,extracted_texts,G06V,1020177006871,https://drive.google.com/file/d/1XmbwIBR_mGMziNC3Ui3H9EJNRRX5mGkd/view
1OuErMbvWigda5OGFpPmmlJApydpFO20H,extracted_texts/G06V/1020177008531.txt,1020177008531.txt,txt,extracted_texts,G06V,1020177008531,https://drive.google.com/file/d/1OuErMbvWigda5OGFpPmmlJApydpFO20H/view
1jvehwLh38zrZThiKNnQ0VKOjR2Eky0TI,extracted_texts/G06V/1020177021351.txt,1020177021351.txt,txt,extracted_texts,G06V,1020177021351,https://drive.google.com/file/d/1jvehwLh38zrZThiKNnQ0VKOjR2Eky0TI/view
17g9AGM8ynay5etegYmGHoNBh6PbUy3rM,extracted_texts/G06V/1020187009807.txt,1020187009807.txt,txt,extracted_texts,G06V,1020187009807,https://drive.google.com/file/d/17g9AGM8ynay5etegYmGHoNBh6PbUy3rM/view
16Wg12ALpE6aZOF7kXQw07rs5dacVhKik,extracted_texts/G06V/1020197006033.txt,1020197006033.txt,txt,extracted_texts,G06V,1020197006033,https://drive.google.com/file/d/16Wg12ALpE6aZOF7kXQw07rs5dacVhKik/view
1NpBi3g6xNds9HhAb-mBYGBRJhi0o-4CT,extracted_texts/G06V/1020197009324.txt,1020197009324.txt,txt,extracted_texts,G06V,1020197009324,https://drive.google.com/file/d/1NpBi3g6xNds9HhAb-mBYGBRJhi0o-4CT/view
1k00wpttoM5ykzreEbF_bY1-AISbSgEm5,extracted_texts/G06V/1020197012676.txt,1020197012676.txt,txt,extracted_texts,G06V,1020197012676,https://drive.google.com/file/d/1k00wpttoM5ykzreEbF_bY1-AISbSgEm5/view
1S8H9BJvR4DyKTGaYbGd1xYvU-9_28Ii5,extracted_texts/G06V/1020197015458.txt,1020197015458.txt,txt,extracted_texts,G06V,1020197015458,https://drive.google.com/file/d/1S8H9BJvR4DyKTGaYbGd1xYvU-9_28Ii5/view
1VDPB45QY9fZ0rbiuqOAfM6vqtwPS-lJq,extracted_texts/G06V/1020197021867.txt,1020197021867.txt,txt,extracted_texts,G06V,1020197021867,https://drive.google.com/file/d/1VDPB45QY9fZ0rbiuqOAfM6vqtwPS-lJq/view
1GMi-IUbAdmY2fEnQ58QmouEEZNCRc8xz,extracted_texts/G06V/1020197028921.txt,1020197028921.txt,txt,extracted_texts,G06V,1020197028921,https://drive.google.com/file/d/1GMi-IUbAdmY2fEnQ58QmouEEZNCRc8xz/view
1WxyX4ICFYOZem8R3jwjI9rVwLOvzeJLE,extracted_texts/G06V/1020197029282.txt,1020197029282.txt,txt,extracted_texts,G06V,1020197029282,https://drive.google.com/file/d/1WxyX4ICFYOZem8R3jwjI9rVwLOvzeJLE/view
1s0K-Qag-5KP8t1A5BFzyApHEJjwDTO4W,extracted_texts/G06V/1020197030212.txt,1020197030212.txt,txt,extracted_texts,G06V,1020197030212,https://drive.google.com/file/d/1s0K-Qag-5KP8t1A5BFzyApHEJjwDTO4W/view
1NLP0OmFC6MlszVWFf1bPIwwpgEkxO5fj,extracted_texts/G06V/1020197035219.txt,1020197035219.txt,txt,extracted_texts,G06V,1020197035219,https://drive.google.com/file/d/1NLP0OmFC6MlszVWFf1bPIwwpgEkxO5fj/view
1UdVhttnrm36ozcPpm3OthlcUdAyNG-_A,extracted_texts/G06V/1020197036280.txt,1020197036280.txt,txt,extracted_texts,G06V,1020197036280,https://drive.google.com/file/d/1UdVhttnrm36ozcPpm3OthlcUdAyNG-_A/view
1lI-R1afQyliOfxZEmhCiHVHDVyWJTKVV,extracted_texts/G06V/1020200001717.txt,1020200001717.txt,txt,extracted_texts,G06V,1020200001717,https://drive.google.com/file/d/1lI-R1afQyliOfxZEmhCiHVHDVyWJTKVV/view
1VQBPOEozJRCuNIMilwbTdgIDQN_-QP9R,extracted_texts/G06V/1020200001718.txt,1020200001718.txt,txt,extracted_texts,G06V,1020200001718,https://drive.google.com/file/d/1VQBPOEozJRCuNIMilwbTdgIDQN_-QP9R/view
1AmNF8YnxNeJVOPo1pBX67K0kqWawlY7f,extracted_texts/G06V/1020200001725.txt,1020200001725.txt,txt,extracted_texts,G06V,1020200001725,https://drive.google.com/file/d/1AmNF8YnxNeJVOPo1pBX67K0kqWawlY7f/view
1mIdRUQRDkNeCn_aQEGK-sF7kO_kk_LFV,extracted_texts/G06V/1020200004904.txt,1020200004904.txt,txt,extracted_texts,G06V,1020200004904,https://drive.google.com/file/d/1mIdRUQRDkNeCn_aQEGK-sF7kO_kk_LFV/view
16VH-H9Pi87F5pTTW5sQnXTwvPKj86jKb,extracted_texts/G06V/1020207000829.txt,1020207000829.txt,txt,extracted_texts,G06V,1020207000829,https://drive.google.com/file/d/16VH-H9Pi87F5pTTW5sQnXTwvPKj86jKb/view
1Md2lzxmla_N4XcM1hAYgy2FNFq6ZZPKS,extracted_texts/G06V/1020207006943.txt,1020207006943.txt,txt,extracted_texts,G06V,1020207006943,https://drive.google.com/file/d/1Md2lzxmla_N4XcM1hAYgy2FNFq6ZZPKS/view
1Pc2O18GCsJ0t_Z5idesVSBZRfLEnKeJ8,extracted_texts/G06V/1020207011290.txt,1020207011290.txt,txt,extracted_texts,G06V,1020207011290,https://drive.google.com/file/d/1Pc2O18GCsJ0t_Z5idesVSBZRfLEnKeJ8/view
1Kc3bLrbQ8gYmY6k7A8U-QbzySPF8snNv,extracted_texts/G06V/1020207013827.txt,1020207013827.txt,txt,extracted_texts,G06V,1020207013827,https://drive.google.com/file/d/1Kc3bLrbQ8gYmY6k7A8U-QbzySPF8snNv/view
1kA0ndEucrNyXrGAiCdt9cPr7ydmMZ-mj,extracted_texts/G06V/1020207025178.txt,1020207025178.txt,txt,extracted_texts,G06V,1020207025178,https://drive.google.com/file/d/1kA0ndEucrNyXrGAiCdt9cPr7ydmMZ-mj/view
1hkwLsabOGEWGnZWPgenUYCIsqLPyChWp,extracted_texts/G06V/1020207027826.txt,1020207027826.txt,txt,extracted_texts,G06V,1020207027826,https://drive.google.com/file/d/1hkwLsabOGEWGnZWPgenUYCIsqLPyChWp/view
1Q3ppbvWNX0SUGXJI7wD4Fpvd0y3DxRVF,extracted_texts/G06V/1020207027906.txt,1020207027906.txt,txt,extracted_texts,G06V,1020207027906,https://drive.google.com/file/d/1Q3ppbvWNX0SUGXJI7wD4Fpvd0y3DxRVF/view
182M0nNMWl66xyFZtO6cuBbm-Zv1XGxpT,extracted_texts/G06V/1020207029249.txt,1020207029249.txt,txt,extracted_texts,G06V,1020207029249,https://drive.google.com/file/d/182M0nNMWl66xyFZtO6cuBbm-Zv1XGxpT/view
15rMarJuyyu0LkVJ0p1c1D2PJ8Zo_084J,extracted_texts/G06V/1020207029856.txt,1020207029856.txt,txt,extracted_texts,G06V,1020207029856,https://drive.google.com/file/d/15rMarJuyyu0LkVJ0p1c1D2PJ8Zo_084J/view
1FOyw9XitOvFblRvGcJ1d6I4-LY_5nQGM,extracted_texts/G06V/1020207034340.txt,1020207034340.txt,txt,extracted_texts,G06V,1020207034340,https://drive.google.com/file/d/1FOyw9XitOvFblRvGcJ1d6I4-LY_5nQGM/view
1j_qfVqVEbR7EFDOmBfweScd96voFcnN4,extracted_texts/G06V/1020210060774.txt,1020210060774.txt,txt,extracted_texts,G06V,1020210060774,https://drive.google.com/file/d/1j_qfVqVEbR7EFDOmBfweScd96voFcnN4/view
1_GHm3KvhaufO3d52KtcWANuI85UaKzep,extracted_texts/G06V/1020217010363.txt,1020217010363.txt,txt,extracted_texts,G06V,1020217010363,https://drive.google.com/file/d/1_GHm3KvhaufO3d52KtcWANuI85UaKzep/view
1kE0D7C0OtcODzAFNsxhJXX49fpfIyQtJ,extracted_texts/G06V/1020217012173.txt,1020217012173.txt,txt,extracted_texts,G06V,1020217012173,https://drive.google.com/file/d/1kE0D7C0OtcODzAFNsxhJXX49fpfIyQtJ/view
1zB-lbyEdxitHkZqcFAsAjH5eJdDto6cb,extracted_texts/G06V/1020217018412.txt,1020217018412.txt,txt,extracted_texts,G06V,1020217018412,https://drive.google.com/file/d/1zB-lbyEdxitHkZqcFAsAjH5eJdDto6cb/view
1QhMkAEI5GHCwJukvJKAcgmEkn7E4fxrj,extracted_texts/G06V/1020220074041.txt,1020220074041.txt,txt,extracted_texts,G06V,1020220074041,https://drive.google.com/file/d/1QhMkAEI5GHCwJukvJKAcgmEkn7E4fxrj/view
1XqgTIKFrrgzwq6ltDESwHnkq6iILX-Sc,extracted_texts/G06V/1020220082484.txt,1020220082484.txt,txt,extracted_texts,G06V,1020220082484,https://drive.google.com/file/d/1XqgTIKFrrgzwq6ltDESwHnkq6iILX-Sc/view
1QE8rP-l6JXuxu7R5rspt2jHWfMMorxb7,extracted_texts/G06V/1020220109395.txt,1020220109395.txt,txt,extracted_texts,G06V,1020220109395,https://drive.google.com/file/d/1QE8rP-l6JXuxu7R5rspt2jHWfMMorxb7/view
1EXUt_rKNLKqcSnvyUM6srX_2ahbeIG0r,extracted_texts/G06V/1020220113636.txt,1020220113636.txt,txt,extracted_texts,G06V,1020220113636,https://drive.google.com/file/d/1EXUt_rKNLKqcSnvyUM6srX_2ahbeIG0r/view
1igFUMfpu82LtIrF06CLlFn7Mb62WzCna,extracted_texts/G06V/1020220126066.txt,1020220126066.txt,txt,extracted_texts,G06V,1020220126066,https://drive.google.com/file/d/1igFUMfpu82LtIrF06CLlFn7Mb62WzCna/view
1LGyEX9x07eH3_gTPWfGUjBxOkYQI5CLF,extracted_texts/G06V/1020220143407.txt,1020220143407.txt,txt,extracted_texts,G06V,1020220143407,https://drive.google.com/file/d/1LGyEX9x07eH3_gTPWfGUjBxOkYQI5CLF/view
1oQhKk2Ksu5Pa-bIcTJGRMMYvT3bKOXCk,extracted_texts/G06V/1020220144540.txt,1020220144540.txt,txt,extracted_texts,G06V,1020220144540,https://drive.google.com/file/d/1oQhKk2Ksu5Pa-bIcTJGRMMYvT3bKOXCk/view
1ZU_t5TcmiBLI-glWSEbKfnvl3e2eI-x7,extracted_texts/G06V/1020220153912.txt,1020220153912.txt,txt,extracted_texts,G06V,1020220153912,https://drive.google.com/file/d/1ZU_t5TcmiBLI-glWSEbKfnvl3e2eI-x7/view
19XnMoNw9sqff5OV2xhvdz_G5IyeZb7z5,extracted_texts/G06V/1020220164779.txt,1020220164779.txt,txt,extracted_texts,G06V,1020220164779,https://drive.google.com/file/d/19XnMoNw9sqff5OV2xhvdz_G5IyeZb7z5/view
1mMbC4ntT4CDBglNv6_95OYsYWNelA08j,extracted_texts/G06V/1020220181263.txt,1020220181263.txt,txt,extracted_texts,G06V,1020220181263,https://drive.google.com/file/d/1mMbC4ntT4CDBglNv6_95OYsYWNelA08j/view
1ZK5p0aYgA0txpbnIGXLzeJPMAsQ1FSUL,extracted_texts/G06V/1020220189350.txt,1020220189350.txt,txt,extracted_texts,G06V,1020220189350,https://drive.google.com/file/d/1ZK5p0aYgA0txpbnIGXLzeJPMAsQ1FSUL/view
1m8mnkck3oVEddU5r6bPGTXDDX0zDWdZP,extracted_texts/G06V/1020227011951.txt,1020227011951.txt,txt,extracted_texts,G06V,1020227011951,https://drive.google.com/file/d/1m8mnkck3oVEddU5r6bPGTXDDX0zDWdZP/view
1TL9JZXUzR7FqF5yd5eV1DAhbBEgI64BY,extracted_texts/G06V/1020227020773.txt,1020227020773.txt,txt,extracted_texts,G06V,1020227020773,https://drive.google.com/file/d/1TL9JZXUzR7FqF5yd5eV1DAhbBEgI64BY/view
1zl62_0GmpTZ3uR0pkqJ3om7ByuDDiGqq,extracted_texts/G06V/1020227021931.txt,1020227021931.txt,txt,extracted_texts,G06V,1020227021931,https://drive.google.com/file/d/1zl62_0GmpTZ3uR0pkqJ3om7ByuDDiGqq/view
1YxQ218ThTXaJvLLi-hDyI8qhI0aXBtz8,extracted_texts/G06V/1020227024464.txt,1020227024464.txt,txt,extracted_texts,G06V,1020227024464,https://drive.google.com/file/d/1YxQ218ThTXaJvLLi-hDyI8qhI0aXBtz8/view
1XtDXAVZUyw3A3AdiFpVAlmDwHkBKzweF,extracted_texts/G06V/1020230001162.txt,1020230001162.txt,txt,extracted_texts,G06V,1020230001162,https://drive.google.com/file/d/1XtDXAVZUyw3A3AdiFpVAlmDwHkBKzweF/view
1VF6dfraI3VJh3WUSdsevZYyZ2h7V5PxA,extracted_texts/G06V/1020230009358.txt,1020230009358.txt,txt,extracted_texts,G06V,1020230009358,https://drive.google.com/file/d/1VF6dfraI3VJh3WUSdsevZYyZ2h7V5PxA/view
1D3fh3ubcGgnszuSjfRT5W3cS-UlMsgZx,extracted_texts/G06V/1020230044067.txt,1020230044067.txt,txt,extracted_texts,G06V,1020230044067,https://drive.google.com/file/d/1D3fh3ubcGgnszuSjfRT5W3cS-UlMsgZx/view
1EQxuQrfhvcxw8NtldG1Jbn8IPCCMiAuX,extracted_texts/G06V/1020230048172.txt,1020230048172.txt,txt,extracted_texts,G06V,1020230048172,https://drive.google.com/file/d/1EQxuQrfhvcxw8NtldG1Jbn8IPCCMiAuX/view
1UpgiFiKs3eGwrTtFYyxRSGFZJWeeaoDb,extracted_texts/G06V/1020230052410.txt,1020230052410.txt,txt,extracted_texts,G06V,1020230052410,https://drive.google.com/file/d/1UpgiFiKs3eGwrTtFYyxRSGFZJWeeaoDb/view
1mdmFIRlmpfUH614UPknGx1eyPgge22Qo,extracted_texts/G06V/1020230055750.txt,1020230055750.txt,txt,extracted_texts,G06V,1020230055750,https://drive.google.com/file/d/1mdmFIRlmpfUH614UPknGx1eyPgge22Qo/view
1LSBzcF_eU9MZ_DdX2zN1fFVsCrA4x7Ri,extracted_texts/G06V/1020230056094.txt,1020230056094.txt,txt,extracted_texts,G06V,1020230056094,https://drive.google.com/file/d/1LSBzcF_eU9MZ_DdX2zN1fFVsCrA4x7Ri/view
1X4-dIDlyzlYH-6H6B1puB0kr7eUnF6Co,extracted_texts/G06V/1020230067164.txt,1020230067164.txt,txt,extracted_texts,G06V,1020230067164,https://drive.google.com/file/d/1X4-dIDlyzlYH-6H6B1puB0kr7eUnF6Co/view
10kTzBJXSlrtuxnPbqG_1dNgjoEtCFR-e,extracted_texts/G06V/1020230099067.txt,1020230099067.txt,txt,extracted_texts,G06V,1020230099067,https://drive.google.com/file/d/10kTzBJXSlrtuxnPbqG_1dNgjoEtCFR-e/view
1e2-AU0QugOBiLG6oerYiQ2lxGsxcSEzi,extracted_texts/G06V/1020230101233.txt,1020230101233.txt,txt,extracted_texts,G06V,1020230101233,https://drive.google.com/file/d/1e2-AU0QugOBiLG6oerYiQ2lxGsxcSEzi/view
1WVkzacR_kBWr4xAH56BsliGnIRgC_BVb,extracted_texts/G06V/1020230131194.txt,1020230131194.txt,txt,extracted_texts,G06V,1020230131194,https://drive.google.com/file/d/1WVkzacR_kBWr4xAH56BsliGnIRgC_BVb/view
1lJXy-IwoJr2ENLUPj8eyPucnBTmmewCu,extracted_texts/G06V/1020230133557.txt,1020230133557.txt,txt,extracted_texts,G06V,1020230133557,https://drive.google.com/file/d/1lJXy-IwoJr2ENLUPj8eyPucnBTmmewCu/view
1F_h3Yu-vfvNtV8WzBafPuIKJFooQTNDt,extracted_texts/G06V/1020230160410.txt,1020230160410.txt,txt,extracted_texts,G06V,1020230160410,https://drive.google.com/file/d/1F_h3Yu-vfvNtV8WzBafPuIKJFooQTNDt/view
1mTLfzjkDEk0v1QDhxrXbiYSciLHscdv6,extracted_texts/G06V/1020230195963.txt,1020230195963.txt,txt,extracted_texts,G06V,1020230195963,https://drive.google.com/file/d/1mTLfzjkDEk0v1QDhxrXbiYSciLHscdv6/view
1tAPq6cafDCMtdwjWujlWmZdI3QjsXYfR,extracted_texts/G06V/1020237010470.txt,1020237010470.txt,txt,extracted_texts,G06V,1020237010470,https://drive.google.com/file/d/1tAPq6cafDCMtdwjWujlWmZdI3QjsXYfR/view
1meaPhBUimZlNXocSQoAeh2GG7GIij2Jn,extracted_texts/G06V/1020237032349.txt,1020237032349.txt,txt,extracted_texts,G06V,1020237032349,https://drive.google.com/file/d/1meaPhBUimZlNXocSQoAeh2GG7GIij2Jn/view
1R-mVTQ5fWCGODF35IUrsjfuduRWAtjfX,extracted_texts/G06V/1020240034087.txt,1020240034087.txt,txt,extracted_texts,G06V,1020240034087,https://drive.google.com/file/d/1R-mVTQ5fWCGODF35IUrsjfuduRWAtjfX/view
1tk-B3thPcBsMXP5uQaAlhKENPZYnobHW,extracted_texts/G06V/1020240062790.txt,1020240062790.txt,txt,extracted_texts,G06V,1020240062790,https://drive.google.com/file/d/1tk-B3thPcBsMXP5uQaAlhKENPZYnobHW/view
1Ufm2TRo6zuqHXH561NqR1mdDefcS-XCk,extracted_texts/G06V/1020240067282.txt,1020240067282.txt,txt,extracted_texts,G06V,1020240067282,https://drive.google.com/file/d/1Ufm2TRo6zuqHXH561NqR1mdDefcS-XCk/view
1UCSk4X3IqDqi6vYeY3xSvUVDXCmPN29O,extracted_texts/G06V/1020240086488.txt,1020240086488.txt,txt,extracted_texts,G06V,1020240086488,https://drive.google.com/file/d/1UCSk4X3IqDqi6vYeY3xSvUVDXCmPN29O/view
1nwVcoVYxL5AQEdWI0X1xaRicZj1zZ_uE,extracted_texts/G06V/1020240089956.txt,1020240089956.txt,txt,extracted_texts,G06V,1020240089956,https://drive.google.com/file/d/1nwVcoVYxL5AQEdWI0X1xaRicZj1zZ_uE/view
1Sn9BGIDeVxQUgIoKF4Yk3PBTcnRnZcYJ,extracted_texts/G06V/1020240094169.txt,1020240094169.txt,txt,extracted_texts,G06V,1020240094169,https://drive.google.com/file/d/1Sn9BGIDeVxQUgIoKF4Yk3PBTcnRnZcYJ/view
1zfIOhGUKfUnr62nbhHdUfuUFSnPCTxxg,extracted_texts/G06V/1020240097010.txt,1020240097010.txt,txt,extracted_texts,G06V,1020240097010,https://drive.google.com/file/d/1zfIOhGUKfUnr62nbhHdUfuUFSnPCTxxg/view
15SQaeZEVerwWHXqX8za9254yuLxpcNh2,extracted_texts/G06V/1020240131371.txt,1020240131371.txt,txt,extracted_texts,G06V,1020240131371,https://drive.google.com/file/d/15SQaeZEVerwWHXqX8za9254yuLxpcNh2/view
1xb06HywU-t_OYBoTTFY1U1IdOhkVNKFE,extracted_texts/G06V/1020240133930.txt,1020240133930.txt,txt,extracted_texts,G06V,1020240133930,https://drive.google.com/file/d/1xb06HywU-t_OYBoTTFY1U1IdOhkVNKFE/view
1-KDO0FqGx6Gi6X0IP3OnzR9mGMWdfkT-,extracted_texts/G06V/1020240148756.txt,1020240148756.txt,txt,extracted_texts,G06V,1020240148756,https://drive.google.com/file/d/1-KDO0FqGx6Gi6X0IP3OnzR9mGMWdfkT-/view
1s8eHBlCX8Ki64qegBxVncxWsNxJ4omp5,extracted_texts/G06V/1020240150698.txt,1020240150698.txt,txt,extracted_texts,G06V,1020240150698,https://drive.google.com/file/d/1s8eHBlCX8Ki64qegBxVncxWsNxJ4omp5/view
15Ymr6uFyYj4GnNC6zsYNBra7LeYiI78X,extracted_texts/G06V/1020240179435.txt,1020240179435.txt,txt,extracted_texts,G06V,1020240179435,https://drive.google.com/file/d/15Ymr6uFyYj4GnNC6zsYNBra7LeYiI78X/view
1bKErgbweTm5Wqlpf0RVs7otclRyLY82l,extracted_texts/G06V/1020240180773.txt,1020240180773.txt,txt,extracted_texts,G06V,1020240180773,https://drive.google.com/file/d/1bKErgbweTm5Wqlpf0RVs7otclRyLY82l/view
1_6iPl3FDEJgMtu5Yo4RCN1pkT00qAQhH,extracted_texts/G06V/1020247000620.txt,1020247000620.txt,txt,extracted_texts,G06V,1020247000620,https://drive.google.com/file/d/1_6iPl3FDEJgMtu5Yo4RCN1pkT00qAQhH/view
1KhGP5MiDjMV9dUau1CrxHYpEqy87OGfc,extracted_texts/G06V/1020247015800.txt,1020247015800.txt,txt,extracted_texts,G06V,1020247015800,https://drive.google.com/file/d/1KhGP5MiDjMV9dUau1CrxHYpEqy87OGfc/view
15ZwV4g5jrxkh2DDYTg09_Q_zIuWwAO7i,extracted_texts/G06V/1020250000079.txt,1020250000079.txt,txt,extracted_texts,G06V,1020250000079,https://drive.google.com/file/d/15ZwV4g5jrxkh2DDYTg09_Q_zIuWwAO7i/view
1wd9fiM-vTZmpVquKZBpBSHYOSgWXz9pv,extracted_texts/G06V/1020250025755.txt,1020250025755.txt,txt,extracted_texts,G06V,1020250025755,https://drive.google.com/file/d/1wd9fiM-vTZmpVquKZBpBSHYOSgWXz9pv/view
13D_0RJE7qhZ4sKkt247w_LK7d8CFoXvf,extracted_texts/G06V/1020250049394.txt,1020250049394.txt,txt,extracted_texts,G06V,1020250049394,https://drive.google.com/file/d/13D_0RJE7qhZ4sKkt247w_LK7d8CFoXvf/view
1c5R0I5-5s9xRgDra2iU9oVcrBaJxvvUv,extracted_texts/G06V/1020250060655.txt,1020250060655.txt,txt,extracted_texts,G06V,1020250060655,https://drive.google.com/file/d/1c5R0I5-5s9xRgDra2iU9oVcrBaJxvvUv/view
17SxhbHSjvcbDo1FBH23jvdTOr2O5rYDA,extracted_texts/G06V/1020250065868.txt,1020250065868.txt,txt,extracted_texts,G06V,1020250065868,https://drive.google.com/file/d/17SxhbHSjvcbDo1FBH23jvdTOr2O5rYDA/view
14zLwJ1Y-HDNcMREj6AZwCSnHuxmS15vl,extracted_texts/G06V/1020250096518.txt,1020250096518.txt,txt,extracted_texts,G06V,1020250096518,https://drive.google.com/file/d/14zLwJ1Y-HDNcMREj6AZwCSnHuxmS15vl/view
1oxAMnOralZwA9IVs-qPhHqWwurE0vIVa,extracted_texts/G06V/1020250096583.txt,1020250096583.txt,txt,extracted_texts,G06V,1020250096583,https://drive.google.com/file/d/1oxAMnOralZwA9IVs-qPhHqWwurE0vIVa/view
1WIcsT2OE2dSRkukNXCAJO8y7HGMi36sU,extracted_texts/G06V/1020250109740.txt,1020250109740.txt,txt,extracted_texts,G06V,1020250109740,https://drive.google.com/file/d/1WIcsT2OE2dSRkukNXCAJO8y7HGMi36sU/view
1q3gT2K00T-70bC75d48-nvp5gcxFWaL3,extracted_texts/G06V/1020250115591.txt,1020250115591.txt,txt,extracted_texts,G06V,1020250115591,https://drive.google.com/file/d/1q3gT2K00T-70bC75d48-nvp5gcxFWaL3/view
1fywqSIKTO9pG3szoE23Kc6_AdHHmNbUz,extracted_texts/G06V/1020250126811.txt,1020250126811.txt,txt,extracted_texts,G06V,1020250126811,https://drive.google.com/file/d/1fywqSIKTO9pG3szoE23Kc6_AdHHmNbUz/view
1HSeMZD_sLpNuw1RZKu6RofCqDJZluINS,extracted_texts/G06V/1020250132107.txt,1020250132107.txt,txt,extracted_texts,G06V,1020250132107,https://drive.google.com/file/d/1HSeMZD_sLpNuw1RZKu6RofCqDJZluINS/view
1spBWyXaHcMKW2nA0O6IFtHCfuaEOaf1v,extracted_texts/G06V/1020250162568.txt,1020250162568.txt,txt,extracted_texts,G06V,1020250162568,https://drive.google.com/file/d/1spBWyXaHcMKW2nA0O6IFtHCfuaEOaf1v/view
1jgnJKIbkmqnq_V2LMe4qaC6oPWJCgwqL,extracted_texts/G06V/1020250172807.txt,1020250172807.txt,txt,extracted_texts,G06V,1020250172807,https://drive.google.com/file/d/1jgnJKIbkmqnq_V2LMe4qaC6oPWJCgwqL/view
1z8RlwoHV5ZCOxpBQtfLhheSfDo2yVCsq,G06F/1020080137371.pdf,1020080137371.pdf,pdf,G06F,G06F,1020080137371,https://drive.google.com/file/d/1z8RlwoHV5ZCOxpBQtfLhheSfDo2yVCsq/view
1KSxIqZHKcPqfOcWg_g-_6tO_bsr_LuW_,G06F/1020087021561.pdf,1020087021561.pdf,pdf,G06F,G06F,1020087021561,https://drive.google.com/file/d/1KSxIqZHKcPqfOcWg_g-_6tO_bsr_LuW_/view
1J3tfbvIKEgNZ3aoyTerV2tCr0BSXiclR,G06F/1020097002237.pdf,1020097002237.pdf,pdf,G06F,G06F,1020097002237,https://drive.google.com/file/d/1J3tfbvIKEgNZ3aoyTerV2tCr0BSXiclR/view
190UFJuKtAK8B5cqrAIrewaL6ZrtbtMnt,G06F/1020097023628.pdf,1020097023628.pdf,pdf,G06F,G06F,1020097023628,https://drive.google.com/file/d/190UFJuKtAK8B5cqrAIrewaL6ZrtbtMnt/view
1u0BJt-5wF6by-zESC4h7v4zxxQtvUMa4,G06F/1020100012456.pdf,1020100012456.pdf,pdf,G06F,G06F,1020100012456,https://drive.google.com/file/d/1u0BJt-5wF6by-zESC4h7v4zxxQtvUMa4/view
1spy0OiZd2tzCMkeqxZLMejL9mhW7oO-e,G06F/1020100033703.pdf,1020100033703.pdf,pdf,G06F,G06F,1020100033703,https://drive.google.com/file/d/1spy0OiZd2tzCMkeqxZLMejL9mhW7oO-e/view
1o9NaNmZKOdnVvcPMhTiTP_iBlGBrqELt,G06F/1020107008865.pdf,1020107008865.pdf,pdf,G06F,G06F,1020107008865,https://drive.google.com/file/d/1o9NaNmZKOdnVvcPMhTiTP_iBlGBrqELt/view
1fBSVx9Y4NjiNBn5Uq628ZgBaImvoAGwO,G06F/1020110097739.pdf,1020110097739.pdf,pdf,G06F,G06F,1020110097739,https://drive.google.com/file/d/1fBSVx9Y4NjiNBn5Uq628ZgBaImvoAGwO/view
157oZ8ae4_e3HdsIT3Ywp_L14jFLEBFc9,G06F/1020110106492.pdf,1020110106492.pdf,pdf,G06F,G06F,1020110106492,https://drive.google.com/file/d/157oZ8ae4_e3HdsIT3Ywp_L14jFLEBFc9/view
1ilwG3Ab1AVE3eurje2Z1fEpBk-I6sDrh,G06F/1020117002469.pdf,1020117002469.pdf,pdf,G06F,G06F,1020117002469,https://drive.google.com/file/d/1ilwG3Ab1AVE3eurje2Z1fEpBk-I6sDrh/view
1wb-8WN4aPKLqTShZYddLN0ZeDBnKkYsb,G06F/1020117016711.pdf,1020117016711.pdf,pdf,G06F,G06F,1020117016711,https://drive.google.com/file/d/1wb-8WN4aPKLqTShZYddLN0ZeDBnKkYsb/view
1FzZYXGOZLk2A1f45Jb1gg0xoReNtt6CE,G06F/1020117018607.pdf,1020117018607.pdf,pdf,G06F,G06F,1020117018607,https://drive.google.com/file/d/1FzZYXGOZLk2A1f45Jb1gg0xoReNtt6CE/view
1csBtHfDachvguqcGNiwsmZpQzyiGeGr5,G06F/1020120121549.pdf,1020120121549.pdf,pdf,G06F,G06F,1020120121549,https://drive.google.com/file/d/1csBtHfDachvguqcGNiwsmZpQzyiGeGr5/view
1NQ7VMg1S_-GQWDS3m7_xjpWSFsIAlPbM,G06F/1020130042378.pdf,1020130042378.pdf,pdf,G06F,G06F,1020130042378,https://drive.google.com/file/d/1NQ7VMg1S_-GQWDS3m7_xjpWSFsIAlPbM/view
17rkeoiHkgWA95qFGV7Yb4azs0tdAb8EF,G06F/1020130103252.pdf,1020130103252.pdf,pdf,G06F,G06F,1020130103252,https://drive.google.com/file/d/17rkeoiHkgWA95qFGV7Yb4azs0tdAb8EF/view
15OG9-2D7oX2j_HjQdQXHwjiGAOvTm-02,G06F/1020130123902.pdf,1020130123902.pdf,pdf,G06F,G06F,1020130123902,https://drive.google.com/file/d/15OG9-2D7oX2j_HjQdQXHwjiGAOvTm-02/view
1ZE1hO7Phtd_Xl-QbV2VuaabxUWD8PqrU,G06F/1020130164153.pdf,1020130164153.pdf,pdf,G06F,G06F,1020130164153,https://drive.google.com/file/d/1ZE1hO7Phtd_Xl-QbV2VuaabxUWD8PqrU/view
1nlTqVqHsRIGSNMu2T2I1Fg6AriGIAipP,G06F/1020137020101.pdf,1020137020101.pdf,pdf,G06F,G06F,1020137020101,https://drive.google.com/file/d/1nlTqVqHsRIGSNMu2T2I1Fg6AriGIAipP/view
1cyqGUJRMKia5suHsFhC9uP7Q7uHzJ-bd,G06F/1020140153875.pdf,1020140153875.pdf,pdf,G06F,G06F,1020140153875,https://drive.google.com/file/d/1cyqGUJRMKia5suHsFhC9uP7Q7uHzJ-bd/view
1qlIsfuElcN6QgZCJOTnRTm0Uyom0M498,G06F/1020147031233.pdf,1020147031233.pdf,pdf,G06F,G06F,1020147031233,https://drive.google.com/file/d/1qlIsfuElcN6QgZCJOTnRTm0Uyom0M498/view
14kptyRAbTyGO9Q2UTQlsSCuCYQMDQf10,G06F/1020147031950.pdf,1020147031950.pdf,pdf,G06F,G06F,1020147031950,https://drive.google.com/file/d/14kptyRAbTyGO9Q2UTQlsSCuCYQMDQf10/view
1nowF23L7vnAlZ1wb7eQTNQHLeS8t7QMd,G06F/1020147034720.pdf,1020147034720.pdf,pdf,G06F,G06F,1020147034720,https://drive.google.com/file/d/1nowF23L7vnAlZ1wb7eQTNQHLeS8t7QMd/view
1tc06DvJmU4SHkp1rVRj6uzqCAGPFDVU-,G06F/1020150188319.pdf,1020150188319.pdf,pdf,G06F,G06F,1020150188319,https://drive.google.com/file/d/1tc06DvJmU4SHkp1rVRj6uzqCAGPFDVU-/view
1wgzqtlJVcLTjqnWXWK5iylxLbDfbqQQx,G06F/1020157016920.pdf,1020157016920.pdf,pdf,G06F,G06F,1020157016920,https://drive.google.com/file/d/1wgzqtlJVcLTjqnWXWK5iylxLbDfbqQQx/view
1t_vk53DwQsLkfBFf6Xm4Ip_pLsa-s8WG,G06F/1020157028995.pdf,1020157028995.pdf,pdf,G06F,G06F,1020157028995,https://drive.google.com/file/d/1t_vk53DwQsLkfBFf6Xm4Ip_pLsa-s8WG/view
19gO6s9FCbRyIKa6BljAJf_MbVLEhbgAn,G06F/1020157035775.pdf,1020157035775.pdf,pdf,G06F,G06F,1020157035775,https://drive.google.com/file/d/19gO6s9FCbRyIKa6BljAJf_MbVLEhbgAn/view
1idRW2IHtig8gDWHMk_cZdCnG2zkP7cdU,G06F/1020160065686.pdf,1020160065686.pdf,pdf,G06F,G06F,1020160065686,https://drive.google.com/file/d/1idRW2IHtig8gDWHMk_cZdCnG2zkP7cdU/view
1ToCl-SpiWJINgEd_w1zFAyTyPEyPrcu-,G06F/1020160092098.pdf,1020160092098.pdf,pdf,G06F,G06F,1020160092098,https://drive.google.com/file/d/1ToCl-SpiWJINgEd_w1zFAyTyPEyPrcu-/view
1wz8SDXZYOofLZSJS2lRXfmI5PsbxqmeZ,G06F/1020160098727.pdf,1020160098727.pdf,pdf,G06F,G06F,1020160098727,https://drive.google.com/file/d/1wz8SDXZYOofLZSJS2lRXfmI5PsbxqmeZ/view
1DbbHzQk1Z2j1LZhdz9Hp4SW9CdbnNsHh,G06F/1020160153100.pdf,1020160153100.pdf,pdf,G06F,G06F,1020160153100,https://drive.google.com/file/d/1DbbHzQk1Z2j1LZhdz9Hp4SW9CdbnNsHh/view
177RCT-la_RGLPOpcioY19HmZaLiO5Kkf,G06F/1020160178398.pdf,1020160178398.pdf,pdf,G06F,G06F,1020160178398,https://drive.google.com/file/d/177RCT-la_RGLPOpcioY19HmZaLiO5Kkf/view
1LeGrdbhnHW_O9pnPIL4pX_FPPdsJDlfh,G06F/1020167013936.pdf,1020167013936.pdf,pdf,G06F,G06F,1020167013936,https://drive.google.com/file/d/1LeGrdbhnHW_O9pnPIL4pX_FPPdsJDlfh/view
1aXlhP8nlfUJsHbb249mIq71OolTnn_4y,G06F/1020167020762.pdf,1020167020762.pdf,pdf,G06F,G06F,1020167020762,https://drive.google.com/file/d/1aXlhP8nlfUJsHbb249mIq71OolTnn_4y/view
1EsODnj7syvsy_8K4993Zft_iW1F6o3Md,G06F/1020170003374.pdf,1020170003374.pdf,pdf,G06F,G06F,1020170003374,https://drive.google.com/file/d/1EsODnj7syvsy_8K4993Zft_iW1F6o3Md/view
1GruCHd0pBXgKWXKu2iVlwll4O7q0OhaC,G06F/1020170060322.pdf,1020170060322.pdf,pdf,G06F,G06F,1020170060322,https://drive.google.com/file/d/1GruCHd0pBXgKWXKu2iVlwll4O7q0OhaC/view
1S6Ib9v4pHa_G_7PACxD13DvVletx_75w,G06F/1020170106440.pdf,1020170106440.pdf,pdf,G06F,G06F,1020170106440,https://drive.google.com/file/d/1S6Ib9v4pHa_G_7PACxD13DvVletx_75w/view
1rHnNLlmmS4Fc5KKfahS_DLI4M7r5nbr2,G06F/1020170111374.pdf,1020170111374.pdf,pdf,G06F,G06F,1020170111374,https://drive.google.com/file/d/1rHnNLlmmS4Fc5KKfahS_DLI4M7r5nbr2/view
1cRMpBX0E9WbXzZpeeLFpUQcA8bae0hez,G06F/1020170144234.pdf,1020170144234.pdf,pdf,G06F,G06F,1020170144234,https://drive.google.com/file/d/1cRMpBX0E9WbXzZpeeLFpUQcA8bae0hez/view
1ADY9Qc3PM5TQ-alDud67sV0f_KTg-3J9,G06F/1020177003279.pdf,1020177003279.pdf,pdf,G06F,G06F,1020177003279,https://drive.google.com/file/d/1ADY9Qc3PM5TQ-alDud67sV0f_KTg-3J9/view
1Pk1bwvqViNie0sl-hOLV9d9D_DFWUBjA,G06F/1020177035954.pdf,1020177035954.pdf,pdf,G06F,G06F,1020177035954,https://drive.google.com/file/d/1Pk1bwvqViNie0sl-hOLV9d9D_DFWUBjA/view
17PDKXni9T0xkTAsSCWix83Se_UmKIPk2,G06F/1020180009850.pdf,1020180009850.pdf,pdf,G06F,G06F,1020180009850,https://drive.google.com/file/d/17PDKXni9T0xkTAsSCWix83Se_UmKIPk2/view
1NRvQyigoJq9rpJVCl1JgKqe3FxHmT8W6,G06F/1020180095881.pdf,1020180095881.pdf,pdf,G06F,G06F,1020180095881,https://drive.google.com/file/d/1NRvQyigoJq9rpJVCl1JgKqe3FxHmT8W6/view
1lXTx-dlZixP-UnLS7wdyigSvTVR48Ehq,G06F/1020180096099.pdf,1020180096099.pdf,pdf,G06F,G06F,1020180096099,https://drive.google.com/file/d/1lXTx-dlZixP-UnLS7wdyigSvTVR48Ehq/view
1sYJiRr4oAEiBUEkdBF0MiP9Sd66S6EAK,G06F/1020180122065.pdf,1020180122065.pdf,pdf,G06F,G06F,1020180122065,https://drive.google.com/file/d/1sYJiRr4oAEiBUEkdBF0MiP9Sd66S6EAK/view
1DCBArVk_OcqIMdkuU2tgyjitBUMLa0df,G06F/1020180139369.pdf,1020180139369.pdf,pdf,G06F,G06F,1020180139369,https://drive.google.com/file/d/1DCBArVk_OcqIMdkuU2tgyjitBUMLa0df/view
1-rEwBehwqSwNBJ1-GQvhmCmQKKw2kGcN,G06F/1020180167336.pdf,1020180167336.pdf,pdf,G06F,G06F,1020180167336,https://drive.google.com/file/d/1-rEwBehwqSwNBJ1-GQvhmCmQKKw2kGcN/view
1nTbhnW2EGVYtdr_KvVwwfglJrUSx0kgU,G06F/1020187021040.pdf,1020187021040.pdf,pdf,G06F,G06F,1020187021040,https://drive.google.com/file/d/1nTbhnW2EGVYtdr_KvVwwfglJrUSx0kgU/view
1T83DOu1VXpPRM0wrgpaU6Y_tEbCzD4KZ,G06F/1020187036139.pdf,1020187036139.pdf,pdf,G06F,G06F,1020187036139,https://drive.google.com/file/d/1T83DOu1VXpPRM0wrgpaU6Y_tEbCzD4KZ/view
1ODdCbT8GA0EIZJkt57lk7RgMByczvB96,G06F/1020190024451.pdf,1020190024451.pdf,pdf,G06F,G06F,1020190024451,https://drive.google.com/file/d/1ODdCbT8GA0EIZJkt57lk7RgMByczvB96/view
1F1lp1PiLvFXx2yCCbz8mYk6Uv9QTh4TD,G06F/1020190140001.pdf,1020190140001.pdf,pdf,G06F,G06F,1020190140001,https://drive.google.com/file/d/1F1lp1PiLvFXx2yCCbz8mYk6Uv9QTh4TD/view
1WY6d6pneXAPx_Ag9o8vHjajMXRAZdX4i,G06F/1020197020740.pdf,1020197020740.pdf,pdf,G06F,G06F,1020197020740,https://drive.google.com/file/d/1WY6d6pneXAPx_Ag9o8vHjajMXRAZdX4i/view
1Jb49DUOIVL2Kk6Gk01JiN1s-A--fFwHK,G06F/1020200015713.pdf,1020200015713.pdf,pdf,G06F,G06F,1020200015713,https://drive.google.com/file/d/1Jb49DUOIVL2Kk6Gk01JiN1s-A--fFwHK/view
1PR_NXi3DsdcvPAs9dufwkV20QxrNcT51,G06F/1020200018698.pdf,1020200018698.pdf,pdf,G06F,G06F,1020200018698,https://drive.google.com/file/d/1PR_NXi3DsdcvPAs9dufwkV20QxrNcT51/view
1E8T0uNFUwU58y_09F7N8cHWJrUhQMPOq,G06F/1020200075626.pdf,1020200075626.pdf,pdf,G06F,G06F,1020200075626,https://drive.google.com/file/d/1E8T0uNFUwU58y_09F7N8cHWJrUhQMPOq/view
1Cy8bQd8o5cHhfCqC4FTQMz30DEJdicTA,G06F/1020200085142.pdf,1020200085142.pdf,pdf,G06F,G06F,1020200085142,https://drive.google.com/file/d/1Cy8bQd8o5cHhfCqC4FTQMz30DEJdicTA/view
1BoHR-VidLrl5MDM09T_p3_Q-67uqVV3L,G06F/1020200106077.pdf,1020200106077.pdf,pdf,G06F,G06F,1020200106077,https://drive.google.com/file/d/1BoHR-VidLrl5MDM09T_p3_Q-67uqVV3L/view
1UmLbf7A4mdUyRjwatttOxkRrru9aPfO3,G06F/1020200113681.pdf,1020200113681.pdf,pdf,G06F,G06F,1020200113681,https://drive.google.com/file/d/1UmLbf7A4mdUyRjwatttOxkRrru9aPfO3/view
10AeR9jRrweXiPSwFkohXpF1BwlqI6vCU,G06F/1020200128459.pdf,1020200128459.pdf,pdf,G06F,G06F,1020200128459,https://drive.google.com/file/d/10AeR9jRrweXiPSwFkohXpF1BwlqI6vCU/view
1_lNYfWnskQJnMQ0gG321rNco-fPgVkh6,G06F/1020200131294.pdf,1020200131294.pdf,pdf,G06F,G06F,1020200131294,https://drive.google.com/file/d/1_lNYfWnskQJnMQ0gG321rNco-fPgVkh6/view
1uiOnKpblVvCKYSCdrB6v608hd3YQfqJJ,G06F/1020200132040.pdf,1020200132040.pdf,pdf,G06F,G06F,1020200132040,https://drive.google.com/file/d/1uiOnKpblVvCKYSCdrB6v608hd3YQfqJJ/view
1YjFy8X9OMkrnGo-0ALV8fj8UliOiji9g,G06F/1020200142527.pdf,1020200142527.pdf,pdf,G06F,G06F,1020200142527,https://drive.google.com/file/d/1YjFy8X9OMkrnGo-0ALV8fj8UliOiji9g/view
1FM-F72tNu1PgAXVE-Y10byIbwXbz9tP6,G06F/1020200178328.pdf,1020200178328.pdf,pdf,G06F,G06F,1020200178328,https://drive.google.com/file/d/1FM-F72tNu1PgAXVE-Y10byIbwXbz9tP6/view
1cMTNnJYyfwC_0vbfJg0tW_sOY-Fq_4lP,G06F/1020210071303.pdf,1020210071303.pdf,pdf,G06F,G06F,1020210071303,https://drive.google.com/file/d/1cMTNnJYyfwC_0vbfJg0tW_sOY-Fq_4lP/view
1UZ32yhZBPl2CKrYM-LOU_E-Fx771hxd2,G06F/1020210078871.pdf,1020210078871.pdf,pdf,G06F,G06F,1020210078871,https://drive.google.com/file/d/1UZ32yhZBPl2CKrYM-LOU_E-Fx771hxd2/view
1utQmmnbSZT_JGyyOP_T92shsi5Z7ZY9o,G06F/1020210089230.pdf,1020210089230.pdf,pdf,G06F,G06F,1020210089230,https://drive.google.com/file/d/1utQmmnbSZT_JGyyOP_T92shsi5Z7ZY9o/view
18b0bT9yWfDzrbyxch4PDv9m0WDKCuLdf,G06F/1020210108151.pdf,1020210108151.pdf,pdf,G06F,G06F,1020210108151,https://drive.google.com/file/d/18b0bT9yWfDzrbyxch4PDv9m0WDKCuLdf/view
12c6rJLUqlPVju2DsebT5j-yKidj_v7rE,G06F/1020210117592.pdf,1020210117592.pdf,pdf,G06F,G06F,1020210117592,https://drive.google.com/file/d/12c6rJLUqlPVju2DsebT5j-yKidj_v7rE/view
1zmMPCANbkHjfIIB6IENbiL1_Ev2ROFp1,G06F/1020210137011.pdf,1020210137011.pdf,pdf,G06F,G06F,1020210137011,https://drive.google.com/file/d/1zmMPCANbkHjfIIB6IENbiL1_Ev2ROFp1/view
15td74j6P-y8ZrguSzsGSAgm85BSysKmN,G06F/1020210146786.pdf,1020210146786.pdf,pdf,G06F,G06F,1020210146786,https://drive.google.com/file/d/15td74j6P-y8ZrguSzsGSAgm85BSysKmN/view
19vbneHOytvYz9kk7VS8esClQElT_rbkN,G06F/1020210162272.pdf,1020210162272.pdf,pdf,G06F,G06F,1020210162272,https://drive.google.com/file/d/19vbneHOytvYz9kk7VS8esClQElT_rbkN/view
1BIU5FcnFT9N8OB2_LyUsJt7POapYaKPZ,G06F/1020210162275.pdf,1020210162275.pdf,pdf,G06F,G06F,1020210162275,https://drive.google.com/file/d/1BIU5FcnFT9N8OB2_LyUsJt7POapYaKPZ/view
1drECo_5hrRcf086RlGnHvM-ioRFjvqMD,G06F/1020210187390.pdf,1020210187390.pdf,pdf,G06F,G06F,1020210187390,https://drive.google.com/file/d/1drECo_5hrRcf086RlGnHvM-ioRFjvqMD/view
1YjZk4Y__xYJe589VIprTwoMrv_paEYEj,G06F/1020217006505.pdf,1020217006505.pdf,pdf,G06F,G06F,1020217006505,https://drive.google.com/file/d/1YjZk4Y__xYJe589VIprTwoMrv_paEYEj/view
1I_rwPe_kne3iR0D41rdKxYJhAKqPWAkf,G06F/1020217010501.pdf,1020217010501.pdf,pdf,G06F,G06F,1020217010501,https://drive.google.com/file/d/1I_rwPe_kne3iR0D41rdKxYJhAKqPWAkf/view
1vaKrwfZfDHEImogpitbHRHA7rR-aGLAG,G06F/1020220033006.pdf,1020220033006.pdf,pdf,G06F,G06F,1020220033006,https://drive.google.com/file/d/1vaKrwfZfDHEImogpitbHRHA7rR-aGLAG/view
1ww0QNjGX9WXu5QJrePk18-ebxH-Ks_M2,G06F/1020220049475.pdf,1020220049475.pdf,pdf,G06F,G06F,1020220049475,https://drive.google.com/file/d/1ww0QNjGX9WXu5QJrePk18-ebxH-Ks_M2/view
1mHl5gglZv0i1xxxop0vguHpEHHJWg5es,G06F/1020220102659.pdf,1020220102659.pdf,pdf,G06F,G06F,1020220102659,https://drive.google.com/file/d/1mHl5gglZv0i1xxxop0vguHpEHHJWg5es/view
1qe0IB6MIvrZ5xhOSi743h9hksomR71MI,G06F/1020220103522.pdf,1020220103522.pdf,pdf,G06F,G06F,1020220103522,https://drive.google.com/file/d/1qe0IB6MIvrZ5xhOSi743h9hksomR71MI/view
1DVD6TqFJw6y-N9k4vBBVZVBxUglUc33W,G06F/1020220168043.pdf,1020220168043.pdf,pdf,G06F,G06F,1020220168043,https://drive.google.com/file/d/1DVD6TqFJw6y-N9k4vBBVZVBxUglUc33W/view
1sUS6qwQVwTLGEHja9rFgvKYWZ4zllkCP,G06F/1020220171274.pdf,1020220171274.pdf,pdf,G06F,G06F,1020220171274,https://drive.google.com/file/d/1sUS6qwQVwTLGEHja9rFgvKYWZ4zllkCP/view
1eSXI-XD1MuGEwX_QsOfAC7rqTtGvezdt,G06F/1020220185203.pdf,1020220185203.pdf,pdf,G06F,G06F,1020220185203,https://drive.google.com/file/d/1eSXI-XD1MuGEwX_QsOfAC7rqTtGvezdt/view
1bP8SpCItR1cMQSeKr93O38TJg0cy9fma,G06F/1020227000771.pdf,1020227000771.pdf,pdf,G06F,G06F,1020227000771,https://drive.google.com/file/d/1bP8SpCItR1cMQSeKr93O38TJg0cy9fma/view
1yK9e3SqDB0HsNtIPtviX2PChRV__1PUl,G06F/1020227032359.pdf,1020227032359.pdf,pdf,G06F,G06F,1020227032359,https://drive.google.com/file/d/1yK9e3SqDB0HsNtIPtviX2PChRV__1PUl/view
11CQ-EShtQDBKTcHZPaWpyEjEWKU96XxT,G06F/1020230017894.pdf,1020230017894.pdf,pdf,G06F,G06F,1020230017894,https://drive.google.com/file/d/11CQ-EShtQDBKTcHZPaWpyEjEWKU96XxT/view
1ymbgqAdhpn2bfCuIpL7EPIvS0kXpMtdo,G06F/1020230035760.pdf,1020230035760.pdf,pdf,G06F,G06F,1020230035760,https://drive.google.com/file/d/1ymbgqAdhpn2bfCuIpL7EPIvS0kXpMtdo/view
18VEC4YI_7-tj1_Vwgv6qxkL0r2lTJ58U,G06F/1020230041438.pdf,1020230041438.pdf,pdf,G06F,G06F,1020230041438,https://drive.google.com/file/d/18VEC4YI_7-tj1_Vwgv6qxkL0r2lTJ58U/view
14h5cvcXYqRrk5t1VuR1sgWGgzjqiw8lU,G06F/1020230059664.pdf,1020230059664.pdf,pdf,G06F,G06F,1020230059664,https://drive.google.com/file/d/14h5cvcXYqRrk5t1VuR1sgWGgzjqiw8lU/view
1lbcqxjYqc6XI3yhqgN73ggQpMlOrZ3nH,G06F/1020230060320.pdf,1020230060320.pdf,pdf,G06F,G06F,1020230060320,https://drive.google.com/file/d/1lbcqxjYqc6XI3yhqgN73ggQpMlOrZ3nH/view
1Hwxo2z9z_3rAXxKtpV5Gd7Q5pDkpuVWZ,G06F/1020230101200.pdf,1020230101200.pdf,pdf,G06F,G06F,1020230101200,https://drive.google.com/file/d/1Hwxo2z9z_3rAXxKtpV5Gd7Q5pDkpuVWZ/view
1EXgCsDBVZiiaj_aUYyVsdUgAgosysLyt,G06F/1020230133641.pdf,1020230133641.pdf,pdf,G06F,G06F,1020230133641,https://drive.google.com/file/d/1EXgCsDBVZiiaj_aUYyVsdUgAgosysLyt/view
10h1yZw2e6kmgxzQiwnAJ0YeiheWfO8Ev,G06F/1020230153895.pdf,1020230153895.pdf,pdf,G06F,G06F,1020230153895,https://drive.google.com/file/d/10h1yZw2e6kmgxzQiwnAJ0YeiheWfO8Ev/view
1fXOO7GCUpZvGowB5AWNKWLDIPGDLPGTg,G06F/1020237023329.pdf,1020237023329.pdf,pdf,G06F,G06F,1020237023329,https://drive.google.com/file/d/1fXOO7GCUpZvGowB5AWNKWLDIPGDLPGTg/view
1oZJ06G6EeO9u1B3t5Y7xKMNFJcP-lbkO,G06F/1020237024663.pdf,1020237024663.pdf,pdf,G06F,G06F,1020237024663,https://drive.google.com/file/d/1oZJ06G6EeO9u1B3t5Y7xKMNFJcP-lbkO/view
1X04GSN44yxe0mocRiSFWEKNLMejWxfvd,G06F/1020240064459.pdf,1020240064459.pdf,pdf,G06F,G06F,1020240064459,https://drive.google.com/file/d/1X04GSN44yxe0mocRiSFWEKNLMejWxfvd/view
1d35pGaX6EhfdpFWsCPJDCMcrZXOjhk5e,G06F/1020240101366.pdf,1020240101366.pdf,pdf,G06F,G06F,1020240101366,https://drive.google.com/file/d/1d35pGaX6EhfdpFWsCPJDCMcrZXOjhk5e/view
1yd4-zXVbILW46Z_7u4n8Ig246OiLxBnj,G06F/1020240108647.pdf,1020240108647.pdf,pdf,G06F,G06F,1020240108647,https://drive.google.com/file/d/1yd4-zXVbILW46Z_7u4n8Ig246OiLxBnj/view
1l_IeZlLZB0LVJuJArkuyJ2l3XiMGRuud,G06F/1020240128600.pdf,1020240128600.pdf,pdf,G06F,G06F,1020240128600,https://drive.google.com/file/d/1l_IeZlLZB0LVJuJArkuyJ2l3XiMGRuud/view
1WoqguLIE0mmKPrXmul24Qlz6c6oWCQoW,G06F/1020240128601.pdf,1020240128601.pdf,pdf,G06F,G06F,1020240128601,https://drive.google.com/file/d/1WoqguLIE0mmKPrXmul24Qlz6c6oWCQoW/view
12WpVOGq8yIfehljysWOofjw5TJlntaGi,G06F/1020240136655.pdf,1020240136655.pdf,pdf,G06F,G06F,1020240136655,https://drive.google.com/file/d/12WpVOGq8yIfehljysWOofjw5TJlntaGi/view
1JcOu7G358R1BNNEdfq62unWe6E1spIzd,G06F/1020240155799.pdf,1020240155799.pdf,pdf,G06F,G06F,1020240155799,https://drive.google.com/file/d/1JcOu7G358R1BNNEdfq62unWe6E1spIzd/view
1kyTzdG1J8_hSBsGnaL-eGwSyeb5GNrk4,G06F/1020240163492.pdf,1020240163492.pdf,pdf,G06F,G06F,1020240163492,https://drive.google.com/file/d/1kyTzdG1J8_hSBsGnaL-eGwSyeb5GNrk4/view
1DzQFHf5bWGhLJ4t5LUUEpusQ5CX7X6Bj,G06F/1020250062266.pdf,1020250062266.pdf,pdf,G06F,G06F,1020250062266,https://drive.google.com/file/d/1DzQFHf5bWGhLJ4t5LUUEpusQ5CX7X6Bj/view
1CCW1hK9POWDARVPl8r-E4QzBM1MKaVDh,G06F/1020250063559.pdf,1020250063559.pdf,pdf,G06F,G06F,1020250063559,https://drive.google.com/file/d/1CCW1hK9POWDARVPl8r-E4QzBM1MKaVDh/view
1a4NGSOBWJLoGNVT3UUu_-y5CKqO8Dq9q,G06F/1020250074382.pdf,1020250074382.pdf,pdf,G06F,G06F,1020250074382,https://drive.google.com/file/d/1a4NGSOBWJLoGNVT3UUu_-y5CKqO8Dq9q/view
19vdv53EE_a9GnLki97WEoGNWSLojj9sE,G06F/1020250090654.pdf,1020250090654.pdf,pdf,G06F,G06F,1020250090654,https://drive.google.com/file/d/19vdv53EE_a9GnLki97WEoGNWSLojj9sE/view
117skvnMB8aNXQz7kgBbV8UImQy1XKA1C,G06F/1020250096152.pdf,1020250096152.pdf,pdf,G06F,G06F,1020250096152,https://drive.google.com/file/d/117skvnMB8aNXQz7kgBbV8UImQy1XKA1C/view
1htEiC5KVPzHwuZmTJ15VF6vhEP0Iohfg,G06F/1020250102666.pdf,1020250102666.pdf,pdf,G06F,G06F,1020250102666,https://drive.google.com/file/d/1htEiC5KVPzHwuZmTJ15VF6vhEP0Iohfg/view
1yA1VCQx90azMHjQOCjHBSt6l-VDL9u3a,G06F/1020250124101.pdf,1020250124101.pdf,pdf,G06F,G06F,1020250124101,https://drive.google.com/file/d/1yA1VCQx90azMHjQOCjHBSt6l-VDL9u3a/view
1tgI6jEJ0u2NqZ7OL12ut4VlhSmeVGAiB,G06F/1020250154311.pdf,1020250154311.pdf,pdf,G06F,G06F,1020250154311,https://drive.google.com/file/d/1tgI6jEJ0u2NqZ7OL12ut4VlhSmeVGAiB/view
1WZXRhHTcd7Fc_W36hY6fv1-8TjweTzgD,G06F/1020250193994.pdf,1020250193994.pdf,pdf,G06F,G06F,1020250193994,https://drive.google.com/file/d/1WZXRhHTcd7Fc_W36hY6fv1-8TjweTzgD/view
1PAmqZPpD63QAt9fca8kBhBgBjlaOHKvR,G06N/1020170003348.pdf,1020170003348.pdf,pdf,G06N,G06N,1020170003348,https://drive.google.com/file/d/1PAmqZPpD63QAt9fca8kBhBgBjlaOHKvR/view
1LO1Jc_GjNxktoVzMcoGoPeWexzlVyAgR,G06N/1020170054474.pdf,1020170054474.pdf,pdf,G06N,G06N,1020170054474,https://drive.google.com/file/d/1LO1Jc_GjNxktoVzMcoGoPeWexzlVyAgR/view
15n-loegiBrf0xEISJdiNskfKyvP0qzjt,G06N/1020170083779.pdf,1020170083779.pdf,pdf,G06N,G06N,1020170083779,https://drive.google.com/file/d/15n-loegiBrf0xEISJdiNskfKyvP0qzjt/view
1gigwO3-URNZ4psiocE3V8Cu85uUrV8Bh,G06N/1020170097848.pdf,1020170097848.pdf,pdf,G06N,G06N,1020170097848,https://drive.google.com/file/d/1gigwO3-URNZ4psiocE3V8Cu85uUrV8Bh/view
1PbfUEwo_wEcFfW7OeYorcbKywIhBDu01,G06N/1020170122363.pdf,1020170122363.pdf,pdf,G06N,G06N,1020170122363,https://drive.google.com/file/d/1PbfUEwo_wEcFfW7OeYorcbKywIhBDu01/view
1OAc6a-tfOHkeZOFHuUFB77qWwJ4RikFW,G06N/1020170144234.pdf,1020170144234.pdf,pdf,G06N,G06N,1020170144234,https://drive.google.com/file/d/1OAc6a-tfOHkeZOFHuUFB77qWwJ4RikFW/view
1EyzN-xgjX4JsKfWeghln1svEAQdNhSJa,G06N/1020170155897.pdf,1020170155897.pdf,pdf,G06N,G06N,1020170155897,https://drive.google.com/file/d/1EyzN-xgjX4JsKfWeghln1svEAQdNhSJa/view
14bWsJO5pG9z8DkQELplXqn96dBAxyLp8,G06N/1020177006950.pdf,1020177006950.pdf,pdf,G06N,G06N,1020177006950,https://drive.google.com/file/d/14bWsJO5pG9z8DkQELplXqn96dBAxyLp8/view
14zENuZp4U4NfMYMdLHwd96aLfJ2D_RPO,G06N/1020180025971.pdf,1020180025971.pdf,pdf,G06N,G06N,1020180025971,https://drive.google.com/file/d/14zENuZp4U4NfMYMdLHwd96aLfJ2D_RPO/view
1V-yWEuxx8trku4W1IOTB7bNIo5urS9bJ,G06N/1020180031088.pdf,1020180031088.pdf,pdf,G06N,G06N,1020180031088,https://drive.google.com/file/d/1V-yWEuxx8trku4W1IOTB7bNIo5urS9bJ/view
18RpVzvyV6Gd-Ps3yvAPPLfZhLkUUysCr,G06N/1020180063015.pdf,1020180063015.pdf,pdf,G06N,G06N,1020180063015,https://drive.google.com/file/d/18RpVzvyV6Gd-Ps3yvAPPLfZhLkUUysCr/view
14oAhqMkZ_mC2tWv8DAxKaGMgSiBry8cs,G06N/1020180116750.pdf,1020180116750.pdf,pdf,G06N,G06N,1020180116750,https://drive.google.com/file/d/14oAhqMkZ_mC2tWv8DAxKaGMgSiBry8cs/view
17ezAyU4wuO5ULUPjh9A2OFdvcswlyGWH,G06N/1020180123300.pdf,1020180123300.pdf,pdf,G06N,G06N,1020180123300,https://drive.google.com/file/d/17ezAyU4wuO5ULUPjh9A2OFdvcswlyGWH/view
1Xm9c9YCvrTQ3eWHRfNcYMpAdcz2jW667,G06N/1020180125990.pdf,1020180125990.pdf,pdf,G06N,G06N,1020180125990,https://drive.google.com/file/d/1Xm9c9YCvrTQ3eWHRfNcYMpAdcz2jW667/view
1VjsltsWWv4pmmPmB1dELGta3PkE7FSWb,G06N/1020187037824.pdf,1020187037824.pdf,pdf,G06N,G06N,1020187037824,https://drive.google.com/file/d/1VjsltsWWv4pmmPmB1dELGta3PkE7FSWb/view
1aw_T8QZOn9eHNwyiP4JEJmRyI2ba1-ib,G06N/1020190090963.pdf,1020190090963.pdf,pdf,G06N,G06N,1020190090963,https://drive.google.com/file/d/1aw_T8QZOn9eHNwyiP4JEJmRyI2ba1-ib/view
1guVEGPPA43y6Psl4JoNlvFTCrHOk0Spr,G06N/1020190093807.pdf,1020190093807.pdf,pdf,G06N,G06N,1020190093807,https://drive.google.com/file/d/1guVEGPPA43y6Psl4JoNlvFTCrHOk0Spr/view
1l760eYzoJRZUFbS_m0IFEotdrHrPuwRl,G06N/1020190098351.pdf,1020190098351.pdf,pdf,G06N,G06N,1020190098351,https://drive.google.com/file/d/1l760eYzoJRZUFbS_m0IFEotdrHrPuwRl/view
1vQVWTXPDm31OwfJWjT1QivgWP3yg9JtW,G06N/1020190101984.pdf,1020190101984.pdf,pdf,G06N,G06N,1020190101984,https://drive.google.com/file/d/1vQVWTXPDm31OwfJWjT1QivgWP3yg9JtW/view
1KR21fAlHyTYjT_kLee4s0rhGDT6U5q0O,G06N/1020190164745.pdf,1020190164745.pdf,pdf,G06N,G06N,1020190164745,https://drive.google.com/file/d/1KR21fAlHyTYjT_kLee4s0rhGDT6U5q0O/view
1UU1wC2S2P4HLx07lSv7IZe92W_9V6iDx,G06N/1020197012085.pdf,1020197012085.pdf,pdf,G06N,G06N,1020197012085,https://drive.google.com/file/d/1UU1wC2S2P4HLx07lSv7IZe92W_9V6iDx/view
1JJBeXre69I9PNcpV6py5ceKRtr3V_NE2,G06N/1020197013953.pdf,1020197013953.pdf,pdf,G06N,G06N,1020197013953,https://drive.google.com/file/d/1JJBeXre69I9PNcpV6py5ceKRtr3V_NE2/view
1iEdxsW5cpwPTmqtTpkOPUK7x740axAK0,G06N/1020197015991.pdf,1020197015991.pdf,pdf,G06N,G06N,1020197015991,https://drive.google.com/file/d/1iEdxsW5cpwPTmqtTpkOPUK7x740axAK0/view
1_1IE2nf1UVoZCC1q08xYzyzkm39NS5aA,G06N/1020197026115.pdf,1020197026115.pdf,pdf,G06N,G06N,1020197026115,https://drive.google.com/file/d/1_1IE2nf1UVoZCC1q08xYzyzkm39NS5aA/view
1QvXNoHaV4ywsMud8jjpG0AH8LvIkTEW2,G06N/1020197037891.pdf,1020197037891.pdf,pdf,G06N,G06N,1020197037891,https://drive.google.com/file/d/1QvXNoHaV4ywsMud8jjpG0AH8LvIkTEW2/view
1d8jH-Ur50I77D2td90W_7BldE2w4KOKx,G06N/1020200001714.pdf,1020200001714.pdf,pdf,G06N,G06N,1020200001714,https://drive.google.com/file/d/1d8jH-Ur50I77D2td90W_7BldE2w4KOKx/view
1LqMbKFgiuqgX07y9cXNFQxp488H79xNu,G06N/1020200001729.pdf,1020200001729.pdf,pdf,G06N,G06N,1020200001729,https://drive.google.com/file/d/1LqMbKFgiuqgX07y9cXNFQxp488H79xNu/view
1StSv-FT5D-QLocNfARrc8BCfMF7R5pGE,G06N/1020200004518.pdf,1020200004518.pdf,pdf,G06N,G06N,1020200004518,https://drive.google.com/file/d/1StSv-FT5D-QLocNfARrc8BCfMF7R5pGE/view
1198vBt9HMARHhmyx4NyHFSJfEtJLdJ3o,G06N/1020200059705.pdf,1020200059705.pdf,pdf,G06N,G06N,1020200059705,https://drive.google.com/file/d/1198vBt9HMARHhmyx4NyHFSJfEtJLdJ3o/view
1ySeRnnhGmXI3bBsk4t7aY7TAAI-TVhV7,G06N/1020200092399.pdf,1020200092399.pdf,pdf,G06N,G06N,1020200092399,https://drive.google.com/file/d/1ySeRnnhGmXI3bBsk4t7aY7TAAI-TVhV7/view
1-pTZLJGUVWcSULJOdGTEOdGXxK4dbinU,G06N/1020200093243.pdf,1020200093243.pdf,pdf,G06N,G06N,1020200093243,https://drive.google.com/file/d/1-pTZLJGUVWcSULJOdGTEOdGXxK4dbinU/view
1BDDj8xkydt47tT6ei8FAxgl4yXaKYfWI,G06N/1020200103968.pdf,1020200103968.pdf,pdf,G06N,G06N,1020200103968,https://drive.google.com/file/d/1BDDj8xkydt47tT6ei8FAxgl4yXaKYfWI/view
1bhwoZMzvfuF_3k3pbbaHv3P5zkuQ6GpZ,G06N/1020200120202.pdf,1020200120202.pdf,pdf,G06N,G06N,1020200120202,https://drive.google.com/file/d/1bhwoZMzvfuF_3k3pbbaHv3P5zkuQ6GpZ/view
1Hf3y1gWJ88oAor4gH5XK_WpUseuqLAjA,G06N/1020200126707.pdf,1020200126707.pdf,pdf,G06N,G06N,1020200126707,https://drive.google.com/file/d/1Hf3y1gWJ88oAor4gH5XK_WpUseuqLAjA/view
1KlTgrPncqgYVEquoPQdksNwvv0KZFWLj,G06N/1020200148939.pdf,1020200148939.pdf,pdf,G06N,G06N,1020200148939,https://drive.google.com/file/d/1KlTgrPncqgYVEquoPQdksNwvv0KZFWLj/view
1IQGbUfdVYKv6_Rm2hGYofjypvSA-Mr_U,G06N/1020200161286.pdf,1020200161286.pdf,pdf,G06N,G06N,1020200161286,https://drive.google.com/file/d/1IQGbUfdVYKv6_Rm2hGYofjypvSA-Mr_U/view
1wyHRiAtYLcx3LTV9IGXuI8BPq2H2xV1-,G06N/1020200163675.pdf,1020200163675.pdf,pdf,G06N,G06N,1020200163675,https://drive.google.com/file/d/1wyHRiAtYLcx3LTV9IGXuI8BPq2H2xV1-/view
1acJ4PPIgsoTcz7c2k0NvxZrqb4sd_j3p,G06N/1020200168183.pdf,1020200168183.pdf,pdf,G06N,G06N,1020200168183,https://drive.google.com/file/d/1acJ4PPIgsoTcz7c2k0NvxZrqb4sd_j3p/view
1ZDZlZBsEE9tLUSDAvi6A_mmoN7StOa6g,G06N/1020207004284.pdf,1020207004284.pdf,pdf,G06N,G06N,1020207004284,https://drive.google.com/file/d/1ZDZlZBsEE9tLUSDAvi6A_mmoN7StOa6g/view
1IoqVzM4xPNwCy4CdGam0qXwjHVHlEBwV,G06N/1020207014462.pdf,1020207014462.pdf,pdf,G06N,G06N,1020207014462,https://drive.google.com/file/d/1IoqVzM4xPNwCy4CdGam0qXwjHVHlEBwV/view
1H6wj7cUj3XlmFERgOn43dW-_Nft2EWmI,G06N/1020207018024.pdf,1020207018024.pdf,pdf,G06N,G06N,1020207018024,https://drive.google.com/file/d/1H6wj7cUj3XlmFERgOn43dW-_Nft2EWmI/view
1iwaiaRugH_3oBgyyF5Mr7glSS6l21ss6,G06N/1020207024742.pdf,1020207024742.pdf,pdf,G06N,G06N,1020207024742,https://drive.google.com/file/d/1iwaiaRugH_3oBgyyF5Mr7glSS6l21ss6/view
1Tdg7CBMafyoT5jJeSlBG7kSYvgTvvAS0,G06N/1020207032320.pdf,1020207032320.pdf,pdf,G06N,G06N,1020207032320,https://drive.google.com/file/d/1Tdg7CBMafyoT5jJeSlBG7kSYvgTvvAS0/view
1FYYfUPlOpZmA_MmpTkm-cjRZGFSqVY8e,G06N/1020207035843.pdf,1020207035843.pdf,pdf,G06N,G06N,1020207035843,https://drive.google.com/file/d/1FYYfUPlOpZmA_MmpTkm-cjRZGFSqVY8e/view
1UOm2Fx0a7bw9FjLnE9ZVVtgd3aZVSKSm,G06N/1020207035844.pdf,1020207035844.pdf,pdf,G06N,G06N,1020207035844,https://drive.google.com/file/d/1UOm2Fx0a7bw9FjLnE9ZVVtgd3aZVSKSm/view
12k3SZDfZU9kzEW67Ff4YUBH1k1N9JT5q,G06N/1020207035847.pdf,1020207035847.pdf,pdf,G06N,G06N,1020207035847,https://drive.google.com/file/d/12k3SZDfZU9kzEW67Ff4YUBH1k1N9JT5q/view
1xeIvyZtPupTnSO1NbzjO7JgCvwJ5oOxM,G06N/1020207036632.pdf,1020207036632.pdf,pdf,G06N,G06N,1020207036632,https://drive.google.com/file/d/1xeIvyZtPupTnSO1NbzjO7JgCvwJ5oOxM/view
1imv2_epyTaftagUm8svru18id_eaoTsx,G06N/1020210037975.pdf,1020210037975.pdf,pdf,G06N,G06N,1020210037975,https://drive.google.com/file/d/1imv2_epyTaftagUm8svru18id_eaoTsx/view
1XwFC6bZeFFWx33hcN6iSUkZHlkKqI7Ia,G06N/1020210046441.pdf,1020210046441.pdf,pdf,G06N,G06N,1020210046441,https://drive.google.com/file/d/1XwFC6bZeFFWx33hcN6iSUkZHlkKqI7Ia/view
1fvlNrWLkg1w_Lsq10j1v0wZEy-hR_4Fo,G06N/1020210057704.pdf,1020210057704.pdf,pdf,G06N,G06N,1020210057704,https://drive.google.com/file/d/1fvlNrWLkg1w_Lsq10j1v0wZEy-hR_4Fo/view
1hYNLxsagTOPyzf9_6gBOgsKqBL5mDqEs,G06N/1020210068892.pdf,1020210068892.pdf,pdf,G06N,G06N,1020210068892,https://drive.google.com/file/d/1hYNLxsagTOPyzf9_6gBOgsKqBL5mDqEs/view
143Q-ZVQcQxairHKifVG1OVJ8_3Sfnr_c,G06N/1020210085431.pdf,1020210085431.pdf,pdf,G06N,G06N,1020210085431,https://drive.google.com/file/d/143Q-ZVQcQxairHKifVG1OVJ8_3Sfnr_c/view
18nkISFkFHH1EYJpbLNGgtm_3ddNWt7Lw,G06N/1020210085762.pdf,1020210085762.pdf,pdf,G06N,G06N,1020210085762,https://drive.google.com/file/d/18nkISFkFHH1EYJpbLNGgtm_3ddNWt7Lw/view
1NqGqtQnefpMpV5xa2iun_rZgH3nLMHHT,G06N/1020210112340.pdf,1020210112340.pdf,pdf,G06N,G06N,1020210112340,https://drive.google.com/file/d/1NqGqtQnefpMpV5xa2iun_rZgH3nLMHHT/view
1ZMjdjNWecfHIc1e6cPY8ephKhIBzx_OB,G06N/1020210117172.pdf,1020210117172.pdf,pdf,G06N,G06N,1020210117172,https://drive.google.com/file/d/1ZMjdjNWecfHIc1e6cPY8ephKhIBzx_OB/view
1oN4xzpL10aILQL3RDB_59UVgWd-DxGhP,G06N/1020210127454.pdf,1020210127454.pdf,pdf,G06N,G06N,1020210127454,https://drive.google.com/file/d/1oN4xzpL10aILQL3RDB_59UVgWd-DxGhP/view
1JeaikzkAfNFo3289QizxXfhCSJSeSVJV,G06N/1020210134063.pdf,1020210134063.pdf,pdf,G06N,G06N,1020210134063,https://drive.google.com/file/d/1JeaikzkAfNFo3289QizxXfhCSJSeSVJV/view
1xMekX0VqlbbaEQT0MqZBAYsKET4tMYuX,G06N/1020210154767.pdf,1020210154767.pdf,pdf,G06N,G06N,1020210154767,https://drive.google.com/file/d/1xMekX0VqlbbaEQT0MqZBAYsKET4tMYuX/view
1ZOeEuiaUcIc6x3Y0Lgj7tZkE-is8IXlt,G06N/1020210161676.pdf,1020210161676.pdf,pdf,G06N,G06N,1020210161676,https://drive.google.com/file/d/1ZOeEuiaUcIc6x3Y0Lgj7tZkE-is8IXlt/view
1dfy1TDPCnsu6RsZO5FQqMCB1LHfJrZbL,G06N/1020210168032.pdf,1020210168032.pdf,pdf,G06N,G06N,1020210168032,https://drive.google.com/file/d/1dfy1TDPCnsu6RsZO5FQqMCB1LHfJrZbL/view
1gmVMjVRINl8I0E6DWHnLbalzcAUXzK2n,G06N/1020210168628.pdf,1020210168628.pdf,pdf,G06N,G06N,1020210168628,https://drive.google.com/file/d/1gmVMjVRINl8I0E6DWHnLbalzcAUXzK2n/view
1sPOqDtj9pJrGpqYJANOHBBJTfLyYGTsZ,G06N/1020210171633.pdf,1020210171633.pdf,pdf,G06N,G06N,1020210171633,https://drive.google.com/file/d/1sPOqDtj9pJrGpqYJANOHBBJTfLyYGTsZ/view
1A9fCJ1YHFXPSjbsZms0HK7O3Nvzw2q1o,G06N/1020210172385.pdf,1020210172385.pdf,pdf,G06N,G06N,1020210172385,https://drive.google.com/file/d/1A9fCJ1YHFXPSjbsZms0HK7O3Nvzw2q1o/view
1rVEu21TcdBPNj-279Iy2N-6DFQi6sOm0,G06N/1020217011467.pdf,1020217011467.pdf,pdf,G06N,G06N,1020217011467,https://drive.google.com/file/d/1rVEu21TcdBPNj-279Iy2N-6DFQi6sOm0/view
1xgzH0WSUFZTjBEb7CSfe73BElSbJRuaw,G06N/1020217017878.pdf,1020217017878.pdf,pdf,G06N,G06N,1020217017878,https://drive.google.com/file/d/1xgzH0WSUFZTjBEb7CSfe73BElSbJRuaw/view
1f5LDzomtCa5A66wtJWt1gR6vCLit-2QO,G06N/1020217018412.pdf,1020217018412.pdf,pdf,G06N,G06N,1020217018412,https://drive.google.com/file/d/1f5LDzomtCa5A66wtJWt1gR6vCLit-2QO/view
1Ftd-Om8z5Wbnl4odJ9ry1H3ErMmgQUbJ,G06N/1020217023623.pdf,1020217023623.pdf,pdf,G06N,G06N,1020217023623,https://drive.google.com/file/d/1Ftd-Om8z5Wbnl4odJ9ry1H3ErMmgQUbJ/view
1YjdyMxqXYzfnDu6m6wHYc4AVy-x28mtf,G06N/1020217026855.pdf,1020217026855.pdf,pdf,G06N,G06N,1020217026855,https://drive.google.com/file/d/1YjdyMxqXYzfnDu6m6wHYc4AVy-x28mtf/view
1HHyfYvfnM8XUDVH2VvUpgr-UAZxvQvOV,G06N/1020217028715.pdf,1020217028715.pdf,pdf,G06N,G06N,1020217028715,https://drive.google.com/file/d/1HHyfYvfnM8XUDVH2VvUpgr-UAZxvQvOV/view
1TxrHo-NpmwHAT4BYGiDbhijbTpHy0za4,G06N/1020217033033.pdf,1020217033033.pdf,pdf,G06N,G06N,1020217033033,https://drive.google.com/file/d/1TxrHo-NpmwHAT4BYGiDbhijbTpHy0za4/view
1EQfQdrGIn_pJypLtJJYKZHiJKgYCpyCC,G06N/1020220002231.pdf,1020220002231.pdf,pdf,G06N,G06N,1020220002231,https://drive.google.com/file/d/1EQfQdrGIn_pJypLtJJYKZHiJKgYCpyCC/view
16QvUdtUsMmiWCL4Lsmyz1kO7Dj833kU8,G06N/1020220002232.pdf,1020220002232.pdf,pdf,G06N,G06N,1020220002232,https://drive.google.com/file/d/16QvUdtUsMmiWCL4Lsmyz1kO7Dj833kU8/view
1TWG8mJVKC8XREptNPo8q9tx0L5VBXszv,G06N/1020220002233.pdf,1020220002233.pdf,pdf,G06N,G06N,1020220002233,https://drive.google.com/file/d/1TWG8mJVKC8XREptNPo8q9tx0L5VBXszv/view
1qGUy22KKmJmrxVSeAtDiqocQTab6fdZu,G06N/1020220026671.pdf,1020220026671.pdf,pdf,G06N,G06N,1020220026671,https://drive.google.com/file/d/1qGUy22KKmJmrxVSeAtDiqocQTab6fdZu/view
1giAzZTi2_7QoxjxUz2NvEAB0X-tZBjpn,G06N/1020220032074.pdf,1020220032074.pdf,pdf,G06N,G06N,1020220032074,https://drive.google.com/file/d/1giAzZTi2_7QoxjxUz2NvEAB0X-tZBjpn/view
1rXrm3hKG3ZXAUP7QCYQNGSdfktWRcPF2,G06N/1020220033925.pdf,1020220033925.pdf,pdf,G06N,G06N,1020220033925,https://drive.google.com/file/d/1rXrm3hKG3ZXAUP7QCYQNGSdfktWRcPF2/view
1V4BOzLDUZQVfXAaW1CwKaEE6zP4yAl5y,G06N/1020220057805.pdf,1020220057805.pdf,pdf,G06N,G06N,1020220057805,https://drive.google.com/file/d/1V4BOzLDUZQVfXAaW1CwKaEE6zP4yAl5y/view
1Riee1-jp0ag0YtJm3lHA1Zyed9edn52U,G06N/1020220071866.pdf,1020220071866.pdf,pdf,G06N,G06N,1020220071866,https://drive.google.com/file/d/1Riee1-jp0ag0YtJm3lHA1Zyed9edn52U/view
1qqzLhVCtK45BE1U-SA94a2nI3WO3w84D,G06N/1020220072515.pdf,1020220072515.pdf,pdf,G06N,G06N,1020220072515,https://drive.google.com/file/d/1qqzLhVCtK45BE1U-SA94a2nI3WO3w84D/view
1hwsC8PGcrgXu9vZN4-JAqD0WvjO6iUmr,G06N/1020220084314.pdf,1020220084314.pdf,pdf,G06N,G06N,1020220084314,https://drive.google.com/file/d/1hwsC8PGcrgXu9vZN4-JAqD0WvjO6iUmr/view
1y88kw-i1wOF_L2gsrQ-OAO2MXI8XcEi2,G06N/1020220088711.pdf,1020220088711.pdf,pdf,G06N,G06N,1020220088711,https://drive.google.com/file/d/1y88kw-i1wOF_L2gsrQ-OAO2MXI8XcEi2/view
1pg2HZiTINLQb0ZgkLzOaXb7VFGrCNF14,G06N/1020220090887.pdf,1020220090887.pdf,pdf,G06N,G06N,1020220090887,https://drive.google.com/file/d/1pg2HZiTINLQb0ZgkLzOaXb7VFGrCNF14/view
15RRdn-TcbRPAXgivewmdyI-lyYdjEX_8,G06N/1020220091980.pdf,1020220091980.pdf,pdf,G06N,G06N,1020220091980,https://drive.google.com/file/d/15RRdn-TcbRPAXgivewmdyI-lyYdjEX_8/view
1N54ba1LL4UOgVD_TjAz7p8PF1785o8ev,G06N/1020220104033.pdf,1020220104033.pdf,pdf,G06N,G06N,1020220104033,https://drive.google.com/file/d/1N54ba1LL4UOgVD_TjAz7p8PF1785o8ev/view
1hMyo_wfCSqKYPfuzFpB2hQCOCTx2D-Iq,G06N/1020220104321.pdf,1020220104321.pdf,pdf,G06N,G06N,1020220104321,https://drive.google.com/file/d/1hMyo_wfCSqKYPfuzFpB2hQCOCTx2D-Iq/view
1NJ5f3r9D9_YiG_bZzgMs3dyknL8zALn4,G06N/1020220126844.pdf,1020220126844.pdf,pdf,G06N,G06N,1020220126844,https://drive.google.com/file/d/1NJ5f3r9D9_YiG_bZzgMs3dyknL8zALn4/view
17JTiJP3FSEwquXof20495l1KzLEqjj0c,G06N/1020220129423.pdf,1020220129423.pdf,pdf,G06N,G06N,1020220129423,https://drive.google.com/file/d/17JTiJP3FSEwquXof20495l1KzLEqjj0c/view
1hcEhDYXP62S1LbfeGRb5D_a08pIQaYlx,G06N/1020220131207.pdf,1020220131207.pdf,pdf,G06N,G06N,1020220131207,https://drive.google.com/file/d/1hcEhDYXP62S1LbfeGRb5D_a08pIQaYlx/view
1-yx5H7XqnPF9WP-HOfn2eTEQl7wI2lUH,G06N/1020220140197.pdf,1020220140197.pdf,pdf,G06N,G06N,1020220140197,https://drive.google.com/file/d/1-yx5H7XqnPF9WP-HOfn2eTEQl7wI2lUH/view
1s5LLcYkB16FhnH9kHeB6VoEJsapFZlKm,G06N/1020220147688.pdf,1020220147688.pdf,pdf,G06N,G06N,1020220147688,https://drive.google.com/file/d/1s5LLcYkB16FhnH9kHeB6VoEJsapFZlKm/view
1LnyrnvMwYbPrAe71if1M0MINq09g2BWs,G06N/1020220148408.pdf,1020220148408.pdf,pdf,G06N,G06N,1020220148408,https://drive.google.com/file/d/1LnyrnvMwYbPrAe71if1M0MINq09g2BWs/view
1rYx2C-cISRRY4zrjum93vu5LMH0kXQP8,G06N/1020227000401.pdf,1020227000401.pdf,pdf,G06N,G06N,1020227000401,https://drive.google.com/file/d/1rYx2C-cISRRY4zrjum93vu5LMH0kXQP8/view
1TMR4I9MyV04Elw-Ms1uou4iWKDKtoTZJ,G06N/1020227008374.pdf,1020227008374.pdf,pdf,G06N,G06N,1020227008374,https://drive.google.com/file/d/1TMR4I9MyV04Elw-Ms1uou4iWKDKtoTZJ/view
1MtZkDP-6UkLU57pU1HqoN6tyMtg8yTqk,G06N/1020227008703.pdf,1020227008703.pdf,pdf,G06N,G06N,1020227008703,https://drive.google.com/file/d/1MtZkDP-6UkLU57pU1HqoN6tyMtg8yTqk/view
1p4ud-cobL7Ab_SyspHeDUX3ub7W7ey3v,G06N/1020227009135.pdf,1020227009135.pdf,pdf,G06N,G06N,1020227009135,https://drive.google.com/file/d/1p4ud-cobL7Ab_SyspHeDUX3ub7W7ey3v/view
1bXPQWSJVXIpnif8xJeQNsQVjHk8ikAfp,G06N/1020227009490.pdf,1020227009490.pdf,pdf,G06N,G06N,1020227009490,https://drive.google.com/file/d/1bXPQWSJVXIpnif8xJeQNsQVjHk8ikAfp/view
1xi-ajYxO72ksJ5NbFOLzIV-FxF_yMTXK,G06N/1020227009700.pdf,1020227009700.pdf,pdf,G06N,G06N,1020227009700,https://drive.google.com/file/d/1xi-ajYxO72ksJ5NbFOLzIV-FxF_yMTXK/view
1rL0snMOTG7vMWMN44B8GxuR1z-NLrXCG,G06N/1020227009936.pdf,1020227009936.pdf,pdf,G06N,G06N,1020227009936,https://drive.google.com/file/d/1rL0snMOTG7vMWMN44B8GxuR1z-NLrXCG/view
1UlP2tS_LR6xrtOZEwGoLnOVPcl1QsU9p,G06N/1020227010826.pdf,1020227010826.pdf,pdf,G06N,G06N,1020227010826,https://drive.google.com/file/d/1UlP2tS_LR6xrtOZEwGoLnOVPcl1QsU9p/view
1fLTd--Oc0KiNRQLAI-vsuu9cASmOLM3u,G06N/1020227015590.pdf,1020227015590.pdf,pdf,G06N,G06N,1020227015590,https://drive.google.com/file/d/1fLTd--Oc0KiNRQLAI-vsuu9cASmOLM3u/view
1p1UUKD28pBrM8h2GXHkBXYRVXXoN2kWK,G06N/1020227015892.pdf,1020227015892.pdf,pdf,G06N,G06N,1020227015892,https://drive.google.com/file/d/1p1UUKD28pBrM8h2GXHkBXYRVXXoN2kWK/view
1n9P8I-FPVB9eE-T1-rU37ip6kzRRVMqe,G06N/1020227017608.pdf,1020227017608.pdf,pdf,G06N,G06N,1020227017608,https://drive.google.com/file/d/1n9P8I-FPVB9eE-T1-rU37ip6kzRRVMqe/view
1tm3dDJgM0I7GrLasYZgGmu9cFjJaDicS,G06N/1020227026698.pdf,1020227026698.pdf,pdf,G06N,G06N,1020227026698,https://drive.google.com/file/d/1tm3dDJgM0I7GrLasYZgGmu9cFjJaDicS/view
1s4Lgo9VUTx0zjzJeNAEPdYXpqCebfsNi,G06N/1020227027088.pdf,1020227027088.pdf,pdf,G06N,G06N,1020227027088,https://drive.google.com/file/d/1s4Lgo9VUTx0zjzJeNAEPdYXpqCebfsNi/view
1zh1lRypVQ2-FkLVjKKvs5C5vvX5hqtRI,G06N/1020230024571.pdf,1020230024571.pdf,pdf,G06N,G06N,1020230024571,https://drive.google.com/file/d/1zh1lRypVQ2-FkLVjKKvs5C5vvX5hqtRI/view
1MXr4U5cdsHninDkyXh9qoIAMFwqf92rT,G06N/1020230025066.pdf,1020230025066.pdf,pdf,G06N,G06N,1020230025066,https://drive.google.com/file/d/1MXr4U5cdsHninDkyXh9qoIAMFwqf92rT/view
15TxNChMQ-Ji0QVdAyRsWJuR6UfSCtyUt,G06N/1020230033546.pdf,1020230033546.pdf,pdf,G06N,G06N,1020230033546,https://drive.google.com/file/d/15TxNChMQ-Ji0QVdAyRsWJuR6UfSCtyUt/view
1UCHmpqiE29frbiST2p8ACvMCCSzgGInS,G06N/1020230036605.pdf,1020230036605.pdf,pdf,G06N,G06N,1020230036605,https://drive.google.com/file/d/1UCHmpqiE29frbiST2p8ACvMCCSzgGInS/view
1fM41TOSzH_O6uem2FfKb9-zZyFEHskPe,G06N/1020230040630.pdf,1020230040630.pdf,pdf,G06N,G06N,1020230040630,https://drive.google.com/file/d/1fM41TOSzH_O6uem2FfKb9-zZyFEHskPe/view
1GGVvtxH_jSDCwUteGsrfIDQ_CJ7hc0WQ,G06N/1020230061000.pdf,1020230061000.pdf,pdf,G06N,G06N,1020230061000,https://drive.google.com/file/d/1GGVvtxH_jSDCwUteGsrfIDQ_CJ7hc0WQ/view
1R_6Z9QyXXdKlGyYcBk6OoDwk_dQT26r2,G06N/1020230078104.pdf,1020230078104.pdf,pdf,G06N,G06N,1020230078104,https://drive.google.com/file/d/1R_6Z9QyXXdKlGyYcBk6OoDwk_dQT26r2/view
1lDBgKx6l-P2vPYQd_P9U7r0FHd0OAn5j,G06N/1020230102592.pdf,1020230102592.pdf,pdf,G06N,G06N,1020230102592,https://drive.google.com/file/d/1lDBgKx6l-P2vPYQd_P9U7r0FHd0OAn5j/view
16SvusoMMYjEuIHhqJspBqyM3L8spfIeX,G06N/1020230118745.pdf,1020230118745.pdf,pdf,G06N,G06N,1020230118745,https://drive.google.com/file/d/16SvusoMMYjEuIHhqJspBqyM3L8spfIeX/view
1UQtcrpoIQ4kT60aZn4Jq4pjepC-js2NA,G06N/1020230118769.pdf,1020230118769.pdf,pdf,G06N,G06N,1020230118769,https://drive.google.com/file/d/1UQtcrpoIQ4kT60aZn4Jq4pjepC-js2NA/view
1TbOhB3h8NriQHsqu7_d6kZsDZcxeRD7z,G06N/1020230131860.pdf,1020230131860.pdf,pdf,G06N,G06N,1020230131860,https://drive.google.com/file/d/1TbOhB3h8NriQHsqu7_d6kZsDZcxeRD7z/view
1uv_XDvtV6CIZZ0xK4QPjJc4Td085kvZr,G06N/1020230134631.pdf,1020230134631.pdf,pdf,G06N,G06N,1020230134631,https://drive.google.com/file/d/1uv_XDvtV6CIZZ0xK4QPjJc4Td085kvZr/view
1JH0nRWd1BFVAzq6eIZfZcIAu-sC7r2fy,G06N/1020230142119.pdf,1020230142119.pdf,pdf,G06N,G06N,1020230142119,https://drive.google.com/file/d/1JH0nRWd1BFVAzq6eIZfZcIAu-sC7r2fy/view
1n_p5ju4XHLy24apSUF15O-eIjznMs8MV,G06N/1020230150441.pdf,1020230150441.pdf,pdf,G06N,G06N,1020230150441,https://drive.google.com/file/d/1n_p5ju4XHLy24apSUF15O-eIjznMs8MV/view
1TTn5cLDyX11I0G71qeAl8uUHPut4ZauD,G06N/1020230150449.pdf,1020230150449.pdf,pdf,G06N,G06N,1020230150449,https://drive.google.com/file/d/1TTn5cLDyX11I0G71qeAl8uUHPut4ZauD/view
11kLVTXnlmbxrhVylGr_woskdsbCpePVk,G06N/1020237000315.pdf,1020237000315.pdf,pdf,G06N,G06N,1020237000315,https://drive.google.com/file/d/11kLVTXnlmbxrhVylGr_woskdsbCpePVk/view
1GuoISZp8QETJUFIauSfHQZYWXvE7MKxJ,G06N/1020237015600.pdf,1020237015600.pdf,pdf,G06N,G06N,1020237015600,https://drive.google.com/file/d/1GuoISZp8QETJUFIauSfHQZYWXvE7MKxJ/view
1VOBdcXI2OgqXi14kBE3rkI71cobET-qt,G06N/1020240026694.pdf,1020240026694.pdf,pdf,G06N,G06N,1020240026694,https://drive.google.com/file/d/1VOBdcXI2OgqXi14kBE3rkI71cobET-qt/view
1uyRBo3eHwegEJT72eI_cJzi95DyKZuEl,G06N/1020240058416.pdf,1020240058416.pdf,pdf,G06N,G06N,1020240058416,https://drive.google.com/file/d/1uyRBo3eHwegEJT72eI_cJzi95DyKZuEl/view
1aUa0iZsI710PA_slj2e_yMDnw5vBXId2,G06N/1020240081489.pdf,1020240081489.pdf,pdf,G06N,G06N,1020240081489,https://drive.google.com/file/d/1aUa0iZsI710PA_slj2e_yMDnw5vBXId2/view
1yfgTFphw6p2tuE8OmYHVTRueFTdNjj8t,G06N/1020240138555.pdf,1020240138555.pdf,pdf,G06N,G06N,1020240138555,https://drive.google.com/file/d/1yfgTFphw6p2tuE8OmYHVTRueFTdNjj8t/view
1aGTr7iT2OgywBTeePDbH-MHtGGVwE8uS,G06N/1020240146684.pdf,1020240146684.pdf,pdf,G06N,G06N,1020240146684,https://drive.google.com/file/d/1aGTr7iT2OgywBTeePDbH-MHtGGVwE8uS/view
1PZZUvXzQRPYi-cbi7hjO1dbnfrpIe_gq,G06N/1020240152277.pdf,1020240152277.pdf,pdf,G06N,G06N,1020240152277,https://drive.google.com/file/d/1PZZUvXzQRPYi-cbi7hjO1dbnfrpIe_gq/view
1w09upXIiY6zVg7JuutP9VzUHAvtHfXVc,G06N/1020240158222.pdf,1020240158222.pdf,pdf,G06N,G06N,1020240158222,https://drive.google.com/file/d/1w09upXIiY6zVg7JuutP9VzUHAvtHfXVc/view
14bLbsqstDj7rs9WMhs1y2hnDVG3rEpMa,G06N/1020240173044.pdf,1020240173044.pdf,pdf,G06N,G06N,1020240173044,https://drive.google.com/file/d/14bLbsqstDj7rs9WMhs1y2hnDVG3rEpMa/view
1VCBRowPQq4QBz4zS1PDYflgN-JZKzIaA,G06N/1020240196542.pdf,1020240196542.pdf,pdf,G06N,G06N,1020240196542,https://drive.google.com/file/d/1VCBRowPQq4QBz4zS1PDYflgN-JZKzIaA/view
1kuinzqJ1LkcNA0mzKexzFa-2i85qR9Bx,G06N/1020247011628.pdf,1020247011628.pdf,pdf,G06N,G06N,1020247011628,https://drive.google.com/file/d/1kuinzqJ1LkcNA0mzKexzFa-2i85qR9Bx/view
1n-S1PMJ_BkuiTuaKmZs59Irv1PZ2KH1V,G06N/1020247023307.pdf,1020247023307.pdf,pdf,G06N,G06N,1020247023307,https://drive.google.com/file/d/1n-S1PMJ_BkuiTuaKmZs59Irv1PZ2KH1V/view
1U5sTfpWiJMKDLvRTVt76xoi0hXJpZg0-,G06N/1020247023700.pdf,1020247023700.pdf,pdf,G06N,G06N,1020247023700,https://drive.google.com/file/d/1U5sTfpWiJMKDLvRTVt76xoi0hXJpZg0-/view
1-cHyhlZcHl30RO-NE9Hz3Owdo6VEbng5,G06N/1020250027252.pdf,1020250027252.pdf,pdf,G06N,G06N,1020250027252,https://drive.google.com/file/d/1-cHyhlZcHl30RO-NE9Hz3Owdo6VEbng5/view
17XoGqVEq9v8DJumozPN-G1aTpwTfScBd,G06N/1020250034744.pdf,1020250034744.pdf,pdf,G06N,G06N,1020250034744,https://drive.google.com/file/d/17XoGqVEq9v8DJumozPN-G1aTpwTfScBd/view
1w20yhrrRDAbSoBWaITj-PrYcCvr5i3nU,G06N/1020250045991.pdf,1020250045991.pdf,pdf,G06N,G06N,1020250045991,https://drive.google.com/file/d/1w20yhrrRDAbSoBWaITj-PrYcCvr5i3nU/view
130yLw8tImMqo2VNMzpAGLrvYbL1IeZqZ,G06N/1020250051746.pdf,1020250051746.pdf,pdf,G06N,G06N,1020250051746,https://drive.google.com/file/d/130yLw8tImMqo2VNMzpAGLrvYbL1IeZqZ/view
1LrLKDvNdoQsed7YC4SgoHAokbq0OqVfV,G06N/1020250068220.pdf,1020250068220.pdf,pdf,G06N,G06N,1020250068220,https://drive.google.com/file/d/1LrLKDvNdoQsed7YC4SgoHAokbq0OqVfV/view
1pB9wY-LrZN1iLTv4jWAor-9IMqDSubN4,G06N/1020250077843.pdf,1020250077843.pdf,pdf,G06N,G06N,1020250077843,https://drive.google.com/file/d/1pB9wY-LrZN1iLTv4jWAor-9IMqDSubN4/view
1NjiL5zwhbv7tbaF5UhlALGvxucvMoBYx,G06N/1020250077859.pdf,1020250077859.pdf,pdf,G06N,G06N,1020250077859,https://drive.google.com/file/d/1NjiL5zwhbv7tbaF5UhlALGvxucvMoBYx/view
1iFotw1cCDnkfgNQJ5RsLK9Y5Nfw5Dqg8,G06N/1020250115002.pdf,1020250115002.pdf,pdf,G06N,G06N,1020250115002,https://drive.google.com/file/d/1iFotw1cCDnkfgNQJ5RsLK9Y5Nfw5Dqg8/view
1vHzb6DVBVt9RIZjFGBTOBTAALgU8TdmC,G06N/1020250155326.pdf,1020250155326.pdf,pdf,G06N,G06N,1020250155326,https://drive.google.com/file/d/1vHzb6DVBVt9RIZjFGBTOBTAALgU8TdmC/view
1KCkjOtOkyLBRAEhhCD3cX1PI-UbsoNyP,G06N/1020257019800.pdf,1020257019800.pdf,pdf,G06N,G06N,1020257019800,https://drive.google.com/file/d/1KCkjOtOkyLBRAEhhCD3cX1PI-UbsoNyP/view
1DhrumGokfj2TWtN6G8I_qfcqhMt0ott5,G06Q/1020070078202.pdf,1020070078202.pdf,pdf,G06Q,G06Q,1020070078202,https://drive.google.com/file/d/1DhrumGokfj2TWtN6G8I_qfcqhMt0ott5/view
12eobRwb-H70fohOP2RzbUDIO7Hnn24TP,G06Q/1020097000804.pdf,1020097000804.pdf,pdf,G06Q,G06Q,1020097000804,https://drive.google.com/file/d/12eobRwb-H70fohOP2RzbUDIO7Hnn24TP/view
1p4aB6EaTNBE-2GnhZxvvCQr6FuFFbkjp,G06Q/1020100129423.pdf,1020100129423.pdf,pdf,G06Q,G06Q,1020100129423,https://drive.google.com/file/d/1p4aB6EaTNBE-2GnhZxvvCQr6FuFFbkjp/view
1Vd0nkIpNKoihmVeoMzUZCTvHjBAUmb9k,G06Q/1020110051511.pdf,1020110051511.pdf,pdf,G06Q,G06Q,1020110051511,https://drive.google.com/file/d/1Vd0nkIpNKoihmVeoMzUZCTvHjBAUmb9k/view
1TDmRzSrGbak4lLvdKk_MEIWd6b6uEDZy,G06Q/1020137012097.pdf,1020137012097.pdf,pdf,G06Q,G06Q,1020137012097,https://drive.google.com/file/d/1TDmRzSrGbak4lLvdKk_MEIWd6b6uEDZy/view
1l2eUKqeS3G_P9URc5HALEyuOzO3n-Q8E,G06Q/1020147027322.pdf,1020147027322.pdf,pdf,G06Q,G06Q,1020147027322,https://drive.google.com/file/d/1l2eUKqeS3G_P9URc5HALEyuOzO3n-Q8E/view
1dN4uTNfwJH61-BpA649jo8SFCuijk1B2,G06Q/1020147028021.pdf,1020147028021.pdf,pdf,G06Q,G06Q,1020147028021,https://drive.google.com/file/d/1dN4uTNfwJH61-BpA649jo8SFCuijk1B2/view
1_D4JYSMX5n5rP7ueLNDigVAHnwr53gG3,G06Q/1020150065878.pdf,1020150065878.pdf,pdf,G06Q,G06Q,1020150065878,https://drive.google.com/file/d/1_D4JYSMX5n5rP7ueLNDigVAHnwr53gG3/view
1f-l5sQTZ07gikvXIsjnWO38l-TEVSdxd,G06Q/1020160021837.pdf,1020160021837.pdf,pdf,G06Q,G06Q,1020160021837,https://drive.google.com/file/d/1f-l5sQTZ07gikvXIsjnWO38l-TEVSdxd/view
1mowY6PdN0zfjzy5MJC5ArsGaZZ34GQQX,G06Q/1020160051877.pdf,1020160051877.pdf,pdf,G06Q,G06Q,1020160051877,https://drive.google.com/file/d/1mowY6PdN0zfjzy5MJC5ArsGaZZ34GQQX/view
1xZ1wMKH6M0heB_xja4L3CvTjroxBED9g,G06Q/1020160052007.pdf,1020160052007.pdf,pdf,G06Q,G06Q,1020160052007,https://drive.google.com/file/d/1xZ1wMKH6M0heB_xja4L3CvTjroxBED9g/view
1vaH2Owk6Yz6vIi_oNfs2Gmq60qJ9bVa8,G06Q/1020160053785.pdf,1020160053785.pdf,pdf,G06Q,G06Q,1020160053785,https://drive.google.com/file/d/1vaH2Owk6Yz6vIi_oNfs2Gmq60qJ9bVa8/view
1CJcc7EIIJRqZ8g7ecX8wBbuvHrPTSCbZ,G06Q/1020160144305.pdf,1020160144305.pdf,pdf,G06Q,G06Q,1020160144305,https://drive.google.com/file/d/1CJcc7EIIJRqZ8g7ecX8wBbuvHrPTSCbZ/view
1m2OF1U5hU-LQc85lAixKM2r9eYGegAS8,G06Q/1020160170360.pdf,1020160170360.pdf,pdf,G06Q,G06Q,1020160170360,https://drive.google.com/file/d/1m2OF1U5hU-LQc85lAixKM2r9eYGegAS8/view
1erbYwfrGTEfJlMv22I8NTAv_bITAjLH3,G06Q/1020167011605.pdf,1020167011605.pdf,pdf,G06Q,G06Q,1020167011605,https://drive.google.com/file/d/1erbYwfrGTEfJlMv22I8NTAv_bITAjLH3/view
10Jvy1qY29HC1xQFS1Ot607EF5d2s7sQv,G06Q/1020167012355.pdf,1020167012355.pdf,pdf,G06Q,G06Q,1020167012355,https://drive.google.com/file/d/10Jvy1qY29HC1xQFS1Ot607EF5d2s7sQv/view
1xTSqsjVNoDltcvbBwbJmg_5nNO65bqo2,G06Q/1020170022365.pdf,1020170022365.pdf,pdf,G06Q,G06Q,1020170022365,https://drive.google.com/file/d/1xTSqsjVNoDltcvbBwbJmg_5nNO65bqo2/view
1zy8XVvW8tsfl65g-CNeWzEHW0ITkMIng,G06Q/1020170022546.pdf,1020170022546.pdf,pdf,G06Q,G06Q,1020170022546,https://drive.google.com/file/d/1zy8XVvW8tsfl65g-CNeWzEHW0ITkMIng/view
1vlhC5VCT4VtWEw5HWyBAV7D0wJjzNy-C,G06Q/1020170022582.pdf,1020170022582.pdf,pdf,G06Q,G06Q,1020170022582,https://drive.google.com/file/d/1vlhC5VCT4VtWEw5HWyBAV7D0wJjzNy-C/view
1BOhkt75-xdMcF1vXIHbY_Ue1Rm_g_jbx,G06Q/1020170153809.pdf,1020170153809.pdf,pdf,G06Q,G06Q,1020170153809,https://drive.google.com/file/d/1BOhkt75-xdMcF1vXIHbY_Ue1Rm_g_jbx/view
13mz7zR_66rggjf7CH88eDBERx_8onTuv,G06Q/1020177001104.pdf,1020177001104.pdf,pdf,G06Q,G06Q,1020177001104,https://drive.google.com/file/d/13mz7zR_66rggjf7CH88eDBERx_8onTuv/view
1h1c7oWHIUkS5uKvvNnkHDdP0_g8E9uVW,G06Q/1020187032519.pdf,1020187032519.pdf,pdf,G06Q,G06Q,1020187032519,https://drive.google.com/file/d/1h1c7oWHIUkS5uKvvNnkHDdP0_g8E9uVW/view
1An2CaXiXorl1bcfK-yjqXlUR0Gsfp97C,G06Q/1020190061986.pdf,1020190061986.pdf,pdf,G06Q,G06Q,1020190061986,https://drive.google.com/file/d/1An2CaXiXorl1bcfK-yjqXlUR0Gsfp97C/view
13S40aT7d2ye7m_OJ6374yr6iEEkvvj2W,G06Q/1020190075645.pdf,1020190075645.pdf,pdf,G06Q,G06Q,1020190075645,https://drive.google.com/file/d/13S40aT7d2ye7m_OJ6374yr6iEEkvvj2W/view
174oGx2tFAXcAASWhorjPp2oH8a2eWnah,G06Q/1020190081133.pdf,1020190081133.pdf,pdf,G06Q,G06Q,1020190081133,https://drive.google.com/file/d/174oGx2tFAXcAASWhorjPp2oH8a2eWnah/view
1n3lPc-cjT8Dc6I8BKA22XHl6eewhevBo,G06Q/1020190103620.pdf,1020190103620.pdf,pdf,G06Q,G06Q,1020190103620,https://drive.google.com/file/d/1n3lPc-cjT8Dc6I8BKA22XHl6eewhevBo/view
1pIiIuo9WZnQkCkHqnI8EQaxgyv_MTCen,G06Q/1020190107252.pdf,1020190107252.pdf,pdf,G06Q,G06Q,1020190107252,https://drive.google.com/file/d/1pIiIuo9WZnQkCkHqnI8EQaxgyv_MTCen/view
1GIbCf7Ydt6unAtJzJxifNOdgUQfmXfU8,G06Q/1020190165355.pdf,1020190165355.pdf,pdf,G06Q,G06Q,1020190165355,https://drive.google.com/file/d/1GIbCf7Ydt6unAtJzJxifNOdgUQfmXfU8/view
1h3XwjAsnb6Bypt4krJoqxg7vXxCfE29O,G06Q/1020197005060.pdf,1020197005060.pdf,pdf,G06Q,G06Q,1020197005060,https://drive.google.com/file/d/1h3XwjAsnb6Bypt4krJoqxg7vXxCfE29O/view
1mYuSfOem2s3SBC343oixbjfRzwwVDApD,G06Q/1020197013747.pdf,1020197013747.pdf,pdf,G06Q,G06Q,1020197013747,https://drive.google.com/file/d/1mYuSfOem2s3SBC343oixbjfRzwwVDApD/view
1G5eIhKd0zuMwv2mSqXnaHwhUEPmulpME,G06Q/1020200019152.pdf,1020200019152.pdf,pdf,G06Q,G06Q,1020200019152,https://drive.google.com/file/d/1G5eIhKd0zuMwv2mSqXnaHwhUEPmulpME/view
1dOu-kd-J_Xwv2mG428pKVAkE1x-uGzWp,G06Q/1020200025029.pdf,1020200025029.pdf,pdf,G06Q,G06Q,1020200025029,https://drive.google.com/file/d/1dOu-kd-J_Xwv2mG428pKVAkE1x-uGzWp/view
1OiQQYLWpic3k7QGeReKwpseuJYST4vA2,G06Q/1020200045053.pdf,1020200045053.pdf,pdf,G06Q,G06Q,1020200045053,https://drive.google.com/file/d/1OiQQYLWpic3k7QGeReKwpseuJYST4vA2/view
1MgbdRP0GDAN-KukC9v8626UBfQi5Cz-7,G06Q/1020200073425.pdf,1020200073425.pdf,pdf,G06Q,G06Q,1020200073425,https://drive.google.com/file/d/1MgbdRP0GDAN-KukC9v8626UBfQi5Cz-7/view
1rcXRIu9xgMrR7biDoLfWBJlB3vTUyda4,G06Q/1020200076842.pdf,1020200076842.pdf,pdf,G06Q,G06Q,1020200076842,https://drive.google.com/file/d/1rcXRIu9xgMrR7biDoLfWBJlB3vTUyda4/view
1sNZ16p4CyDJNCcU0mFUiNtTttAYZPXLm,G06Q/1020200079497.pdf,1020200079497.pdf,pdf,G06Q,G06Q,1020200079497,https://drive.google.com/file/d/1sNZ16p4CyDJNCcU0mFUiNtTttAYZPXLm/view
1ynqMc1wmY7LF5VPcp-AFZzkr5r2eFImM,G06Q/1020200086612.pdf,1020200086612.pdf,pdf,G06Q,G06Q,1020200086612,https://drive.google.com/file/d/1ynqMc1wmY7LF5VPcp-AFZzkr5r2eFImM/view
11UdxCgSr1GeyGghwmMVMlyjNleX0XonZ,G06Q/1020200091525.pdf,1020200091525.pdf,pdf,G06Q,G06Q,1020200091525,https://drive.google.com/file/d/11UdxCgSr1GeyGghwmMVMlyjNleX0XonZ/view
1GSNRdEll9fnqMT5PZAIy4Bo967bohxui,G06Q/1020200103700.pdf,1020200103700.pdf,pdf,G06Q,G06Q,1020200103700,https://drive.google.com/file/d/1GSNRdEll9fnqMT5PZAIy4Bo967bohxui/view
1mttzIA64pV8dt-7gEY0phHx7EGhXvB0T,G06Q/1020200112589.pdf,1020200112589.pdf,pdf,G06Q,G06Q,1020200112589,https://drive.google.com/file/d/1mttzIA64pV8dt-7gEY0phHx7EGhXvB0T/view
1PnI8TXvc32HNXnYDbhj7ExMi68_KFqJV,G06Q/1020200120341.pdf,1020200120341.pdf,pdf,G06Q,G06Q,1020200120341,https://drive.google.com/file/d/1PnI8TXvc32HNXnYDbhj7ExMi68_KFqJV/view
1bF2a4UAky1oFaeENW4tCTnoM_y7mB3fD,G06Q/1020200126327.pdf,1020200126327.pdf,pdf,G06Q,G06Q,1020200126327,https://drive.google.com/file/d/1bF2a4UAky1oFaeENW4tCTnoM_y7mB3fD/view
1z13xgkYMcZIR7rw7n7kgy88BpXZq27nO,G06Q/1020200146542.pdf,1020200146542.pdf,pdf,G06Q,G06Q,1020200146542,https://drive.google.com/file/d/1z13xgkYMcZIR7rw7n7kgy88BpXZq27nO/view
1h9MZj1LLjcE8NqwSrfwS89p4FCUu-MPd,G06Q/1020210001419.pdf,1020210001419.pdf,pdf,G06Q,G06Q,1020210001419,https://drive.google.com/file/d/1h9MZj1LLjcE8NqwSrfwS89p4FCUu-MPd/view
1x6DhuP5t0Gc0s1ah8NY49quWpjbgz0hc,G06Q/1020210055071.pdf,1020210055071.pdf,pdf,G06Q,G06Q,1020210055071,https://drive.google.com/file/d/1x6DhuP5t0Gc0s1ah8NY49quWpjbgz0hc/view
1NlEtHH5dB5t1bfK8oOvI7M_ArPec7eZG,G06Q/1020210055073.pdf,1020210055073.pdf,pdf,G06Q,G06Q,1020210055073,https://drive.google.com/file/d/1NlEtHH5dB5t1bfK8oOvI7M_ArPec7eZG/view
1Pcl5uzhQw7ZBQBgb6gEbPjSs-QSGzT3M,G06Q/1020210101757.pdf,1020210101757.pdf,pdf,G06Q,G06Q,1020210101757,https://drive.google.com/file/d/1Pcl5uzhQw7ZBQBgb6gEbPjSs-QSGzT3M/view
1nnWp2ZDXUdoB6U_F4TouubYC2fYs6mtv,G06Q/1020210119720.pdf,1020210119720.pdf,pdf,G06Q,G06Q,1020210119720,https://drive.google.com/file/d/1nnWp2ZDXUdoB6U_F4TouubYC2fYs6mtv/view
1h-TMmO1oQikn42nPjKLku3ObtTiBK4Jh,G06Q/1020210133890.pdf,1020210133890.pdf,pdf,G06Q,G06Q,1020210133890,https://drive.google.com/file/d/1h-TMmO1oQikn42nPjKLku3ObtTiBK4Jh/view
1ueQQNrPkqWlSfcOOIJ6cUg6jodRyQeJr,G06Q/1020210137298.pdf,1020210137298.pdf,pdf,G06Q,G06Q,1020210137298,https://drive.google.com/file/d/1ueQQNrPkqWlSfcOOIJ6cUg6jodRyQeJr/view
1CY3Zr-hHPgWFmscKGYIWGKsOPLPs7-zU,G06Q/1020210138676.pdf,1020210138676.pdf,pdf,G06Q,G06Q,1020210138676,https://drive.google.com/file/d/1CY3Zr-hHPgWFmscKGYIWGKsOPLPs7-zU/view
1p5mwA2GyjGdzNPisHWtzYkCRzCabAl4y,G06Q/1020210144843.pdf,1020210144843.pdf,pdf,G06Q,G06Q,1020210144843,https://drive.google.com/file/d/1p5mwA2GyjGdzNPisHWtzYkCRzCabAl4y/view
1adEvZSzp_AJKpRSLaOvwmOhc7sMIvgDh,G06Q/1020210158508.pdf,1020210158508.pdf,pdf,G06Q,G06Q,1020210158508,https://drive.google.com/file/d/1adEvZSzp_AJKpRSLaOvwmOhc7sMIvgDh/view
1EMxID9MPpvwjVsljCflBi7_9tjESIK-b,G06Q/1020217026320.pdf,1020217026320.pdf,pdf,G06Q,G06Q,1020217026320,https://drive.google.com/file/d/1EMxID9MPpvwjVsljCflBi7_9tjESIK-b/view
1BYH1Lq11TmLbuWro3pl19QFZcCiTiQQo,G06Q/1020217040305.pdf,1020217040305.pdf,pdf,G06Q,G06Q,1020217040305,https://drive.google.com/file/d/1BYH1Lq11TmLbuWro3pl19QFZcCiTiQQo/view
1EyY9VJ4RUGFcc8dHx8UreWNYzlfkfcFq,G06Q/1020220016773.pdf,1020220016773.pdf,pdf,G06Q,G06Q,1020220016773,https://drive.google.com/file/d/1EyY9VJ4RUGFcc8dHx8UreWNYzlfkfcFq/view
1KkKC9ghzQP6_rRth7gRGp8R4okr-3EqK,G06Q/1020220024275.pdf,1020220024275.pdf,pdf,G06Q,G06Q,1020220024275,https://drive.google.com/file/d/1KkKC9ghzQP6_rRth7gRGp8R4okr-3EqK/view
1tMobNJKHPnHgV2aSjeMSI2hIVP1URxAL,G06Q/1020220030349.pdf,1020220030349.pdf,pdf,G06Q,G06Q,1020220030349,https://drive.google.com/file/d/1tMobNJKHPnHgV2aSjeMSI2hIVP1URxAL/view
1Qjv__oiSePGNWBEXGk4TFkQ99AEQoNqo,G06Q/1020220043374.pdf,1020220043374.pdf,pdf,G06Q,G06Q,1020220043374,https://drive.google.com/file/d/1Qjv__oiSePGNWBEXGk4TFkQ99AEQoNqo/view
1itlbEUMvxHawMSInkJmO-xQE0Eey51d6,G06Q/1020220043774.pdf,1020220043774.pdf,pdf,G06Q,G06Q,1020220043774,https://drive.google.com/file/d/1itlbEUMvxHawMSInkJmO-xQE0Eey51d6/view
1bbYvSxuYByCS6iXapg84FvhMvUne8GQV,G06Q/1020220048990.pdf,1020220048990.pdf,pdf,G06Q,G06Q,1020220048990,https://drive.google.com/file/d/1bbYvSxuYByCS6iXapg84FvhMvUne8GQV/view
1STNqqfelNpV4TJGKhq8XjG-Xmx-neWnq,G06Q/1020220048991.pdf,1020220048991.pdf,pdf,G06Q,G06Q,1020220048991,https://drive.google.com/file/d/1STNqqfelNpV4TJGKhq8XjG-Xmx-neWnq/view
1Hg4dRbfTyfO6W18qYrt5nMdQLJ97aur8,G06Q/1020220053894.pdf,1020220053894.pdf,pdf,G06Q,G06Q,1020220053894,https://drive.google.com/file/d/1Hg4dRbfTyfO6W18qYrt5nMdQLJ97aur8/view
1Hg11lNqtsi53-xFzMG_wR6bZoBjJZzLa,G06Q/1020220055365.pdf,1020220055365.pdf,pdf,G06Q,G06Q,1020220055365,https://drive.google.com/file/d/1Hg11lNqtsi53-xFzMG_wR6bZoBjJZzLa/view
1ed_xU-Zc_MBFPpK13iz0rzTng2FrJMtx,G06Q/1020220069437.pdf,1020220069437.pdf,pdf,G06Q,G06Q,1020220069437,https://drive.google.com/file/d/1ed_xU-Zc_MBFPpK13iz0rzTng2FrJMtx/view
1Svu6e_bdpeB5O4pR3I2nP7jRh__0cP-U,G06Q/1020220074727.pdf,1020220074727.pdf,pdf,G06Q,G06Q,1020220074727,https://drive.google.com/file/d/1Svu6e_bdpeB5O4pR3I2nP7jRh__0cP-U/view
1gI1pdOzlh6GH3K7lbYVdnfzoxjU5mc2y,G06Q/1020220075039.pdf,1020220075039.pdf,pdf,G06Q,G06Q,1020220075039,https://drive.google.com/file/d/1gI1pdOzlh6GH3K7lbYVdnfzoxjU5mc2y/view
14dg_m16VqSQK5BCESagAiHBJM0W3OtEi,G06Q/1020220081044.pdf,1020220081044.pdf,pdf,G06Q,G06Q,1020220081044,https://drive.google.com/file/d/14dg_m16VqSQK5BCESagAiHBJM0W3OtEi/view
1CzacHcIzO262Q4v29p3J982OoJhIR_69,G06Q/1020220087113.pdf,1020220087113.pdf,pdf,G06Q,G06Q,1020220087113,https://drive.google.com/file/d/1CzacHcIzO262Q4v29p3J982OoJhIR_69/view
1I_bP1STwce5hgfpxuC-upa6Dec7qWm36,G06Q/1020220088007.pdf,1020220088007.pdf,pdf,G06Q,G06Q,1020220088007,https://drive.google.com/file/d/1I_bP1STwce5hgfpxuC-upa6Dec7qWm36/view
1q8BvS5_A4KnddyeaIeAy477gtAKNGeiF,G06Q/1020220090930.pdf,1020220090930.pdf,pdf,G06Q,G06Q,1020220090930,https://drive.google.com/file/d/1q8BvS5_A4KnddyeaIeAy477gtAKNGeiF/view
19HmGbRRoN_1Zzi9AAts89qbP2mAVoCAR,G06Q/1020220092735.pdf,1020220092735.pdf,pdf,G06Q,G06Q,1020220092735,https://drive.google.com/file/d/19HmGbRRoN_1Zzi9AAts89qbP2mAVoCAR/view
1in4ksVrwIKNgaEbZZ0hLglOpW_aFRN8Y,G06Q/1020220092736.pdf,1020220092736.pdf,pdf,G06Q,G06Q,1020220092736,https://drive.google.com/file/d/1in4ksVrwIKNgaEbZZ0hLglOpW_aFRN8Y/view
1mWlPI1azDUh8iz-bUi-c3qrhnbKi0avZ,G06Q/1020220106772.pdf,1020220106772.pdf,pdf,G06Q,G06Q,1020220106772,https://drive.google.com/file/d/1mWlPI1azDUh8iz-bUi-c3qrhnbKi0avZ/view
12op5FVHKjAE_a0h92m0w5wrqhpJUVmqG,G06Q/1020220110729.pdf,1020220110729.pdf,pdf,G06Q,G06Q,1020220110729,https://drive.google.com/file/d/12op5FVHKjAE_a0h92m0w5wrqhpJUVmqG/view
1fXN53ILchy23mlFf1XocXbbZkgXs5UUn,G06Q/1020220118978.pdf,1020220118978.pdf,pdf,G06Q,G06Q,1020220118978,https://drive.google.com/file/d/1fXN53ILchy23mlFf1XocXbbZkgXs5UUn/view
12hXkiV4DnSr83GBhfy0TElOT6SjXOzsr,G06Q/1020220126592.pdf,1020220126592.pdf,pdf,G06Q,G06Q,1020220126592,https://drive.google.com/file/d/12hXkiV4DnSr83GBhfy0TElOT6SjXOzsr/view
16nrvL8P8W2iEp4fIpXrEFI1M7rgTY-TA,G06Q/1020220132877.pdf,1020220132877.pdf,pdf,G06Q,G06Q,1020220132877,https://drive.google.com/file/d/16nrvL8P8W2iEp4fIpXrEFI1M7rgTY-TA/view
1jmJ2LRGYdj5rhohTzgSuT8WqhY2d4Q71,G06Q/1020220137403.pdf,1020220137403.pdf,pdf,G06Q,G06Q,1020220137403,https://drive.google.com/file/d/1jmJ2LRGYdj5rhohTzgSuT8WqhY2d4Q71/view
1tq8G7MUqjtvvx2Z0wXlSAaT0mwa1kJ_K,G06Q/1020220144287.pdf,1020220144287.pdf,pdf,G06Q,G06Q,1020220144287,https://drive.google.com/file/d/1tq8G7MUqjtvvx2Z0wXlSAaT0mwa1kJ_K/view
1RMB0ANmdF_5mec5sAbSxKh1Iib1zVKAv,G06Q/1020220157930.pdf,1020220157930.pdf,pdf,G06Q,G06Q,1020220157930,https://drive.google.com/file/d/1RMB0ANmdF_5mec5sAbSxKh1Iib1zVKAv/view
1UzO4Wv3gq6wGNUYhQfYC8TqMSKghuTW9,G06Q/1020220159825.pdf,1020220159825.pdf,pdf,G06Q,G06Q,1020220159825,https://drive.google.com/file/d/1UzO4Wv3gq6wGNUYhQfYC8TqMSKghuTW9/view
1PCWxO4nA0lU9ct9SGtAC4cKi4wrrs3VB,G06Q/1020220167302.pdf,1020220167302.pdf,pdf,G06Q,G06Q,1020220167302,https://drive.google.com/file/d/1PCWxO4nA0lU9ct9SGtAC4cKi4wrrs3VB/view
1qTl65Ot23NtOA2-YTCygKRYlnHbkZGIk,G06Q/1020220171834.pdf,1020220171834.pdf,pdf,G06Q,G06Q,1020220171834,https://drive.google.com/file/d/1qTl65Ot23NtOA2-YTCygKRYlnHbkZGIk/view
1ea7Fghi7qRyH5NUNR4AA7bUTv1XXSB6h,G06Q/1020220172733.pdf,1020220172733.pdf,pdf,G06Q,G06Q,1020220172733,https://drive.google.com/file/d/1ea7Fghi7qRyH5NUNR4AA7bUTv1XXSB6h/view
1ffMc0ROtM7HP_8AzRqdkg2Aaqy52yZky,G06Q/1020220174064.pdf,1020220174064.pdf,pdf,G06Q,G06Q,1020220174064,https://drive.google.com/file/d/1ffMc0ROtM7HP_8AzRqdkg2Aaqy52yZky/view
1ouAHSY10I-7gFARu_qxL05hdV9Ng9r8p,G06Q/1020220175470.pdf,1020220175470.pdf,pdf,G06Q,G06Q,1020220175470,https://drive.google.com/file/d/1ouAHSY10I-7gFARu_qxL05hdV9Ng9r8p/view
1cweuhHGjGTonZVehPqwSdBmHfcu1DzW9,G06Q/1020220175522.pdf,1020220175522.pdf,pdf,G06Q,G06Q,1020220175522,https://drive.google.com/file/d/1cweuhHGjGTonZVehPqwSdBmHfcu1DzW9/view
1ymLyDHPHogHhEjtVIR5V8wXcK_YCX2FI,G06Q/1020220176917.pdf,1020220176917.pdf,pdf,G06Q,G06Q,1020220176917,https://drive.google.com/file/d/1ymLyDHPHogHhEjtVIR5V8wXcK_YCX2FI/view
14GmLVX3KcGteqrXCqmQUr61q-hm8aqpG,G06Q/1020220180424.pdf,1020220180424.pdf,pdf,G06Q,G06Q,1020220180424,https://drive.google.com/file/d/14GmLVX3KcGteqrXCqmQUr61q-hm8aqpG/view
1ozvPlMNenCLwr2Hz2kJGbdFN73ikh6KD,G06Q/1020220186878.pdf,1020220186878.pdf,pdf,G06Q,G06Q,1020220186878,https://drive.google.com/file/d/1ozvPlMNenCLwr2Hz2kJGbdFN73ikh6KD/view
1T9WFco_D4DFOXRhraiyRaJ79w77EeHhw,G06Q/1020227013279.pdf,1020227013279.pdf,pdf,G06Q,G06Q,1020227013279,https://drive.google.com/file/d/1T9WFco_D4DFOXRhraiyRaJ79w77EeHhw/view
1ZdoQQDGPn9SBFgGL-iMRkd9th_2MmFD5,G06Q/1020230001358.pdf,1020230001358.pdf,pdf,G06Q,G06Q,1020230001358,https://drive.google.com/file/d/1ZdoQQDGPn9SBFgGL-iMRkd9th_2MmFD5/view
1Jrv4qDOXNkEOwBpCItZKStl60py4sUEb,G06Q/1020230003745.pdf,1020230003745.pdf,pdf,G06Q,G06Q,1020230003745,https://drive.google.com/file/d/1Jrv4qDOXNkEOwBpCItZKStl60py4sUEb/view
1pUGbeiDg1A5l-BiQgoTObVlTvVoL2-yf,G06Q/1020230003912.pdf,1020230003912.pdf,pdf,G06Q,G06Q,1020230003912,https://drive.google.com/file/d/1pUGbeiDg1A5l-BiQgoTObVlTvVoL2-yf/view
11aeOuoY8eFk3m-Mm8wLGFk5nY66NYiWX,G06Q/1020230005898.pdf,1020230005898.pdf,pdf,G06Q,G06Q,1020230005898,https://drive.google.com/file/d/11aeOuoY8eFk3m-Mm8wLGFk5nY66NYiWX/view
1KoQFVd2p06Bt2QSVKW0gumUIOcKKh1JF,G06Q/1020230008511.pdf,1020230008511.pdf,pdf,G06Q,G06Q,1020230008511,https://drive.google.com/file/d/1KoQFVd2p06Bt2QSVKW0gumUIOcKKh1JF/view
1-Ujv0hZVx52Xise9cGbWD_TPXv3dkTKp,G06Q/1020230017135.pdf,1020230017135.pdf,pdf,G06Q,G06Q,1020230017135,https://drive.google.com/file/d/1-Ujv0hZVx52Xise9cGbWD_TPXv3dkTKp/view
17Yu9mR5nyPb9MwO-w1yqPuGQueQdXeY_,G06Q/1020230025818.pdf,1020230025818.pdf,pdf,G06Q,G06Q,1020230025818,https://drive.google.com/file/d/17Yu9mR5nyPb9MwO-w1yqPuGQueQdXeY_/view
1Sj0J-A2-eMZW3VG2cHdkVkS99e-JRbhb,G06Q/1020230029204.pdf,1020230029204.pdf,pdf,G06Q,G06Q,1020230029204,https://drive.google.com/file/d/1Sj0J-A2-eMZW3VG2cHdkVkS99e-JRbhb/view
1g7epUcA07WD11P3nPGl557OSBlbzA5LL,G06Q/1020230030800.pdf,1020230030800.pdf,pdf,G06Q,G06Q,1020230030800,https://drive.google.com/file/d/1g7epUcA07WD11P3nPGl557OSBlbzA5LL/view
1i5mJmzoYA5BLo2xFiG4xOc3HlIDsYNHU,G06Q/1020230037438.pdf,1020230037438.pdf,pdf,G06Q,G06Q,1020230037438,https://drive.google.com/file/d/1i5mJmzoYA5BLo2xFiG4xOc3HlIDsYNHU/view
16FTxVYy09fWCFO57u7Pd8oaW_s9TVbz0,G06Q/1020230037957.pdf,1020230037957.pdf,pdf,G06Q,G06Q,1020230037957,https://drive.google.com/file/d/16FTxVYy09fWCFO57u7Pd8oaW_s9TVbz0/view
1pQ6bB3H9Fc7k9yZtTDDqp-sZLmF6A8SI,G06Q/1020230039672.pdf,1020230039672.pdf,pdf,G06Q,G06Q,1020230039672,https://drive.google.com/file/d/1pQ6bB3H9Fc7k9yZtTDDqp-sZLmF6A8SI/view
1GM1QcYzr_M9P-rOrXAWNZjESposLiSE2,G06Q/1020230044382.pdf,1020230044382.pdf,pdf,G06Q,G06Q,1020230044382,https://drive.google.com/file/d/1GM1QcYzr_M9P-rOrXAWNZjESposLiSE2/view
12jjgN8OLQSfXrXpTF3rYOxSteQTtN_s9,G06Q/1020230058113.pdf,1020230058113.pdf,pdf,G06Q,G06Q,1020230058113,https://drive.google.com/file/d/12jjgN8OLQSfXrXpTF3rYOxSteQTtN_s9/view
1D4YcSzy8w3dILXSWDWCRElBJycR_PcIH,G06Q/1020230059615.pdf,1020230059615.pdf,pdf,G06Q,G06Q,1020230059615,https://drive.google.com/file/d/1D4YcSzy8w3dILXSWDWCRElBJycR_PcIH/view
1VwwwAirWhrf3UXLft071UuD8_PJRCmll,G06Q/1020230064122.pdf,1020230064122.pdf,pdf,G06Q,G06Q,1020230064122,https://drive.google.com/file/d/1VwwwAirWhrf3UXLft071UuD8_PJRCmll/view
15adLbnn1S06qJEMb6Kcut8cF1wMkl56B,G06Q/1020230068885.pdf,1020230068885.pdf,pdf,G06Q,G06Q,1020230068885,https://drive.google.com/file/d/15adLbnn1S06qJEMb6Kcut8cF1wMkl56B/view
1n0MHe2zcF9EdBEoMByKJgGhmX_dwQBW1,G06Q/1020230069182.pdf,1020230069182.pdf,pdf,G06Q,G06Q,1020230069182,https://drive.google.com/file/d/1n0MHe2zcF9EdBEoMByKJgGhmX_dwQBW1/view
1zWkl3PrGL7NpTqpQ_CDT3PaPzhONt6gk,G06Q/1020230075894.pdf,1020230075894.pdf,pdf,G06Q,G06Q,1020230075894,https://drive.google.com/file/d/1zWkl3PrGL7NpTqpQ_CDT3PaPzhONt6gk/view
1EmyShGvyYFfmwmCEZoKLlbqjiwb4yQBj,G06Q/1020230075924.pdf,1020230075924.pdf,pdf,G06Q,G06Q,1020230075924,https://drive.google.com/file/d/1EmyShGvyYFfmwmCEZoKLlbqjiwb4yQBj/view
1_zxffSl47p1bsTsBwIBn70wc5Yvel1HB,G06Q/1020230097316.pdf,1020230097316.pdf,pdf,G06Q,G06Q,1020230097316,https://drive.google.com/file/d/1_zxffSl47p1bsTsBwIBn70wc5Yvel1HB/view
1uSBn531mXxmWNBPRfrYVzb6o8I-4mZnB,G06Q/1020230099045.pdf,1020230099045.pdf,pdf,G06Q,G06Q,1020230099045,https://drive.google.com/file/d/1uSBn531mXxmWNBPRfrYVzb6o8I-4mZnB/view
1xWSdfde32QMADCDXadLH4tOs9TSpaUsA,G06Q/1020230104523.pdf,1020230104523.pdf,pdf,G06Q,G06Q,1020230104523,https://drive.google.com/file/d/1xWSdfde32QMADCDXadLH4tOs9TSpaUsA/view
1yhbZ8CSsCxDEqDRJRJlMeNeMlKACkAES,G06Q/1020230106520.pdf,1020230106520.pdf,pdf,G06Q,G06Q,1020230106520,https://drive.google.com/file/d/1yhbZ8CSsCxDEqDRJRJlMeNeMlKACkAES/view
19J9rWM1Gj6bRTnmKFH-qiXHbBnUDl5U9,G06Q/1020230106712.pdf,1020230106712.pdf,pdf,G06Q,G06Q,1020230106712,https://drive.google.com/file/d/19J9rWM1Gj6bRTnmKFH-qiXHbBnUDl5U9/view
1Kke9EsN0ebPOod5B7Ja17qt9EM6_vzD6,G06Q/1020230107281.pdf,1020230107281.pdf,pdf,G06Q,G06Q,1020230107281,https://drive.google.com/file/d/1Kke9EsN0ebPOod5B7Ja17qt9EM6_vzD6/view
1phdd7WbWJMZb4TbRnQrGHqkxKkpjgzAu,G06Q/1020230107940.pdf,1020230107940.pdf,pdf,G06Q,G06Q,1020230107940,https://drive.google.com/file/d/1phdd7WbWJMZb4TbRnQrGHqkxKkpjgzAu/view
1_KdRcNMzSOBZQrK19Ho7vr8Plwn8PJqG,G06Q/1020230109772.pdf,1020230109772.pdf,pdf,G06Q,G06Q,1020230109772,https://drive.google.com/file/d/1_KdRcNMzSOBZQrK19Ho7vr8Plwn8PJqG/view
1n45ap6ARzd-iY4nOH5WhifnoIo9gCFho,G06Q/1020230128975.pdf,1020230128975.pdf,pdf,G06Q,G06Q,1020230128975,https://drive.google.com/file/d/1n45ap6ARzd-iY4nOH5WhifnoIo9gCFho/view
1Bo_UHnKanAVOfQ0nDnj36yss7IuuHNoU,G06Q/1020230130050.pdf,1020230130050.pdf,pdf,G06Q,G06Q,1020230130050,https://drive.google.com/file/d/1Bo_UHnKanAVOfQ0nDnj36yss7IuuHNoU/view
1TLEduByuwIGmzKXWZYmcgIUb80Pwu6V-,G06Q/1020230141643.pdf,1020230141643.pdf,pdf,G06Q,G06Q,1020230141643,https://drive.google.com/file/d/1TLEduByuwIGmzKXWZYmcgIUb80Pwu6V-/view
1xH9a_HvD7uu7VMkqtXOYs3oS1h7EfdZ-,G06Q/1020230170745.pdf,1020230170745.pdf,pdf,G06Q,G06Q,1020230170745,https://drive.google.com/file/d/1xH9a_HvD7uu7VMkqtXOYs3oS1h7EfdZ-/view
1qPGBzafZCVGr-J_XhiwFDZM4O6ihQt-J,G06Q/1020230175224.pdf,1020230175224.pdf,pdf,G06Q,G06Q,1020230175224,https://drive.google.com/file/d/1qPGBzafZCVGr-J_XhiwFDZM4O6ihQt-J/view
1EJr4aAbyrS7_ski_vTr4lgS7fQJnzjH8,G06Q/1020230183351.pdf,1020230183351.pdf,pdf,G06Q,G06Q,1020230183351,https://drive.google.com/file/d/1EJr4aAbyrS7_ski_vTr4lgS7fQJnzjH8/view
1y6EUXeEWQNBjbU_jOgGXSkqpR45Hf2cg,G06Q/1020230193866.pdf,1020230193866.pdf,pdf,G06Q,G06Q,1020230193866,https://drive.google.com/file/d/1y6EUXeEWQNBjbU_jOgGXSkqpR45Hf2cg/view
1wEgeAk5VW7QvE_AkEC9_SVSxNYVuRZsq,G06Q/1020237014608.pdf,1020237014608.pdf,pdf,G06Q,G06Q,1020237014608,https://drive.google.com/file/d/1wEgeAk5VW7QvE_AkEC9_SVSxNYVuRZsq/view
17A0uFaKCSzXbv4qdyIwcOaekJpK4OrEp,G06Q/1020237024663.pdf,1020237024663.pdf,pdf,G06Q,G06Q,1020237024663,https://drive.google.com/file/d/17A0uFaKCSzXbv4qdyIwcOaekJpK4OrEp/view
1CeX0M6R-kL9h_CppqGtTGgOjA4HM8m8d,G06Q/1020237037765.pdf,1020237037765.pdf,pdf,G06Q,G06Q,1020237037765,https://drive.google.com/file/d/1CeX0M6R-kL9h_CppqGtTGgOjA4HM8m8d/view
1TUS_XMDvi0Eah7GV-jdMqkxPSAcIHZTR,G06Q/1020240001495.pdf,1020240001495.pdf,pdf,G06Q,G06Q,1020240001495,https://drive.google.com/file/d/1TUS_XMDvi0Eah7GV-jdMqkxPSAcIHZTR/view
1B49BiBXk_ZhYEpJLOAFByLmdkDT3Ira_,G06Q/1020240001496.pdf,1020240001496.pdf,pdf,G06Q,G06Q,1020240001496,https://drive.google.com/file/d/1B49BiBXk_ZhYEpJLOAFByLmdkDT3Ira_/view
1W8-nEkrPbL6mNHZmtkl3mCMkKyR_U2uV,G06Q/1020240001497.pdf,1020240001497.pdf,pdf,G06Q,G06Q,1020240001497,https://drive.google.com/file/d/1W8-nEkrPbL6mNHZmtkl3mCMkKyR_U2uV/view
1SFclmSNAOSHarcmfMDJJOsXLNk4OM9Mh,G06Q/1020240009607.pdf,1020240009607.pdf,pdf,G06Q,G06Q,1020240009607,https://drive.google.com/file/d/1SFclmSNAOSHarcmfMDJJOsXLNk4OM9Mh/view
1ojykfbaeQgYz4xkw5xwAZfpm6gRgk0N6,G06Q/1020240016394.pdf,1020240016394.pdf,pdf,G06Q,G06Q,1020240016394,https://drive.google.com/file/d/1ojykfbaeQgYz4xkw5xwAZfpm6gRgk0N6/view
1VeqDDaLMGeacKSQG1Y0TLE2nIpBtg4wI,G06Q/1020240021816.pdf,1020240021816.pdf,pdf,G06Q,G06Q,1020240021816,https://drive.google.com/file/d/1VeqDDaLMGeacKSQG1Y0TLE2nIpBtg4wI/view
1NuaVsQaBo5EAJe5RfE0EmhKviPqKNUkU,G06Q/1020240037715.pdf,1020240037715.pdf,pdf,G06Q,G06Q,1020240037715,https://drive.google.com/file/d/1NuaVsQaBo5EAJe5RfE0EmhKviPqKNUkU/view
1QRPaDzw284YLjfLgNlNn5VOV-Vg2wnK2,G06Q/1020240044918.pdf,1020240044918.pdf,pdf,G06Q,G06Q,1020240044918,https://drive.google.com/file/d/1QRPaDzw284YLjfLgNlNn5VOV-Vg2wnK2/view
1HNFCPsJ12ewCwh7aN2jJQUW1jLC45RLH,G06Q/1020240052421.pdf,1020240052421.pdf,pdf,G06Q,G06Q,1020240052421,https://drive.google.com/file/d/1HNFCPsJ12ewCwh7aN2jJQUW1jLC45RLH/view
1L122ria--CzrSq0xwuhV1ycliY6vRSDr,G06Q/1020240056060.pdf,1020240056060.pdf,pdf,G06Q,G06Q,1020240056060,https://drive.google.com/file/d/1L122ria--CzrSq0xwuhV1ycliY6vRSDr/view
1W8ZY4ZSkf3GtJu6g78KUTfNFKlo5BFqv,G06Q/1020240058291.pdf,1020240058291.pdf,pdf,G06Q,G06Q,1020240058291,https://drive.google.com/file/d/1W8ZY4ZSkf3GtJu6g78KUTfNFKlo5BFqv/view
1tW6oa-ka_S6sBHKzaIHckXE9Fg8h7Rwu,G06Q/1020240063167.pdf,1020240063167.pdf,pdf,G06Q,G06Q,1020240063167,https://drive.google.com/file/d/1tW6oa-ka_S6sBHKzaIHckXE9Fg8h7Rwu/view
1IqavLDemwwO94Ir5BwWSqI8gP5EdQlEU,G06Q/1020240082552.pdf,1020240082552.pdf,pdf,G06Q,G06Q,1020240082552,https://drive.google.com/file/d/1IqavLDemwwO94Ir5BwWSqI8gP5EdQlEU/view
1ReQzRCWbXWYSJHfgT6jY3x7CHVtlF9yf,G06Q/1020240085215.pdf,1020240085215.pdf,pdf,G06Q,G06Q,1020240085215,https://drive.google.com/file/d/1ReQzRCWbXWYSJHfgT6jY3x7CHVtlF9yf/view
16nKTc96YhreY7H2cJNevgbuuXjShnvq-,G06Q/1020240085304.pdf,1020240085304.pdf,pdf,G06Q,G06Q,1020240085304,https://drive.google.com/file/d/16nKTc96YhreY7H2cJNevgbuuXjShnvq-/view
1WirDkJgWGt5tHsvtKhARHK0XTmskKlJ7,G06Q/1020240092022.pdf,1020240092022.pdf,pdf,G06Q,G06Q,1020240092022,https://drive.google.com/file/d/1WirDkJgWGt5tHsvtKhARHK0XTmskKlJ7/view
1qYV-avm2tw2jyzQ61thaZ03tRGH0ykvS,G06Q/1020240098820.pdf,1020240098820.pdf,pdf,G06Q,G06Q,1020240098820,https://drive.google.com/file/d/1qYV-avm2tw2jyzQ61thaZ03tRGH0ykvS/view
104NZc_AIVQjFGuUISIZOZ6TlJ5jRDMYY,G06Q/1020240100376.pdf,1020240100376.pdf,pdf,G06Q,G06Q,1020240100376,https://drive.google.com/file/d/104NZc_AIVQjFGuUISIZOZ6TlJ5jRDMYY/view
15X5ExQtWmKU2_SAIqEz-RJXPcgZ8kRqY,G06Q/1020240102060.pdf,1020240102060.pdf,pdf,G06Q,G06Q,1020240102060,https://drive.google.com/file/d/15X5ExQtWmKU2_SAIqEz-RJXPcgZ8kRqY/view
1YtMWrh4Y35cC9Ln6tHrOeYLNB3u2XI-h,G06Q/1020240103624.pdf,1020240103624.pdf,pdf,G06Q,G06Q,1020240103624,https://drive.google.com/file/d/1YtMWrh4Y35cC9Ln6tHrOeYLNB3u2XI-h/view
1Zjn3kETEwuqF4gbrccs3yOq1K4_B1ak_,G06Q/1020240107012.pdf,1020240107012.pdf,pdf,G06Q,G06Q,1020240107012,https://drive.google.com/file/d/1Zjn3kETEwuqF4gbrccs3yOq1K4_B1ak_/view
14Phu72TLucLJsVBOGj3NEj4lGN4oaS_T,G06Q/1020240112833.pdf,1020240112833.pdf,pdf,G06Q,G06Q,1020240112833,https://drive.google.com/file/d/14Phu72TLucLJsVBOGj3NEj4lGN4oaS_T/view
1Zj2pCPWzB6ZdOZRWlaQKdi97UgBY-EJA,G06Q/1020240115140.pdf,1020240115140.pdf,pdf,G06Q,G06Q,1020240115140,https://drive.google.com/file/d/1Zj2pCPWzB6ZdOZRWlaQKdi97UgBY-EJA/view
1OqpVO6UJ2y-PPTFq9uF41bRZs9A5VpQr,G06Q/1020240119349.pdf,1020240119349.pdf,pdf,G06Q,G06Q,1020240119349,https://drive.google.com/file/d/1OqpVO6UJ2y-PPTFq9uF41bRZs9A5VpQr/view
1S31suQcp3iU31XdRC8Jm-OyfPIJQ1dP4,G06Q/1020240121692.pdf,1020240121692.pdf,pdf,G06Q,G06Q,1020240121692,https://drive.google.com/file/d/1S31suQcp3iU31XdRC8Jm-OyfPIJQ1dP4/view
1lZnzRGwYPdtQ6x0p-Tdd7P897w3GRowa,G06Q/1020240129470.pdf,1020240129470.pdf,pdf,G06Q,G06Q,1020240129470,https://drive.google.com/file/d/1lZnzRGwYPdtQ6x0p-Tdd7P897w3GRowa/view
1J4GB1LWWh6JXRXRACWrYj3k5sBMUcXGd,G06Q/1020240132793.pdf,1020240132793.pdf,pdf,G06Q,G06Q,1020240132793,https://drive.google.com/file/d/1J4GB1LWWh6JXRXRACWrYj3k5sBMUcXGd/view
1zvddZRyhvmVxIQY5DWjK1vfkrYGqTpe2,G06Q/1020240133912.pdf,1020240133912.pdf,pdf,G06Q,G06Q,1020240133912,https://drive.google.com/file/d/1zvddZRyhvmVxIQY5DWjK1vfkrYGqTpe2/view
1EviF0kROORseuxM7_Z9_2-PTn4kjKlpa,G06Q/1020240135730.pdf,1020240135730.pdf,pdf,G06Q,G06Q,1020240135730,https://drive.google.com/file/d/1EviF0kROORseuxM7_Z9_2-PTn4kjKlpa/view
1rw5qtUyGNUQCo9qTRXTybO9Pk8YrxHp8,G06Q/1020240139111.pdf,1020240139111.pdf,pdf,G06Q,G06Q,1020240139111,https://drive.google.com/file/d/1rw5qtUyGNUQCo9qTRXTybO9Pk8YrxHp8/view
1xfYM3O6ABsEgeV5F4m0_YTtIy_fz3JI1,G06Q/1020240139372.pdf,1020240139372.pdf,pdf,G06Q,G06Q,1020240139372,https://drive.google.com/file/d/1xfYM3O6ABsEgeV5F4m0_YTtIy_fz3JI1/view
1DIqIZ0o99GORiuX48csvMCf-vNZNEdeD,G06Q/1020240143660.pdf,1020240143660.pdf,pdf,G06Q,G06Q,1020240143660,https://drive.google.com/file/d/1DIqIZ0o99GORiuX48csvMCf-vNZNEdeD/view
1WRjDMhHXgkwSNZjcdr6On6YCiSO-7lkX,G06Q/1020240151668.pdf,1020240151668.pdf,pdf,G06Q,G06Q,1020240151668,https://drive.google.com/file/d/1WRjDMhHXgkwSNZjcdr6On6YCiSO-7lkX/view
1jr2ITUgtGianYHyA5OYx9V3qWo9mM05m,G06Q/1020240155158.pdf,1020240155158.pdf,pdf,G06Q,G06Q,1020240155158,https://drive.google.com/file/d/1jr2ITUgtGianYHyA5OYx9V3qWo9mM05m/view
1GJanJybFnCuFTCTwWoMAmkD08pIyvY_R,G06Q/1020240163127.pdf,1020240163127.pdf,pdf,G06Q,G06Q,1020240163127,https://drive.google.com/file/d/1GJanJybFnCuFTCTwWoMAmkD08pIyvY_R/view
1XA5qFSp9g0UPj-hGNGyZq-fb7yx3Uw2G,G06Q/1020240168332.pdf,1020240168332.pdf,pdf,G06Q,G06Q,1020240168332,https://drive.google.com/file/d/1XA5qFSp9g0UPj-hGNGyZq-fb7yx3Uw2G/view
1LYai5Pyy4g6z9Kk94u8Hzp5n83SzSl69,G06Q/1020240169312.pdf,1020240169312.pdf,pdf,G06Q,G06Q,1020240169312,https://drive.google.com/file/d/1LYai5Pyy4g6z9Kk94u8Hzp5n83SzSl69/view
1epdac7tqcIwGLQOtyfH-VC1rJEJxOMc6,G06Q/1020240181445.pdf,1020240181445.pdf,pdf,G06Q,G06Q,1020240181445,https://drive.google.com/file/d/1epdac7tqcIwGLQOtyfH-VC1rJEJxOMc6/view
15vq-hNZXyICmzrTmDWo4zsa7KV7mz_3y,G06Q/1020240183341.pdf,1020240183341.pdf,pdf,G06Q,G06Q,1020240183341,https://drive.google.com/file/d/15vq-hNZXyICmzrTmDWo4zsa7KV7mz_3y/view
1EIY-yHOwhF2ZQcTtSkTLA95QE6F1-L5S,G06Q/1020240198833.pdf,1020240198833.pdf,pdf,G06Q,G06Q,1020240198833,https://drive.google.com/file/d/1EIY-yHOwhF2ZQcTtSkTLA95QE6F1-L5S/view
1MXph79hZRWHhrLs__yWzyvoiHEVst32h,G06Q/1020250025994.pdf,1020250025994.pdf,pdf,G06Q,G06Q,1020250025994,https://drive.google.com/file/d/1MXph79hZRWHhrLs__yWzyvoiHEVst32h/view
1Eg7zGLV6lmfHCO1QznAkOAh1vXGe2W3b,G06Q/1020250040002.pdf,1020250040002.pdf,pdf,G06Q,G06Q,1020250040002,https://drive.google.com/file/d/1Eg7zGLV6lmfHCO1QznAkOAh1vXGe2W3b/view
1SzijTo4uTXxC8i8UQIw5atmoIiqfbij3,G06Q/1020250042960.pdf,1020250042960.pdf,pdf,G06Q,G06Q,1020250042960,https://drive.google.com/file/d/1SzijTo4uTXxC8i8UQIw5atmoIiqfbij3/view
1RJZ3I1stIHcnr8Iz3Yb-2Hc_lzc8upwN,G06Q/1020250054620.pdf,1020250054620.pdf,pdf,G06Q,G06Q,1020250054620,https://drive.google.com/file/d/1RJZ3I1stIHcnr8Iz3Yb-2Hc_lzc8upwN/view
1NsaUjpx4lso99wOZ24-q_E0NTge5nuPK,G06Q/1020250055479.pdf,1020250055479.pdf,pdf,G06Q,G06Q,1020250055479,https://drive.google.com/file/d/1NsaUjpx4lso99wOZ24-q_E0NTge5nuPK/view
1FOcq6wZD-iiV-F3J6iAG9Ur_6-ilMkrT,G06Q/1020250062630.pdf,1020250062630.pdf,pdf,G06Q,G06Q,1020250062630,https://drive.google.com/file/d/1FOcq6wZD-iiV-F3J6iAG9Ur_6-ilMkrT/view
1d6nxGBPZwhPuCiCorkGo-tKtV0uiCiSz,G06Q/1020250063117.pdf,1020250063117.pdf,pdf,G06Q,G06Q,1020250063117,https://drive.google.com/file/d/1d6nxGBPZwhPuCiCorkGo-tKtV0uiCiSz/view
1Gsu48cyE0N8U-IoA2vPqV8MQg_yH02tC,G06Q/1020250070172.pdf,1020250070172.pdf,pdf,G06Q,G06Q,1020250070172,https://drive.google.com/file/d/1Gsu48cyE0N8U-IoA2vPqV8MQg_yH02tC/view
1rjklA5Yq38o0cUtahPtCdiOPoN10Miqp,G06Q/1020250071857.pdf,1020250071857.pdf,pdf,G06Q,G06Q,1020250071857,https://drive.google.com/file/d/1rjklA5Yq38o0cUtahPtCdiOPoN10Miqp/view
18_u75dVOcR7talD9I6LUAS315bd8xm1Z,G06Q/1020250081552.pdf,1020250081552.pdf,pdf,G06Q,G06Q,1020250081552,https://drive.google.com/file/d/18_u75dVOcR7talD9I6LUAS315bd8xm1Z/view
1wWCtW-KLpM5ud3a42OwjCf_iL6POr-WI,G06Q/1020250086116.pdf,1020250086116.pdf,pdf,G06Q,G06Q,1020250086116,https://drive.google.com/file/d/1wWCtW-KLpM5ud3a42OwjCf_iL6POr-WI/view
1fgYv0a9nNwHDBMUGGzjJMWlMLXSCu7Ru,G06Q/1020250086141.pdf,1020250086141.pdf,pdf,G06Q,G06Q,1020250086141,https://drive.google.com/file/d/1fgYv0a9nNwHDBMUGGzjJMWlMLXSCu7Ru/view
1iXdtMZHlB07kXZ8UrMIDR8G7ZRdEFlf7,G06Q/1020250087595.pdf,1020250087595.pdf,pdf,G06Q,G06Q,1020250087595,https://drive.google.com/file/d/1iXdtMZHlB07kXZ8UrMIDR8G7ZRdEFlf7/view
1CT2ifEG0KxQfrmErTuJ-tm-4RG3JHv3P,G06Q/1020250100985.pdf,1020250100985.pdf,pdf,G06Q,G06Q,1020250100985,https://drive.google.com/file/d/1CT2ifEG0KxQfrmErTuJ-tm-4RG3JHv3P/view
1f0JO3gSpyJM0NksCOtyiDqhrmyF-ppLs,G06Q/1020250104210.pdf,1020250104210.pdf,pdf,G06Q,G06Q,1020250104210,https://drive.google.com/file/d/1f0JO3gSpyJM0NksCOtyiDqhrmyF-ppLs/view
1ENfQ7oO2v9Ozug-HUkuCfCJsJtj-ip_j,G06Q/1020250115805.pdf,1020250115805.pdf,pdf,G06Q,G06Q,1020250115805,https://drive.google.com/file/d/1ENfQ7oO2v9Ozug-HUkuCfCJsJtj-ip_j/view
1KPcuq2nKMulS1jtBvY0K0G8OvUS_gXFn,G06Q/1020250123649.pdf,1020250123649.pdf,pdf,G06Q,G06Q,1020250123649,https://drive.google.com/file/d/1KPcuq2nKMulS1jtBvY0K0G8OvUS_gXFn/view
1EiP96aKReCYOE3XZJ138OGMnv1fRVeKN,G06Q/1020250125427.pdf,1020250125427.pdf,pdf,G06Q,G06Q,1020250125427,https://drive.google.com/file/d/1EiP96aKReCYOE3XZJ138OGMnv1fRVeKN/view
1Qnnva_QCAKKgbptbX5DoisZdAPtLrSfR,G06Q/1020250157038.pdf,1020250157038.pdf,pdf,G06Q,G06Q,1020250157038,https://drive.google.com/file/d/1Qnnva_QCAKKgbptbX5DoisZdAPtLrSfR/view
1onSyMfXQpmFBFNaFC00FwbIqLyYpydG-,G06Q/1020250170923.pdf,1020250170923.pdf,pdf,G06Q,G06Q,1020250170923,https://drive.google.com/file/d/1onSyMfXQpmFBFNaFC00FwbIqLyYpydG-/view
1Kdh4xu7GwXqks4kcOMRi4UOwZKjxuIwJ,G06Q/1020250186546.pdf,1020250186546.pdf,pdf,G06Q,G06Q,1020250186546,https://drive.google.com/file/d/1Kdh4xu7GwXqks4kcOMRi4UOwZKjxuIwJ/view
1dPvVUpLasRo4IvJ1wCISqaQ7t1y7-UDx,G06Q/1020250189399.pdf,1020250189399.pdf,pdf,G06Q,G06Q,1020250189399,https://drive.google.com/file/d/1dPvVUpLasRo4IvJ1wCISqaQ7t1y7-UDx/view
1kEmXoZNVXDiwZdsThIeg8Ps3dp_kxPWz,G06V/1020147005513.pdf,1020147005513.pdf,pdf,G06V,G06V,1020147005513,https://drive.google.com/file/d/1kEmXoZNVXDiwZdsThIeg8Ps3dp_kxPWz/view
145okWlbz8MXA2pjKGS63F7PLHbC2bWmZ,G06V/1020157015119.pdf,1020157015119.pdf,pdf,G06V,G06V,1020157015119,https://drive.google.com/file/d/145okWlbz8MXA2pjKGS63F7PLHbC2bWmZ/view
1XxSa9vt7eVdCQyStGyyz0lvNk1P2D2fH,G06V/1020160177931.pdf,1020160177931.pdf,pdf,G06V,G06V,1020160177931,https://drive.google.com/file/d/1XxSa9vt7eVdCQyStGyyz0lvNk1P2D2fH/view
16sACVz-XUyP18xjPzEPtC9278KRNz-p5,G06V/1020167005538.pdf,1020167005538.pdf,pdf,G06V,G06V,1020167005538,https://drive.google.com/file/d/16sACVz-XUyP18xjPzEPtC9278KRNz-p5/view
1gyUeZa6m3oFM8HIhodFjThv4ZrIIY_QD,G06V/1020167009581.pdf,1020167009581.pdf,pdf,G06V,G06V,1020167009581,https://drive.google.com/file/d/1gyUeZa6m3oFM8HIhodFjThv4ZrIIY_QD/view
12iYDswx7n65FeAI2jlBwaTi6CyixKLmP,G06V/1020170084177.pdf,1020170084177.pdf,pdf,G06V,G06V,1020170084177,https://drive.google.com/file/d/12iYDswx7n65FeAI2jlBwaTi6CyixKLmP/view
1S6V0emUppmBJsjjw7C586ah5k4VqoxtK,G06V/1020177006871.pdf,1020177006871.pdf,pdf,G06V,G06V,1020177006871,https://drive.google.com/file/d/1S6V0emUppmBJsjjw7C586ah5k4VqoxtK/view
15RZd3094DtUaWBhZEOOhbrMGAUqiIkTB,G06V/1020177008531.pdf,1020177008531.pdf,pdf,G06V,G06V,1020177008531,https://drive.google.com/file/d/15RZd3094DtUaWBhZEOOhbrMGAUqiIkTB/view
11f3ahOknG1APbpNX58Sd0pTuoX5_7bfd,G06V/1020177021351.pdf,1020177021351.pdf,pdf,G06V,G06V,1020177021351,https://drive.google.com/file/d/11f3ahOknG1APbpNX58Sd0pTuoX5_7bfd/view
1sFtNm3zdDDu7MjimqGYZMzU4-K27IO8c,G06V/1020187009807.pdf,1020187009807.pdf,pdf,G06V,G06V,1020187009807,https://drive.google.com/file/d/1sFtNm3zdDDu7MjimqGYZMzU4-K27IO8c/view
1K9Xt9Ra539dGwEWHw0l3hQ0otVk-KDj6,G06V/1020197006033.pdf,1020197006033.pdf,pdf,G06V,G06V,1020197006033,https://drive.google.com/file/d/1K9Xt9Ra539dGwEWHw0l3hQ0otVk-KDj6/view
1NimN-eyQjQQfOx3CH520ae_HsfB8jmN_,G06V/1020197009324.pdf,1020197009324.pdf,pdf,G06V,G06V,1020197009324,https://drive.google.com/file/d/1NimN-eyQjQQfOx3CH520ae_HsfB8jmN_/view
1hdgiSzodjjnrwnlKZUyuDpgHyYFDVmvv,G06V/1020197012676.pdf,1020197012676.pdf,pdf,G06V,G06V,1020197012676,https://drive.google.com/file/d/1hdgiSzodjjnrwnlKZUyuDpgHyYFDVmvv/view
14jUwv6qFIzepsiU6F5LHpxdc-jFTjnXI,G06V/1020197015458.pdf,1020197015458.pdf,pdf,G06V,G06V,1020197015458,https://drive.google.com/file/d/14jUwv6qFIzepsiU6F5LHpxdc-jFTjnXI/view
1MSzrAGuOlCuxQkRSNMG-czqEhYvv5aZD,G06V/1020197021867.pdf,1020197021867.pdf,pdf,G06V,G06V,1020197021867,https://drive.google.com/file/d/1MSzrAGuOlCuxQkRSNMG-czqEhYvv5aZD/view
1iSEU0Rr23wZJzwV2xuW8xNK6VyYv4Ofx,G06V/1020197028921.pdf,1020197028921.pdf,pdf,G06V,G06V,1020197028921,https://drive.google.com/file/d/1iSEU0Rr23wZJzwV2xuW8xNK6VyYv4Ofx/view
1X19NozS1lUMjrEMG5v2ZoJXUFkIxOnDG,G06V/1020197029282.pdf,1020197029282.pdf,pdf,G06V,G06V,1020197029282,https://drive.google.com/file/d/1X19NozS1lUMjrEMG5v2ZoJXUFkIxOnDG/view
1Xhh-XqFnDZK9ixJmoYN8VAMPMBT_aZCx,G06V/1020197030212.pdf,1020197030212.pdf,pdf,G06V,G06V,1020197030212,https://drive.google.com/file/d/1Xhh-XqFnDZK9ixJmoYN8VAMPMBT_aZCx/view
1fu9SHnBSuIy91B6YpPHjDnWVbTb66ekI,G06V/1020197035219.pdf,1020197035219.pdf,pdf,G06V,G06V,1020197035219,https://drive.google.com/file/d/1fu9SHnBSuIy91B6YpPHjDnWVbTb66ekI/view
1kPUXE9AiB_idWZAAppu68daanNR6H3qL,G06V/1020197036280.pdf,1020197036280.pdf,pdf,G06V,G06V,1020197036280,https://drive.google.com/file/d/1kPUXE9AiB_idWZAAppu68daanNR6H3qL/view
1b3tbwa_loxMEX9Ek9SkwEexhE6_-e__K,G06V/1020200001717.pdf,1020200001717.pdf,pdf,G06V,G06V,1020200001717,https://drive.google.com/file/d/1b3tbwa_loxMEX9Ek9SkwEexhE6_-e__K/view
1zEy-BTdt8BC4TP59Ef9XqzhFvVQk7706,G06V/1020200001718.pdf,1020200001718.pdf,pdf,G06V,G06V,1020200001718,https://drive.google.com/file/d/1zEy-BTdt8BC4TP59Ef9XqzhFvVQk7706/view
1SB6g2R37RDvgqJAwj8ItDCukxjdE3zch,G06V/1020200001725.pdf,1020200001725.pdf,pdf,G06V,G06V,1020200001725,https://drive.google.com/file/d/1SB6g2R37RDvgqJAwj8ItDCukxjdE3zch/view
1QqlkzmWOKJeI_OaL-EZFlsb5b49FQN5K,G06V/1020200004904.pdf,1020200004904.pdf,pdf,G06V,G06V,1020200004904,https://drive.google.com/file/d/1QqlkzmWOKJeI_OaL-EZFlsb5b49FQN5K/view
1ju3XlO4lHczSj128zHLyOkYSaZR1CR0V,G06V/1020207000829.pdf,1020207000829.pdf,pdf,G06V,G06V,1020207000829,https://drive.google.com/file/d/1ju3XlO4lHczSj128zHLyOkYSaZR1CR0V/view
1g2hCGFjCAmF6ZoXTKy34rarscGHQSbje,G06V/1020207006943.pdf,1020207006943.pdf,pdf,G06V,G06V,1020207006943,https://drive.google.com/file/d/1g2hCGFjCAmF6ZoXTKy34rarscGHQSbje/view
19Vk_hvHhf3u7Vx6r_9mVFroLhO38RfQk,G06V/1020207011290.pdf,1020207011290.pdf,pdf,G06V,G06V,1020207011290,https://drive.google.com/file/d/19Vk_hvHhf3u7Vx6r_9mVFroLhO38RfQk/view
1bFn5BiOSLKe3_w4J8WBkYGJ3b8Kn1eGX,G06V/1020207013827.pdf,1020207013827.pdf,pdf,G06V,G06V,1020207013827,https://drive.google.com/file/d/1bFn5BiOSLKe3_w4J8WBkYGJ3b8Kn1eGX/view
1ar9ULajVNwome3TNqRziUhyZVvUj3Rn-,G06V/1020207025178.pdf,1020207025178.pdf,pdf,G06V,G06V,1020207025178,https://drive.google.com/file/d/1ar9ULajVNwome3TNqRziUhyZVvUj3Rn-/view
1Bm1_5Nmifc2rLUxOzQAK3mr3SQgfPcod,G06V/1020207027826.pdf,1020207027826.pdf,pdf,G06V,G06V,1020207027826,https://drive.google.com/file/d/1Bm1_5Nmifc2rLUxOzQAK3mr3SQgfPcod/view
1qXkIouF4X9ChX6tJsdi0KKksoZxTKpzK,G06V/1020207027906.pdf,1020207027906.pdf,pdf,G06V,G06V,1020207027906,https://drive.google.com/file/d/1qXkIouF4X9ChX6tJsdi0KKksoZxTKpzK/view
1Y4pgd8lLResdPkc4vF-A12nDUGWAk7-h,G06V/1020207029249.pdf,1020207029249.pdf,pdf,G06V,G06V,1020207029249,https://drive.google.com/file/d/1Y4pgd8lLResdPkc4vF-A12nDUGWAk7-h/view
19MIfQAkdmvU0J8NVp4mwg4fup-X_Fxsc,G06V/1020207029856.pdf,1020207029856.pdf,pdf,G06V,G06V,1020207029856,https://drive.google.com/file/d/19MIfQAkdmvU0J8NVp4mwg4fup-X_Fxsc/view
1f8WuTU9NazY640RFXfkcUHPmKTmYhyhn,G06V/1020207034340.pdf,1020207034340.pdf,pdf,G06V,G06V,1020207034340,https://drive.google.com/file/d/1f8WuTU9NazY640RFXfkcUHPmKTmYhyhn/view
1i9sz3H6OPw4hq7ZmBywKmwE7BJv8NTSR,G06V/1020210060774.pdf,1020210060774.pdf,pdf,G06V,G06V,1020210060774,https://drive.google.com/file/d/1i9sz3H6OPw4hq7ZmBywKmwE7BJv8NTSR/view
1v5RoD7yujMC9Hb5XfcEdiV5GuGOP0YUF,G06V/1020217010363.pdf,1020217010363.pdf,pdf,G06V,G06V,1020217010363,https://drive.google.com/file/d/1v5RoD7yujMC9Hb5XfcEdiV5GuGOP0YUF/view
1oi82cSrcVppetVLCVeIMQYZPn5W8xrAJ,G06V/1020217012173.pdf,1020217012173.pdf,pdf,G06V,G06V,1020217012173,https://drive.google.com/file/d/1oi82cSrcVppetVLCVeIMQYZPn5W8xrAJ/view
1R-IrFIXkmVNYSHWnQmH9ihzbJGgZ-1Mb,G06V/1020217018412.pdf,1020217018412.pdf,pdf,G06V,G06V,1020217018412,https://drive.google.com/file/d/1R-IrFIXkmVNYSHWnQmH9ihzbJGgZ-1Mb/view
1Iy53mD_8uSlIiw11m8fi3hwYJhKg0RAt,G06V/1020220074041.pdf,1020220074041.pdf,pdf,G06V,G06V,1020220074041,https://drive.google.com/file/d/1Iy53mD_8uSlIiw11m8fi3hwYJhKg0RAt/view
1xt0CvAVNvqaDWbYtQY-mGxFyO4DCreLg,G06V/1020220082484.pdf,1020220082484.pdf,pdf,G06V,G06V,1020220082484,https://drive.google.com/file/d/1xt0CvAVNvqaDWbYtQY-mGxFyO4DCreLg/view
1wmhIOj-yp3NP6wwQkviZ8jm0-7gkRDUC,G06V/1020220109395.pdf,1020220109395.pdf,pdf,G06V,G06V,1020220109395,https://drive.google.com/file/d/1wmhIOj-yp3NP6wwQkviZ8jm0-7gkRDUC/view
1xpZCZhM3t2t8azCMNmsewYab_58bKZrA,G06V/1020220113636.pdf,1020220113636.pdf,pdf,G06V,G06V,1020220113636,https://drive.google.com/file/d/1xpZCZhM3t2t8azCMNmsewYab_58bKZrA/view
1B-INNofeffeHAOTtpututUHJ9NZ9Kvue,G06V/1020220126066.pdf,1020220126066.pdf,pdf,G06V,G06V,1020220126066,https://drive.google.com/file/d/1B-INNofeffeHAOTtpututUHJ9NZ9Kvue/view
1SSmP4xnoCsy6mepDSoOFxHbIycBF55N3,G06V/1020220143407.pdf,1020220143407.pdf,pdf,G06V,G06V,1020220143407,https://drive.google.com/file/d/1SSmP4xnoCsy6mepDSoOFxHbIycBF55N3/view
1eJx5W6uE1hDCYn5A20RsAIxAlNObtF3j,G06V/1020220144540.pdf,1020220144540.pdf,pdf,G06V,G06V,1020220144540,https://drive.google.com/file/d/1eJx5W6uE1hDCYn5A20RsAIxAlNObtF3j/view
10I-_QJFFv5TauZBB6HqkX6LGRz8HEyMv,G06V/1020220153912.pdf,1020220153912.pdf,pdf,G06V,G06V,1020220153912,https://drive.google.com/file/d/10I-_QJFFv5TauZBB6HqkX6LGRz8HEyMv/view
1XFHJWRHBs9B7gD_EfPah99pyMECm2_P3,G06V/1020220164779.pdf,1020220164779.pdf,pdf,G06V,G06V,1020220164779,https://drive.google.com/file/d/1XFHJWRHBs9B7gD_EfPah99pyMECm2_P3/view
1p7CleiNLINb1dayYi_9WuN_c2QiNHYrQ,G06V/1020220181263.pdf,1020220181263.pdf,pdf,G06V,G06V,1020220181263,https://drive.google.com/file/d/1p7CleiNLINb1dayYi_9WuN_c2QiNHYrQ/view
1migBnVS3On1RpNW_w2mOkCS5rDY6_LE_,G06V/1020220189350.pdf,1020220189350.pdf,pdf,G06V,G06V,1020220189350,https://drive.google.com/file/d/1migBnVS3On1RpNW_w2mOkCS5rDY6_LE_/view
15lvP0Ugz1bgoakb2zMALbJUN4XFu0hJX,G06V/1020227011951.pdf,1020227011951.pdf,pdf,G06V,G06V,1020227011951,https://drive.google.com/file/d/15lvP0Ugz1bgoakb2zMALbJUN4XFu0hJX/view
1z-B1CMauXBMLShTIe-nfUKf5Pgcu_zg0,G06V/1020227020773.pdf,1020227020773.pdf,pdf,G06V,G06V,1020227020773,https://drive.google.com/file/d/1z-B1CMauXBMLShTIe-nfUKf5Pgcu_zg0/view
1etEWj0gITIfCdyC-u96YqTOucptuqQSO,G06V/1020227021931.pdf,1020227021931.pdf,pdf,G06V,G06V,1020227021931,https://drive.google.com/file/d/1etEWj0gITIfCdyC-u96YqTOucptuqQSO/view
12-D_NNhjpkWmJpocvQnMhM2jTtrnDdrB,G06V/1020227024464.pdf,1020227024464.pdf,pdf,G06V,G06V,1020227024464,https://drive.google.com/file/d/12-D_NNhjpkWmJpocvQnMhM2jTtrnDdrB/view
1ul7D0_Q0krPhP5DRPQk3elfPdwGjaDLh,G06V/1020230001162.pdf,1020230001162.pdf,pdf,G06V,G06V,1020230001162,https://drive.google.com/file/d/1ul7D0_Q0krPhP5DRPQk3elfPdwGjaDLh/view
14IMQ3ZDq9BA8fPpG8jvXPyd2O4KRnUtn,G06V/1020230009358.pdf,1020230009358.pdf,pdf,G06V,G06V,1020230009358,https://drive.google.com/file/d/14IMQ3ZDq9BA8fPpG8jvXPyd2O4KRnUtn/view
1ClONB-diTAeKQx158kvNvNjQrvZhdw0C,G06V/1020230044067.pdf,1020230044067.pdf,pdf,G06V,G06V,1020230044067,https://drive.google.com/file/d/1ClONB-diTAeKQx158kvNvNjQrvZhdw0C/view
1cVIakx1MYoF7zRMdOwLBSzjNJ2civQNa,G06V/1020230048172.pdf,1020230048172.pdf,pdf,G06V,G06V,1020230048172,https://drive.google.com/file/d/1cVIakx1MYoF7zRMdOwLBSzjNJ2civQNa/view
1bu8pqKd2sP3C22nA5DPoEIEyC-crvcdA,G06V/1020230052410.pdf,1020230052410.pdf,pdf,G06V,G06V,1020230052410,https://drive.google.com/file/d/1bu8pqKd2sP3C22nA5DPoEIEyC-crvcdA/view
1eY68lyF_U3qObw4ugHFDUtCj68yiv9WJ,G06V/1020230055750.pdf,1020230055750.pdf,pdf,G06V,G06V,1020230055750,https://drive.google.com/file/d/1eY68lyF_U3qObw4ugHFDUtCj68yiv9WJ/view
1Np4Mbzl-QnARu64TKqnKgLXCN0QLJzZN,G06V/1020230056094.pdf,1020230056094.pdf,pdf,G06V,G06V,1020230056094,https://drive.google.com/file/d/1Np4Mbzl-QnARu64TKqnKgLXCN0QLJzZN/view
1TpaeAN9k1lxJ8wJzmpIeQyO-bfG6nAda,G06V/1020230067164.pdf,1020230067164.pdf,pdf,G06V,G06V,1020230067164,https://drive.google.com/file/d/1TpaeAN9k1lxJ8wJzmpIeQyO-bfG6nAda/view
1KEZQVUFbO8Ddjhk3SeUU09HgteNHGwQM,G06V/1020230099067.pdf,1020230099067.pdf,pdf,G06V,G06V,1020230099067,https://drive.google.com/file/d/1KEZQVUFbO8Ddjhk3SeUU09HgteNHGwQM/view
1tMg5aCCc0oFI1a3rNZAyro1UY2zmDjJw,G06V/1020230101233.pdf,1020230101233.pdf,pdf,G06V,G06V,1020230101233,https://drive.google.com/file/d/1tMg5aCCc0oFI1a3rNZAyro1UY2zmDjJw/view
13EGE4EGX_cEZX9BXu-DvZXq0a2hiR6BV,G06V/1020230131194.pdf,1020230131194.pdf,pdf,G06V,G06V,1020230131194,https://drive.google.com/file/d/13EGE4EGX_cEZX9BXu-DvZXq0a2hiR6BV/view
1i_PlGe7v1HroDaVa4JocWxXQPwLwGG1S,G06V/1020230133557.pdf,1020230133557.pdf,pdf,G06V,G06V,1020230133557,https://drive.google.com/file/d/1i_PlGe7v1HroDaVa4JocWxXQPwLwGG1S/view
1xdFhxMDUPEePOS_C1_WSfPs5xJu1jxw1,G06V/1020230160410.pdf,1020230160410.pdf,pdf,G06V,G06V,1020230160410,https://drive.google.com/file/d/1xdFhxMDUPEePOS_C1_WSfPs5xJu1jxw1/view
1tff-LlYa2oMMamKR-ac0cYbsu0T9A0WZ,G06V/1020230195963.pdf,1020230195963.pdf,pdf,G06V,G06V,1020230195963,https://drive.google.com/file/d/1tff-LlYa2oMMamKR-ac0cYbsu0T9A0WZ/view
1coGbmd5QyrKmeQrpuh99iZIWwPLFU995,G06V/1020237010470.pdf,1020237010470.pdf,pdf,G06V,G06V,1020237010470,https://drive.google.com/file/d/1coGbmd5QyrKmeQrpuh99iZIWwPLFU995/view
1ZmY5N9--lJ0NTcvFjulEpj4_H1dpC9EJ,G06V/1020237032349.pdf,1020237032349.pdf,pdf,G06V,G06V,1020237032349,https://drive.google.com/file/d/1ZmY5N9--lJ0NTcvFjulEpj4_H1dpC9EJ/view
1YcgDZ-5iv3raTyl7jHeSbNFNb8UYF94w,G06V/1020240034087.pdf,1020240034087.pdf,pdf,G06V,G06V,1020240034087,https://drive.google.com/file/d/1YcgDZ-5iv3raTyl7jHeSbNFNb8UYF94w/view
1vmHamKd3Zf6JXgEoNs7Rr8-6uDH3AkH0,G06V/1020240062790.pdf,1020240062790.pdf,pdf,G06V,G06V,1020240062790,https://drive.google.com/file/d/1vmHamKd3Zf6JXgEoNs7Rr8-6uDH3AkH0/view
1lt4akVsu2ky87O7PWHNVV4oXNkb8nBQq,G06V/1020240067282.pdf,1020240067282.pdf,pdf,G06V,G06V,1020240067282,https://drive.google.com/file/d/1lt4akVsu2ky87O7PWHNVV4oXNkb8nBQq/view
1SGK4J34XQpJOThAChzECsIv6mBn1XOmN,G06V/1020240086488.pdf,1020240086488.pdf,pdf,G06V,G06V,1020240086488,https://drive.google.com/file/d/1SGK4J34XQpJOThAChzECsIv6mBn1XOmN/view
16_lgH5tOfwgGf1CELAscOz34tLoXW7HK,G06V/1020240089956.pdf,1020240089956.pdf,pdf,G06V,G06V,1020240089956,https://drive.google.com/file/d/16_lgH5tOfwgGf1CELAscOz34tLoXW7HK/view
1drTG32BQa4jeUQIDR0u8FA121ka7k3UN,G06V/1020240094169.pdf,1020240094169.pdf,pdf,G06V,G06V,1020240094169,https://drive.google.com/file/d/1drTG32BQa4jeUQIDR0u8FA121ka7k3UN/view
1fs-Nze_KamUaL9UDwDiKYTeuViVGbxpG,G06V/1020240097010.pdf,1020240097010.pdf,pdf,G06V,G06V,1020240097010,https://drive.google.com/file/d/1fs-Nze_KamUaL9UDwDiKYTeuViVGbxpG/view
15Hs-8g_nHlx7WIKne9U_QN4QPNQ1Zrw3,G06V/1020240131371.pdf,1020240131371.pdf,pdf,G06V,G06V,1020240131371,https://drive.google.com/file/d/15Hs-8g_nHlx7WIKne9U_QN4QPNQ1Zrw3/view
1QCYKfYt1YVyloZc8JUNDanmMLfOnxja2,G06V/1020240133930.pdf,1020240133930.pdf,pdf,G06V,G06V,1020240133930,https://drive.google.com/file/d/1QCYKfYt1YVyloZc8JUNDanmMLfOnxja2/view
19Gjr0LCIxJc1YPSTV_f7YB1WMcGIcNLS,G06V/1020240148756.pdf,1020240148756.pdf,pdf,G06V,G06V,1020240148756,https://drive.google.com/file/d/19Gjr0LCIxJc1YPSTV_f7YB1WMcGIcNLS/view
1hQCjpvipORJzGkDhlc408wMYqebmKPMh,G06V/1020240150698.pdf,1020240150698.pdf,pdf,G06V,G06V,1020240150698,https://drive.google.com/file/d/1hQCjpvipORJzGkDhlc408wMYqebmKPMh/view
1yR294cl3WfxgcblZ6R7Jd1S2pbzs9D84,G06V/1020240179435.pdf,1020240179435.pdf,pdf,G06V,G06V,1020240179435,https://drive.google.com/file/d/1yR294cl3WfxgcblZ6R7Jd1S2pbzs9D84/view
1LWc-8Nw_XsL7dv8A_xag3m06RqRV2Wsi,G06V/1020240180773.pdf,1020240180773.pdf,pdf,G06V,G06V,1020240180773,https://drive.google.com/file/d/1LWc-8Nw_XsL7dv8A_xag3m06RqRV2Wsi/view
1N0OjEoQv2yULyhb9vvQdYuDn8KagpxtU,G06V/1020247000620.pdf,1020247000620.pdf,pdf,G06V,G06V,1020247000620,https://drive.google.com/file/d/1N0OjEoQv2yULyhb9vvQdYuDn8KagpxtU/view
1bW6TQwc9x3xw-5g0O3snkV4St4oYkafe,G06V/1020247015800.pdf,1020247015800.pdf,pdf,G06V,G06V,1020247015800,https://drive.google.com/file/d/1bW6TQwc9x3xw-5g0O3snkV4St4oYkafe/view
1uGb8sfGdIphM9VDw7OJAvazSH_RfBEZT,G06V/1020250000079.pdf,1020250000079.pdf,pdf,G06V,G06V,1020250000079,https://drive.google.com/file/d/1uGb8sfGdIphM9VDw7OJAvazSH_RfBEZT/view
1KcsOBnZX4-8UeNOrTnwRl3YAGzsjKZos,G06V/1020250025755.pdf,1020250025755.pdf,pdf,G06V,G06V,1020250025755,https://drive.google.com/file/d/1KcsOBnZX4-8UeNOrTnwRl3YAGzsjKZos/view
1pT3VgHHTWGZrsjMw25zn_JP4_WgGKqhm,G06V/1020250049394.pdf,1020250049394.pdf,pdf,G06V,G06V,1020250049394,https://drive.google.com/file/d/1pT3VgHHTWGZrsjMw25zn_JP4_WgGKqhm/view
1PCl___gDylCzvOPilsyZ2aZAT9_qD1R0,G06V/1020250060655.pdf,1020250060655.pdf,pdf,G06V,G06V,1020250060655,https://drive.google.com/file/d/1PCl___gDylCzvOPilsyZ2aZAT9_qD1R0/view
1NTC97tGdzO5UGtDQtqOH8vpZ4vLm6PmD,G06V/1020250065868.pdf,1020250065868.pdf,pdf,G06V,G06V,1020250065868,https://drive.google.com/file/d/1NTC97tGdzO5UGtDQtqOH8vpZ4vLm6PmD/view
16SqsGrp35rTAMdgOEZl-Wo1EvU0CwltI,G06V/1020250096518.pdf,1020250096518.pdf,pdf,G06V,G06V,1020250096518,https://drive.google.com/file/d/16SqsGrp35rTAMdgOEZl-Wo1EvU0CwltI/view
1bPDxQD5QxHLrLx9f3TrWr9mSs_bqkhDP,G06V/1020250096583.pdf,1020250096583.pdf,pdf,G06V,G06V,1020250096583,https://drive.google.com/file/d/1bPDxQD5QxHLrLx9f3TrWr9mSs_bqkhDP/view
1u4EcmCo0oglQm-7zl45l1nT6KyVve9Dh,G06V/1020250109740.pdf,1020250109740.pdf,pdf,G06V,G06V,1020250109740,https://drive.google.com/file/d/1u4EcmCo0oglQm-7zl45l1nT6KyVve9Dh/view
1Th05dVFybAZy4CE2CY0tA9YT02wtJkUV,G06V/1020250115591.pdf,1020250115591.pdf,pdf,G06V,G06V,1020250115591,https://drive.google.com/file/d/1Th05dVFybAZy4CE2CY0tA9YT02wtJkUV/view
1PP-N9YJLAtK0QQ5ZePqIYk68L0Japx9h,G06V/1020250126811.pdf,1020250126811.pdf,pdf,G06V,G06V,1020250126811,https://drive.google.com/file/d/1PP-N9YJLAtK0QQ5ZePqIYk68L0Japx9h/view
1Lo5fgVaPTw7S3_xvAnHg-abGgm6TCTpA,G06V/1020250132107.pdf,1020250132107.pdf,pdf,G06V,G06V,1020250132107,https://drive.google.com/file/d/1Lo5fgVaPTw7S3_xvAnHg-abGgm6TCTpA/view
18xyzurjMO_Ub5R202IsJFgiRMSQOqyBf,G06V/1020250162568.pdf,1020250162568.pdf,pdf,G06V,G06V,1020250162568,https://drive.google.com/file/d/18xyzurjMO_Ub5R202IsJFgiRMSQOqyBf/view
1yzkJ0erL6VWN6Iv3PyNDEbkikxoijk08,G06V/1020250172807.pdf,1020250172807.pdf,pdf,G06V,G06V,1020250172807,https://drive.google.com/file/d/1yzkJ0erL6VWN6Iv3PyNDEbkikxoijk08/view
1S8acVmew0XDhjbx34tKvfkj8ZshnCz48,심사관/1거절된청구항/1020170054474_공개공보.pdf,1020170054474_공개공보.pdf,pdf,심사관,,1020170054474_공개공보,https://drive.google.com/file/d/1S8acVmew0XDhjbx34tKvfkj8ZshnCz48/view
1e5TO7OpK1at0B_hijzQPCyXZqthu84nO,심사관/1거절된청구항/1020170054474_공개공보.txt,1020170054474_공개공보.txt,txt,심사관,,1020170054474_공개공보,https://drive.google.com/file/d/1e5TO7OpK1at0B_hijzQPCyXZqthu84nO/view
12WB4-evGIU0Kx5bVLkTC1z_18kih64Wd,심사관/1거절된청구항/1020170054474_공개공보_cleaned.txt,1020170054474_공개공보_cleaned.txt,txt,심사관,,1020170054474_공개공보_cleaned,https://drive.google.com/file/d/12WB4-evGIU0Kx5bVLkTC1z_18kih64Wd/view
1hDcMVtXptLblL2EFo_4wwthVqy3e9r4y,심사관/1거절된청구항/1020170083779_공개공보.pdf,1020170083779_공개공보.pdf,pdf,심사관,,1020170083779_공개공보,https://drive.google.com/file/d/1hDcMVtXptLblL2EFo_4wwthVqy3e9r4y/view
1dGJDzd98ai1CMKqOoKkrnkb4VBo64aO1,심사관/1거절된청구항/1020170083779_공개공보.txt,1020170083779_공개공보.txt,txt,심사관,,1020170083779_공개공보,https://drive.google.com/file/d/1dGJDzd98ai1CMKqOoKkrnkb4VBo64aO1/view
1F-_xsBdsb5IAbSmH91lALOFgm3PFBH4R,심사관/1거절된청구항/1020170083779_공개공보_cleaned.txt,1020170083779_공개공보_cleaned.txt,txt,심사관,,1020170083779_공개공보_cleaned,https://drive.google.com/file/d/1F-_xsBdsb5IAbSmH91lALOFgm3PFBH4R/view
1xK-eIiTFOoghyGuwauO5lNk5BGUuigRj,심사관/1거절된청구항/1020170144234_공개공보.pdf,1020170144234_공개공보.pdf,pdf,심사관,,1020170144234_공개공보,https://drive.google.com/file/d/1xK-eIiTFOoghyGuwauO5lNk5BGUuigRj/view
1i0iAmR_XlcIp6iVAZ1UkrxcFJNPV6I7N,심사관/1거절된청구항/1020170144234_공개공보.txt,1020170144234_공개공보.txt,txt,심사관,,1020170144234_공개공보,https://drive.google.com/file/d/1i0iAmR_XlcIp6iVAZ1UkrxcFJNPV6I7N/view
1fDpXSUHsqAE12-FlB2SbGRJH4Q0qVuNY,심사관/1거절된청구항/1020170144234_공개공보_cleaned.txt,1020170144234_공개공보_cleaned.txt,txt,심사관,,1020170144234_공개공보_cleaned,https://drive.google.com/file/d/1fDpXSUHsqAE12-FlB2SbGRJH4Q0qVuNY/view
1teRaM4bLiNKZI0YjjMTDaT6u7I0Lciw_,심사관/1거절된청구항/1020170155897_공개공보.pdf,1020170155897_공개공보.pdf,pdf,심사관,,1020170155897_공개공보,https://drive.google.com/file/d/1teRaM4bLiNKZI0YjjMTDaT6u7I0Lciw_/view
1WDGqw_5t0KlyQxcUCgdCJIRjX0ucTan2,심사관/1거절된청구항/1020170155897_공개공보.txt,1020170155897_공개공보.txt,txt,심사관,,1020170155897_공개공보,https://drive.google.com/file/d/1WDGqw_5t0KlyQxcUCgdCJIRjX0ucTan2/view
1jmaZSeQ08dHs-1O6xUufEJondLGXYhYy,심사관/1거절된청구항/1020170155897_공개공보_cleaned.txt,1020170155897_공개공보_cleaned.txt,txt,심사관,,1020170155897_공개공보_cleaned,https://drive.google.com/file/d/1jmaZSeQ08dHs-1O6xUufEJondLGXYhYy/view
1IGr41y4EaoJJQTUtKnxMPrl-za6C3EWp,심사관/1거절된청구항/1020177006950_공개공보.pdf,1020177006950_공개공보.pdf,pdf,심사관,,1020177006950_공개공보,https://drive.google.com/file/d/1IGr41y4EaoJJQTUtKnxMPrl-za6C3EWp/view
11nG6cz6-TQ7FLX6PBk3Gp9Ot-emplLvj,심사관/1거절된청구항/1020177006950_공개공보.txt,1020177006950_공개공보.txt,txt,심사관,,1020177006950_공개공보,https://drive.google.com/file/d/11nG6cz6-TQ7FLX6PBk3Gp9Ot-emplLvj/view
1TuNQPZew5XtQoIaPs8_cRjLRm3bcjqcT,심사관/1거절된청구항/1020177006950_공개공보_cleaned.txt,1020177006950_공개공보_cleaned.txt,txt,심사관,,1020177006950_공개공보_cleaned,https://drive.google.com/file/d/1TuNQPZew5XtQoIaPs8_cRjLRm3bcjqcT/view
1pFK_RdauZV5lQnljdTBhjE4tKl98I9J0,심사관/1거절된청구항/1020180025971_공개공보.pdf,1020180025971_공개공보.pdf,pdf,심사관,,1020180025971_공개공보,https://drive.google.com/file/d/1pFK_RdauZV5lQnljdTBhjE4tKl98I9J0/view
1S5JB-XZlxiz4tLSi91vQgVF92sw_slVh,심사관/1거절된청구항/1020180025971_공개공보.txt,1020180025971_공개공보.txt,txt,심사관,,1020180025971_공개공보,https://drive.google.com/file/d/1S5JB-XZlxiz4tLSi91vQgVF92sw_slVh/view
1zgk5tCnu1RDxJ40VOS7NaEEMjd1XTTkM,심사관/1거절된청구항/1020180025971_공개공보_cleaned.txt,1020180025971_공개공보_cleaned.txt,txt,심사관,,1020180025971_공개공보_cleaned,https://drive.google.com/file/d/1zgk5tCnu1RDxJ40VOS7NaEEMjd1XTTkM/view
13zsro5WEccNtisyVUG9tO8qxj6sBFRki,심사관/1거절된청구항/1020180031088_공개공보.pdf,1020180031088_공개공보.pdf,pdf,심사관,,1020180031088_공개공보,https://drive.google.com/file/d/13zsro5WEccNtisyVUG9tO8qxj6sBFRki/view
1ZoqHvf8jejAAub6fDMOwUimI7FUsdxud,심사관/1거절된청구항/1020180031088_공개공보.txt,1020180031088_공개공보.txt,txt,심사관,,1020180031088_공개공보,https://drive.google.com/file/d/1ZoqHvf8jejAAub6fDMOwUimI7FUsdxud/view
1QayhrpnnJLFoM0jZAWSislaiR4Z5rWAP,심사관/1거절된청구항/1020180031088_공개공보_cleaned.txt,1020180031088_공개공보_cleaned.txt,txt,심사관,,1020180031088_공개공보_cleaned,https://drive.google.com/file/d/1QayhrpnnJLFoM0jZAWSislaiR4Z5rWAP/view
1Ber1Dc1by3WK6s1Q16XmSE082JfPOLRH,심사관/1거절된청구항/1020180063015_공개공보.pdf,1020180063015_공개공보.pdf,pdf,심사관,,1020180063015_공개공보,https://drive.google.com/file/d/1Ber1Dc1by3WK6s1Q16XmSE082JfPOLRH/view
1pPJk89XqiRcy1H1WTGhfA4XJ8lYDmesf,심사관/1거절된청구항/1020180063015_공개공보.txt,1020180063015_공개공보.txt,txt,심사관,,1020180063015_공개공보,https://drive.google.com/file/d/1pPJk89XqiRcy1H1WTGhfA4XJ8lYDmesf/view
1kNrAYlO6CKJ9RNJ7QKGE1GeBmhqAGp0K,심사관/1거절된청구항/1020180063015_공개공보_cleaned.txt,1020180063015_공개공보_cleaned.txt,txt,심사관,,1020180063015_공개공보_cleaned,https://drive.google.com/file/d/1kNrAYlO6CKJ9RNJ7QKGE1GeBmhqAGp0K/view
1JP-ZbWVhEtBKI3K8lZUE2NgdZoUlD4TP,심사관/1거절된청구항/1020180116750_공개공보.pdf,1020180116750_공개공보.pdf,pdf,심사관,,1020180116750_공개공보,https://drive.google.com/file/d/1JP-ZbWVhEtBKI3K8lZUE2NgdZoUlD4TP/view
1nuYXY-5uC00z1mkZgyVXzyGyiapEMZrY,심사관/1거절된청구항/1020180116750_공개공보.txt,1020180116750_공개공보.txt,txt,심사관,,1020180116750_공개공보,https://drive.google.com/file/d/1nuYXY-5uC00z1mkZgyVXzyGyiapEMZrY/view
1e3nHVTBy1F1-r4p0v1rLTKqSXVVIKrxv,심사관/1거절된청구항/1020180116750_공개공보_cleaned.txt,1020180116750_공개공보_cleaned.txt,txt,심사관,,1020180116750_공개공보_cleaned,https://drive.google.com/file/d/1e3nHVTBy1F1-r4p0v1rLTKqSXVVIKrxv/view
1XGUwXrwaLe2kjtuF9FsyS4Z4jWhutK3y,심사관/1거절된청구항/1020180123300_공개공보.pdf,1020180123300_공개공보.pdf,pdf,심사관,,1020180123300_공개공보,https://drive.google.com/file/d/1XGUwXrwaLe2kjtuF9FsyS4Z4jWhutK3y/view
1qgRFU334lWJ2VRwMmNRvSnCxmop_AT_a,심사관/1거절된청구항/1020180123300_공개공보.txt,1020180123300_공개공보.txt,txt,심사관,,1020180123300_공개공보,https://drive.google.com/file/d/1qgRFU334lWJ2VRwMmNRvSnCxmop_AT_a/view
1dSZavOYVAcQg2BwjtIRGjTRwR9JL2o0x,심사관/1거절된청구항/1020180123300_공개공보_cleaned.txt,1020180123300_공개공보_cleaned.txt,txt,심사관,,1020180123300_공개공보_cleaned,https://drive.google.com/file/d/1dSZavOYVAcQg2BwjtIRGjTRwR9JL2o0x/view
1tdO7u2_tO2GX9ZLUCP66Jzc8385rcMSK,심사관/1거절된청구항/1020180125990_공개공보.pdf,1020180125990_공개공보.pdf,pdf,심사관,,1020180125990_공개공보,https://drive.google.com/file/d/1tdO7u2_tO2GX9ZLUCP66Jzc8385rcMSK/view
19ht4LNI3OGFrUE_Hz11T32cVAf8yyMOX,심사관/1거절된청구항/1020180125990_공개공보.txt,1020180125990_공개공보.txt,txt,심사관,,1020180125990_공개공보,https://drive.google.com/file/d/19ht4LNI3OGFrUE_Hz11T32cVAf8yyMOX/view
1jEOIJKTCTbYj5ytuk2RW5aozPfroRV1N,심사관/1거절된청구항/1020180125990_공개공보_cleaned.txt,1020180125990_공개공보_cleaned.txt,txt,심사관,,1020180125990_공개공보_cleaned,https://drive.google.com/file/d/1jEOIJKTCTbYj5ytuk2RW5aozPfroRV1N/view
17dlFA1npkt8skgZzqnKHs4ebjS6Crkdr,심사관/1거절된청구항/1020187037824_공개공보.pdf,1020187037824_공개공보.pdf,pdf,심사관,,1020187037824_공개공보,https://drive.google.com/file/d/17dlFA1npkt8skgZzqnKHs4ebjS6Crkdr/view
1D2Zq5s-USt13dY6F8huUDf1YlgmcZ87g,심사관/1거절된청구항/1020187037824_공개공보.txt,1020187037824_공개공보.txt,txt,심사관,,1020187037824_공개공보,https://drive.google.com/file/d/1D2Zq5s-USt13dY6F8huUDf1YlgmcZ87g/view
1Mn0smzLn2y8ltMr59ArWhpng28LoeYrG,심사관/1거절된청구항/1020187037824_공개공보_cleaned.txt,1020187037824_공개공보_cleaned.txt,txt,심사관,,1020187037824_공개공보_cleaned,https://drive.google.com/file/d/1Mn0smzLn2y8ltMr59ArWhpng28LoeYrG/view
1d61bezNwj5lDIzFWE_ckSTFbSJaG_mG9,심사관/1거절된청구항/1020190101984_공개공보.pdf,1020190101984_공개공보.pdf,pdf,심사관,,1020190101984_공개공보,https://drive.google.com/file/d/1d61bezNwj5lDIzFWE_ckSTFbSJaG_mG9/view
1S5cccwrhb6-ImptpK3PaTPj4jGPZ_he9,심사관/1거절된청구항/1020190101984_공개공보.txt,1020190101984_공개공보.txt,txt,심사관,,1020190101984_공개공보,https://drive.google.com/file/d/1S5cccwrhb6-ImptpK3PaTPj4jGPZ_he9/view
1C8Oyf_ShAPiWoXtNJERX6SUQ9D-Hy_7d,심사관/1거절된청구항/1020190101984_공개공보_cleaned.txt,1020190101984_공개공보_cleaned.txt,txt,심사관,,1020190101984_공개공보_cleaned,https://drive.google.com/file/d/1C8Oyf_ShAPiWoXtNJERX6SUQ9D-Hy_7d/view
1VHMNY4-dAPo2xisM8KP-UctdWPtYECDK,심사관/1거절된청구항/1020190164745_공개공보.pdf,1020190164745_공개공보.pdf,pdf,심사관,,1020190164745_공개공보,https://drive.google.com/file/d/1VHMNY4-dAPo2xisM8KP-UctdWPtYECDK/view
1a2KI7ApaqkVMSOmYXxUHuhyJucpJvfzL,심사관/1거절된청구항/1020190164745_공개공보.txt,1020190164745_공개공보.txt,txt,심사관,,1020190164745_공개공보,https://drive.google.com/file/d/1a2KI7ApaqkVMSOmYXxUHuhyJucpJvfzL/view
1Dn4BtcfkCVbLhqte4v8cofDtp3rmJZct,심사관/1거절된청구항/1020190164745_공개공보_cleaned.txt,1020190164745_공개공보_cleaned.txt,txt,심사관,,1020190164745_공개공보_cleaned,https://drive.google.com/file/d/1Dn4BtcfkCVbLhqte4v8cofDtp3rmJZct/view
1dQq8-LyjNQyiEXhwnfFVIlbmYqh2nSgr,심사관/1거절된청구항/1020197012085_공개공보.pdf,1020197012085_공개공보.pdf,pdf,심사관,,1020197012085_공개공보,https://drive.google.com/file/d/1dQq8-LyjNQyiEXhwnfFVIlbmYqh2nSgr/view
1umX5zpWhZpx7VEjVSFZUq7lQd6qC-k0L,심사관/1거절된청구항/1020197012085_공개공보.txt,1020197012085_공개공보.txt,txt,심사관,,1020197012085_공개공보,https://drive.google.com/file/d/1umX5zpWhZpx7VEjVSFZUq7lQd6qC-k0L/view
1pv7C-DQAKTHwMc4M63ztzx-OSv3IjJMP,심사관/1거절된청구항/1020197012085_공개공보_cleaned.txt,1020197012085_공개공보_cleaned.txt,txt,심사관,,1020197012085_공개공보_cleaned,https://drive.google.com/file/d/1pv7C-DQAKTHwMc4M63ztzx-OSv3IjJMP/view
1cv6wjX3CTwR7UqNehwgAC_Uv5ZSe0Flk,심사관/1거절된청구항/1020197013953_공개공보.pdf,1020197013953_공개공보.pdf,pdf,심사관,,1020197013953_공개공보,https://drive.google.com/file/d/1cv6wjX3CTwR7UqNehwgAC_Uv5ZSe0Flk/view
1HrNXjQrm7aZhqtWbyh8kpGIbf7XnXHF4,심사관/1거절된청구항/1020197013953_공개공보.txt,1020197013953_공개공보.txt,txt,심사관,,1020197013953_공개공보,https://drive.google.com/file/d/1HrNXjQrm7aZhqtWbyh8kpGIbf7XnXHF4/view
1u36iYLtbhGZDwwVSxDeg0MTgEzZrIxUY,심사관/1거절된청구항/1020197013953_공개공보_cleaned.txt,1020197013953_공개공보_cleaned.txt,txt,심사관,,1020197013953_공개공보_cleaned,https://drive.google.com/file/d/1u36iYLtbhGZDwwVSxDeg0MTgEzZrIxUY/view
13ONnege3fQLb2ovw9sVjZ1uLaQXyQPtr,심사관/1거절된청구항/1020197015991_공개공보.pdf,1020197015991_공개공보.pdf,pdf,심사관,,1020197015991_공개공보,https://drive.google.com/file/d/13ONnege3fQLb2ovw9sVjZ1uLaQXyQPtr/view
1liNmMDhLrKNjLgxQlUb9LHvQDCJetrrO,심사관/1거절된청구항/1020197015991_공개공보.txt,1020197015991_공개공보.txt,txt,심사관,,1020197015991_공개공보,https://drive.google.com/file/d/1liNmMDhLrKNjLgxQlUb9LHvQDCJetrrO/view
1Tv_yO-utn1QF9S-hR8sFrkRL3_OvkEUp,심사관/1거절된청구항/1020197015991_공개공보_cleaned.txt,1020197015991_공개공보_cleaned.txt,txt,심사관,,1020197015991_공개공보_cleaned,https://drive.google.com/file/d/1Tv_yO-utn1QF9S-hR8sFrkRL3_OvkEUp/view
1oPZnaqR1h5iLRpQ6JfCIPN_uNGvlnf1L,심사관/1거절된청구항/1020197026115_공개공보.pdf,1020197026115_공개공보.pdf,pdf,심사관,,1020197026115_공개공보,https://drive.google.com/file/d/1oPZnaqR1h5iLRpQ6JfCIPN_uNGvlnf1L/view
1Jxm0GRp77KFp9_YlmY2bdkvAmFCQr6Yw,심사관/1거절된청구항/1020197026115_공개공보.txt,1020197026115_공개공보.txt,txt,심사관,,1020197026115_공개공보,https://drive.google.com/file/d/1Jxm0GRp77KFp9_YlmY2bdkvAmFCQr6Yw/view
1bQSV5Z8LnzjZwvuCpPo1AAxZ7ytPc3PE,심사관/1거절된청구항/1020197026115_공개공보_cleaned.txt,1020197026115_공개공보_cleaned.txt,txt,심사관,,1020197026115_공개공보_cleaned,https://drive.google.com/file/d/1bQSV5Z8LnzjZwvuCpPo1AAxZ7ytPc3PE/view
1ltUF_4ITK6fkvZPVYAu3IL2bZ7GgIF_5,심사관/1거절된청구항/1020197037891_공개공보.pdf,1020197037891_공개공보.pdf,pdf,심사관,,1020197037891_공개공보,https://drive.google.com/file/d/1ltUF_4ITK6fkvZPVYAu3IL2bZ7GgIF_5/view
14k4tt-jP3qAUS-sum4_IiGqPBPmQTXos,심사관/1거절된청구항/1020197037891_공개공보.txt,1020197037891_공개공보.txt,txt,심사관,,1020197037891_공개공보,https://drive.google.com/file/d/14k4tt-jP3qAUS-sum4_IiGqPBPmQTXos/view
1AUooGUoUKS1S2E2szH0dRWWIq1or9xrZ,심사관/1거절된청구항/1020197037891_공개공보_cleaned.txt,1020197037891_공개공보_cleaned.txt,txt,심사관,,1020197037891_공개공보_cleaned,https://drive.google.com/file/d/1AUooGUoUKS1S2E2szH0dRWWIq1or9xrZ/view
1E4yGGNL_tuRliyxmz_dsPkgeCxz-WezO,심사관/1거절된청구항/1020200001714_공개공보.pdf,1020200001714_공개공보.pdf,pdf,심사관,,1020200001714_공개공보,https://drive.google.com/file/d/1E4yGGNL_tuRliyxmz_dsPkgeCxz-WezO/view
1KZHhJ-T8RQDHjM3npDUH0_Z2XLiQZ6-s,심사관/1거절된청구항/1020200001714_공개공보.txt,1020200001714_공개공보.txt,txt,심사관,,1020200001714_공개공보,https://drive.google.com/file/d/1KZHhJ-T8RQDHjM3npDUH0_Z2XLiQZ6-s/view
1Lle4_l2ivwE2VAFdI_A7rivsrAyvtPuE,심사관/1거절된청구항/1020200001714_공개공보_cleaned.txt,1020200001714_공개공보_cleaned.txt,txt,심사관,,1020200001714_공개공보_cleaned,https://drive.google.com/file/d/1Lle4_l2ivwE2VAFdI_A7rivsrAyvtPuE/view
1nPwEgXzb_FLFWNxaaFvTlZp75gqu43gu,심사관/1거절된청구항/1020200001729_공개공보.pdf,1020200001729_공개공보.pdf,pdf,심사관,,1020200001729_공개공보,https://drive.google.com/file/d/1nPwEgXzb_FLFWNxaaFvTlZp75gqu43gu/view
1Wqt7LTxL-7QJcI94fWqSA_l0v6W90Qf4,심사관/1거절된청구항/1020200001729_공개공보.txt,1020200001729_공개공보.txt,txt,심사관,,1020200001729_공개공보,https://drive.google.com/file/d/1Wqt7LTxL-7QJcI94fWqSA_l0v6W90Qf4/view
1RRyPY8ofVAw4Mw_uK7TbXTIvuhLH7xfp,심사관/1거절된청구항/1020200001729_공개공보_cleaned.txt,1020200001729_공개공보_cleaned.txt,txt,심사관,,1020200001729_공개공보_cleaned,https://drive.google.com/file/d/1RRyPY8ofVAw4Mw_uK7TbXTIvuhLH7xfp/view
1k81Th9_SwV9ve5kCYcUEIP-jJt54mUHm,심사관/1거절된청구항/1020200004518_공개공보.pdf,1020200004518_공개공보.pdf,pdf,심사관,,1020200004518_공개공보,https://drive.google.com/file/d/1k81Th9_SwV9ve5kCYcUEIP-jJt54mUHm/view
1_hi22_la8d_2FYs0O80tKwK2EXODWEgS,심사관/1거절된청구항/1020200004518_공개공보.txt,1020200004518_공개공보.txt,txt,심사관,,1020200004518_공개공보,https://drive.google.com/file/d/1_hi22_la8d_2FYs0O80tKwK2EXODWEgS/view
1M3-cDM_YZPxz3cy4sBCy21EBelcfaX5O,심사관/1거절된청구항/1020200004518_공개공보_cleaned.txt,1020200004518_공개공보_cleaned.txt,txt,심사관,,1020200004518_공개공보_cleaned,https://drive.google.com/file/d/1M3-cDM_YZPxz3cy4sBCy21EBelcfaX5O/view
1XJ3bXWWZOZC8wkMtM-y3gYJLsPexsj7d,심사관/1거절된청구항/1020200059705_공개공보.pdf,1020200059705_공개공보.pdf,pdf,심사관,,1020200059705_공개공보,https://drive.google.com/file/d/1XJ3bXWWZOZC8wkMtM-y3gYJLsPexsj7d/view
1zsA1_9724MrREoOWBSia9VO4j0Wk4dYO,심사관/1거절된청구항/1020200059705_공개공보.txt,1020200059705_공개공보.txt,txt,심사관,,1020200059705_공개공보,https://drive.google.com/file/d/1zsA1_9724MrREoOWBSia9VO4j0Wk4dYO/view
1tbAx_OVFWZjxRgqLU_gZx8yDnmuKkhqL,심사관/1거절된청구항/1020200059705_공개공보_cleaned.txt,1020200059705_공개공보_cleaned.txt,txt,심사관,,1020200059705_공개공보_cleaned,https://drive.google.com/file/d/1tbAx_OVFWZjxRgqLU_gZx8yDnmuKkhqL/view
1A8UVDzZxCB1iWH9oRM10wHD22lRRMLcs,심사관/1거절된청구항/1020200093243_공개공보.pdf,1020200093243_공개공보.pdf,pdf,심사관,,1020200093243_공개공보,https://drive.google.com/file/d/1A8UVDzZxCB1iWH9oRM10wHD22lRRMLcs/view
1faw4kyysypsfzL7WWItfWs9Zf3KVd-56,심사관/1거절된청구항/1020200093243_공개공보.txt,1020200093243_공개공보.txt,txt,심사관,,1020200093243_공개공보,https://drive.google.com/file/d/1faw4kyysypsfzL7WWItfWs9Zf3KVd-56/view
1BO6-eQ5sORN0amO3tg1u68wz77kRI0OP,심사관/1거절된청구항/1020200093243_공개공보_cleaned.txt,1020200093243_공개공보_cleaned.txt,txt,심사관,,1020200093243_공개공보_cleaned,https://drive.google.com/file/d/1BO6-eQ5sORN0amO3tg1u68wz77kRI0OP/view
1N1twRMf4oxWg5llYodIY8tTECTq0VNv1,심사관/1거절된청구항/1020200103968_공개공보.pdf,1020200103968_공개공보.pdf,pdf,심사관,,1020200103968_공개공보,https://drive.google.com/file/d/1N1twRMf4oxWg5llYodIY8tTECTq0VNv1/view
1ClaqJ13mkZk13v8dxcEYirCbMyH_Ek8y,심사관/1거절된청구항/1020200103968_공개공보.txt,1020200103968_공개공보.txt,txt,심사관,,1020200103968_공개공보,https://drive.google.com/file/d/1ClaqJ13mkZk13v8dxcEYirCbMyH_Ek8y/view
1E8ZxA6NH_GvWVDKDyhWCWOF8PNHbDV48,심사관/1거절된청구항/1020200103968_공개공보_cleaned.txt,1020200103968_공개공보_cleaned.txt,txt,심사관,,1020200103968_공개공보_cleaned,https://drive.google.com/file/d/1E8ZxA6NH_GvWVDKDyhWCWOF8PNHbDV48/view
14iFKjqNVq3rXq-EOWAtYZ-TXuQBF0SU0,심사관/1거절된청구항/1020200120202_공개공보.pdf,1020200120202_공개공보.pdf,pdf,심사관,,1020200120202_공개공보,https://drive.google.com/file/d/14iFKjqNVq3rXq-EOWAtYZ-TXuQBF0SU0/view
1meY9M3j45ESBWoRrGFkoy_JiloJDe8Ho,심사관/1거절된청구항/1020200120202_공개공보.txt,1020200120202_공개공보.txt,txt,심사관,,1020200120202_공개공보,https://drive.google.com/file/d/1meY9M3j45ESBWoRrGFkoy_JiloJDe8Ho/view
1992OiZFn5adCOlS-RuhFMEvlGa6Soiat,심사관/1거절된청구항/1020200120202_공개공보_cleaned.txt,1020200120202_공개공보_cleaned.txt,txt,심사관,,1020200120202_공개공보_cleaned,https://drive.google.com/file/d/1992OiZFn5adCOlS-RuhFMEvlGa6Soiat/view
16J4uf1_5iPriRS0Dhjt4HauHIfwpdp8N,심사관/1거절된청구항/1020200148939_공개공보.pdf,1020200148939_공개공보.pdf,pdf,심사관,,1020200148939_공개공보,https://drive.google.com/file/d/16J4uf1_5iPriRS0Dhjt4HauHIfwpdp8N/view
1ZLcOXDP8XX1uwpzDc62yNfK3Od5zjHQB,심사관/1거절된청구항/1020200148939_공개공보.txt,1020200148939_공개공보.txt,txt,심사관,,1020200148939_공개공보,https://drive.google.com/file/d/1ZLcOXDP8XX1uwpzDc62yNfK3Od5zjHQB/view
1lFeQgxqXvSL3mUQzWP-mTMxGmpPTq_JQ,심사관/1거절된청구항/1020200148939_공개공보_cleaned.txt,1020200148939_공개공보_cleaned.txt,txt,심사관,,1020200148939_공개공보_cleaned,https://drive.google.com/file/d/1lFeQgxqXvSL3mUQzWP-mTMxGmpPTq_JQ/view
1JOPQ1x14Gk-yqcLlTM9esbghS_NYTOo1,심사관/1거절된청구항/1020200161286_공개공보.pdf,1020200161286_공개공보.pdf,pdf,심사관,,1020200161286_공개공보,https://drive.google.com/file/d/1JOPQ1x14Gk-yqcLlTM9esbghS_NYTOo1/view
1VNgF4K31LkaTyHZBYt9BecNJDspSWIN6,심사관/1거절된청구항/1020200161286_공개공보.txt,1020200161286_공개공보.txt,txt,심사관,,1020200161286_공개공보,https://drive.google.com/file/d/1VNgF4K31LkaTyHZBYt9BecNJDspSWIN6/view
1Fh-lOxr9eBD2wkuJHfkjmkplmfIxQ94b,심사관/1거절된청구항/1020200161286_공개공보_cleaned.txt,1020200161286_공개공보_cleaned.txt,txt,심사관,,1020200161286_공개공보_cleaned,https://drive.google.com/file/d/1Fh-lOxr9eBD2wkuJHfkjmkplmfIxQ94b/view
1IX2v_xAxayD90lYtg3Na9uNn59iQsLt2,심사관/1거절된청구항/1020200163675_공개공보.pdf,1020200163675_공개공보.pdf,pdf,심사관,,1020200163675_공개공보,https://drive.google.com/file/d/1IX2v_xAxayD90lYtg3Na9uNn59iQsLt2/view
1QQ_dwx1tYvzMh6Eajbd5E0R8FfEfZbC1,심사관/1거절된청구항/1020200163675_공개공보.txt,1020200163675_공개공보.txt,txt,심사관,,1020200163675_공개공보,https://drive.google.com/file/d/1QQ_dwx1tYvzMh6Eajbd5E0R8FfEfZbC1/view
1hXW_PkBGUusHh63e9gZ0-jjlmSMweDOf,심사관/1거절된청구항/1020200163675_공개공보_cleaned.txt,1020200163675_공개공보_cleaned.txt,txt,심사관,,1020200163675_공개공보_cleaned,https://drive.google.com/file/d/1hXW_PkBGUusHh63e9gZ0-jjlmSMweDOf/view
1rQn7eZzl8wM2pGeMbI1VjV993ZnLMBP1,심사관/1거절된청구항/1020200168183_공개공보.pdf,1020200168183_공개공보.pdf,pdf,심사관,,1020200168183_공개공보,https://drive.google.com/file/d/1rQn7eZzl8wM2pGeMbI1VjV993ZnLMBP1/view
1rl_tvOMnbSu1S2nEU2HrPARimoHrOsmj,심사관/1거절된청구항/1020200168183_공개공보.txt,1020200168183_공개공보.txt,txt,심사관,,1020200168183_공개공보,https://drive.google.com/file/d/1rl_tvOMnbSu1S2nEU2HrPARimoHrOsmj/view
1vOjOI5grTV5gAckhsYGb0kn58zOCtXqx,심사관/1거절된청구항/1020200168183_공개공보_cleaned.txt,1020200168183_공개공보_cleaned.txt,txt,심사관,,1020200168183_공개공보_cleaned,https://drive.google.com/file/d/1vOjOI5grTV5gAckhsYGb0kn58zOCtXqx/view
1NVqcXATC_K8nUThBMWCF2cEmYwpRuTkF,심사관/1거절된청구항/1020207004284_공개공보.pdf,1020207004284_공개공보.pdf,pdf,심사관,,1020207004284_공개공보,https://drive.google.com/file/d/1NVqcXATC_K8nUThBMWCF2cEmYwpRuTkF/view
1i9XqpFMW6RiXOivL6LLI9dR2eGw_G0IB,심사관/1거절된청구항/1020207004284_공개공보.txt,1020207004284_공개공보.txt,txt,심사관,,1020207004284_공개공보,https://drive.google.com/file/d/1i9XqpFMW6RiXOivL6LLI9dR2eGw_G0IB/view
1f0Mv-qVH4kBt_OtFADEPpHYRqTc5_EHG,심사관/1거절된청구항/1020207004284_공개공보_cleaned.txt,1020207004284_공개공보_cleaned.txt,txt,심사관,,1020207004284_공개공보_cleaned,https://drive.google.com/file/d/1f0Mv-qVH4kBt_OtFADEPpHYRqTc5_EHG/view
1HQi9zhxm1z19ZuBARSu2qkwDFg_IzJAR,심사관/1거절된청구항/1020207014462_공개공보.pdf,1020207014462_공개공보.pdf,pdf,심사관,,1020207014462_공개공보,https://drive.google.com/file/d/1HQi9zhxm1z19ZuBARSu2qkwDFg_IzJAR/view
14uEN1p68cPh8FPuoRsgB96QPAz4g8Hri,심사관/1거절된청구항/1020207014462_공개공보.txt,1020207014462_공개공보.txt,txt,심사관,,1020207014462_공개공보,https://drive.google.com/file/d/14uEN1p68cPh8FPuoRsgB96QPAz4g8Hri/view
1kQhyS1gJ3yxTw6w108kBz9jjK3TJUpgW,심사관/1거절된청구항/1020207014462_공개공보_cleaned.txt,1020207014462_공개공보_cleaned.txt,txt,심사관,,1020207014462_공개공보_cleaned,https://drive.google.com/file/d/1kQhyS1gJ3yxTw6w108kBz9jjK3TJUpgW/view
1s0Ye4hXR6p6XQaYI_2zMFQTqM2-IQfcY,심사관/1거절된청구항/1020207018024_공개공보.pdf,1020207018024_공개공보.pdf,pdf,심사관,,1020207018024_공개공보,https://drive.google.com/file/d/1s0Ye4hXR6p6XQaYI_2zMFQTqM2-IQfcY/view
12BDtaOBr7o1dkx48zvChZ8IyorITLYZA,심사관/1거절된청구항/1020207018024_공개공보.txt,1020207018024_공개공보.txt,txt,심사관,,1020207018024_공개공보,https://drive.google.com/file/d/12BDtaOBr7o1dkx48zvChZ8IyorITLYZA/view
1BJZSDudSmgygrEw2ws3UOM9qYbo7MvM8,심사관/1거절된청구항/1020207018024_공개공보_cleaned.txt,1020207018024_공개공보_cleaned.txt,txt,심사관,,1020207018024_공개공보_cleaned,https://drive.google.com/file/d/1BJZSDudSmgygrEw2ws3UOM9qYbo7MvM8/view
1qlea7Xhiu1U8BCERKHlUq2QQZEDxb7Jz,심사관/1거절된청구항/1020207024742_공개공보.pdf,1020207024742_공개공보.pdf,pdf,심사관,,1020207024742_공개공보,https://drive.google.com/file/d/1qlea7Xhiu1U8BCERKHlUq2QQZEDxb7Jz/view
1ZOx_li80qTrVgAKJ86kjzV_zIk-eFGlo,심사관/1거절된청구항/1020207024742_공개공보.txt,1020207024742_공개공보.txt,txt,심사관,,1020207024742_공개공보,https://drive.google.com/file/d/1ZOx_li80qTrVgAKJ86kjzV_zIk-eFGlo/view
1lOZdbVi6zwCXaafIFWXfRSm9uzuamGHb,심사관/1거절된청구항/1020207024742_공개공보_cleaned.txt,1020207024742_공개공보_cleaned.txt,txt,심사관,,1020207024742_공개공보_cleaned,https://drive.google.com/file/d/1lOZdbVi6zwCXaafIFWXfRSm9uzuamGHb/view
1-z0C5eBHd33TOig30FvgExnG5qnyyfki,심사관/1거절된청구항/1020207032320_공개공보.pdf,1020207032320_공개공보.pdf,pdf,심사관,,1020207032320_공개공보,https://drive.google.com/file/d/1-z0C5eBHd33TOig30FvgExnG5qnyyfki/view
17sdxewimL4kSq-rYZhWDO5PvFNcHOCT0,심사관/1거절된청구항/1020207032320_공개공보.txt,1020207032320_공개공보.txt,txt,심사관,,1020207032320_공개공보,https://drive.google.com/file/d/17sdxewimL4kSq-rYZhWDO5PvFNcHOCT0/view
1Yh1S3DiWh37Pf5l9wTtmBrJFaQ_6JXXT,심사관/1거절된청구항/1020207032320_공개공보_cleaned.txt,1020207032320_공개공보_cleaned.txt,txt,심사관,,1020207032320_공개공보_cleaned,https://drive.google.com/file/d/1Yh1S3DiWh37Pf5l9wTtmBrJFaQ_6JXXT/view
1CO1DoQWCYeAUIJQ9H2ws4N4dmHfKufH5,심사관/1거절된청구항/1020207035843_공개공보.pdf,1020207035843_공개공보.pdf,pdf,심사관,,1020207035843_공개공보,https://drive.google.com/file/d/1CO1DoQWCYeAUIJQ9H2ws4N4dmHfKufH5/view
1dJODzaTwf1nbTHn2mhj0UfviXFY8BLCH,심사관/1거절된청구항/1020207035843_공개공보.txt,1020207035843_공개공보.txt,txt,심사관,,1020207035843_공개공보,https://drive.google.com/file/d/1dJODzaTwf1nbTHn2mhj0UfviXFY8BLCH/view
10Qhe6RiH_LZw2OR-q8feGLa61WuHovfq,심사관/1거절된청구항/1020207035843_공개공보_cleaned.txt,1020207035843_공개공보_cleaned.txt,txt,심사관,,1020207035843_공개공보_cleaned,https://drive.google.com/file/d/10Qhe6RiH_LZw2OR-q8feGLa61WuHovfq/view
1rjJlkoGTbp9OodKCe53fyNvp4WXo4l0Z,심사관/1거절된청구항/1020207035844_공개공보.pdf,1020207035844_공개공보.pdf,pdf,심사관,,1020207035844_공개공보,https://drive.google.com/file/d/1rjJlkoGTbp9OodKCe53fyNvp4WXo4l0Z/view
106A9rIBgmeQoIk8KDdpbw3sJJVIa7mm9,심사관/1거절된청구항/1020207035844_공개공보.txt,1020207035844_공개공보.txt,txt,심사관,,1020207035844_공개공보,https://drive.google.com/file/d/106A9rIBgmeQoIk8KDdpbw3sJJVIa7mm9/view
1hu_66XuietKoPVEsHXSBRYNi6i8QuUDW,심사관/1거절된청구항/1020207035844_공개공보_cleaned.txt,1020207035844_공개공보_cleaned.txt,txt,심사관,,1020207035844_공개공보_cleaned,https://drive.google.com/file/d/1hu_66XuietKoPVEsHXSBRYNi6i8QuUDW/view
1D7PE2aEZnKI31RBqe3jNngbcJWAIuvfT,심사관/1거절된청구항/1020207035847_공개공보.pdf,1020207035847_공개공보.pdf,pdf,심사관,,1020207035847_공개공보,https://drive.google.com/file/d/1D7PE2aEZnKI31RBqe3jNngbcJWAIuvfT/view
1kx6Jt0buZDvGhBlEmu84-PrkWLw-hy8t,심사관/1거절된청구항/1020207035847_공개공보.txt,1020207035847_공개공보.txt,txt,심사관,,1020207035847_공개공보,https://drive.google.com/file/d/1kx6Jt0buZDvGhBlEmu84-PrkWLw-hy8t/view
1b-tRldNZPVg0YuHbnE9C_dr8s-kai0QT,심사관/1거절된청구항/1020207035847_공개공보_cleaned.txt,1020207035847_공개공보_cleaned.txt,txt,심사관,,1020207035847_공개공보_cleaned,https://drive.google.com/file/d/1b-tRldNZPVg0YuHbnE9C_dr8s-kai0QT/view
1fSjmj2stH3wy2snIScIE4zJXrLnD52Jd,심사관/1거절된청구항/1020207036632_공개공보.pdf,1020207036632_공개공보.pdf,pdf,심사관,,1020207036632_공개공보,https://drive.google.com/file/d/1fSjmj2stH3wy2snIScIE4zJXrLnD52Jd/view
1tCE3jC_8lmV9mC0Pk9g728R7NRNfhGob,심사관/1거절된청구항/1020207036632_공개공보.txt,1020207036632_공개공보.txt,txt,심사관,,1020207036632_공개공보,https://drive.google.com/file/d/1tCE3jC_8lmV9mC0Pk9g728R7NRNfhGob/view
1qK5EjdYwpzRvbxyhHzUhEMdtB24rOepa,심사관/1거절된청구항/1020207036632_공개공보_cleaned.txt,1020207036632_공개공보_cleaned.txt,txt,심사관,,1020207036632_공개공보_cleaned,https://drive.google.com/file/d/1qK5EjdYwpzRvbxyhHzUhEMdtB24rOepa/view
1mMwkOXcKlmcHV1a9QRxEF55WoQKwQR7E,심사관/1거절된청구항/1020210037975_공개공보.pdf,1020210037975_공개공보.pdf,pdf,심사관,,1020210037975_공개공보,https://drive.google.com/file/d/1mMwkOXcKlmcHV1a9QRxEF55WoQKwQR7E/view
14XAKYfCTvqR_p6QuqeWekbFAPrL8a2W0,심사관/1거절된청구항/1020210037975_공개공보.txt,1020210037975_공개공보.txt,txt,심사관,,1020210037975_공개공보,https://drive.google.com/file/d/14XAKYfCTvqR_p6QuqeWekbFAPrL8a2W0/view
1k8JvMyZ0V0LOFKVSaSXtnDHszHss2tdC,심사관/1거절된청구항/1020210037975_공개공보_cleaned.txt,1020210037975_공개공보_cleaned.txt,txt,심사관,,1020210037975_공개공보_cleaned,https://drive.google.com/file/d/1k8JvMyZ0V0LOFKVSaSXtnDHszHss2tdC/view
1GDZwTf5jxUL7EDN_jlQ8KAKD25BPe5sp,심사관/1거절된청구항/1020210046441_공개공보.pdf,1020210046441_공개공보.pdf,pdf,심사관,,1020210046441_공개공보,https://drive.google.com/file/d/1GDZwTf5jxUL7EDN_jlQ8KAKD25BPe5sp/view
1UVYjupW4Qp0UUw_LoAtYZhXaP12fXGow,심사관/1거절된청구항/1020210046441_공개공보.txt,1020210046441_공개공보.txt,txt,심사관,,1020210046441_공개공보,https://drive.google.com/file/d/1UVYjupW4Qp0UUw_LoAtYZhXaP12fXGow/view
1_wpm97iAhYAszc9rXOnjZXshAZHnAdEO,심사관/1거절된청구항/1020210046441_공개공보_cleaned.txt,1020210046441_공개공보_cleaned.txt,txt,심사관,,1020210046441_공개공보_cleaned,https://drive.google.com/file/d/1_wpm97iAhYAszc9rXOnjZXshAZHnAdEO/view
1jLBgL-Jc8JK3VeXF48l4OJR0eHVxMgJt,심사관/1거절된청구항/1020210057704_공개공보.pdf,1020210057704_공개공보.pdf,pdf,심사관,,1020210057704_공개공보,https://drive.google.com/file/d/1jLBgL-Jc8JK3VeXF48l4OJR0eHVxMgJt/view
1zSY9Hb5_TRE4AXZJVen3oTYKCg6gtT8x,심사관/1거절된청구항/1020210057704_공개공보.txt,1020210057704_공개공보.txt,txt,심사관,,1020210057704_공개공보,https://drive.google.com/file/d/1zSY9Hb5_TRE4AXZJVen3oTYKCg6gtT8x/view
1MJhU6l9bZZxMEbhw6SGfNZruaJ2bWUW1,심사관/1거절된청구항/1020210057704_공개공보_cleaned.txt,1020210057704_공개공보_cleaned.txt,txt,심사관,,1020210057704_공개공보_cleaned,https://drive.google.com/file/d/1MJhU6l9bZZxMEbhw6SGfNZruaJ2bWUW1/view
1_ZjQ44QigP3QmM7meJzmD8EdpoWB-cBO,심사관/1거절된청구항/1020210068892_공개공보.pdf,1020210068892_공개공보.pdf,pdf,심사관,,1020210068892_공개공보,https://drive.google.com/file/d/1_ZjQ44QigP3QmM7meJzmD8EdpoWB-cBO/view
1VwYurUWyO-1KRAGpIsCB777AxWVzmPSJ,심사관/1거절된청구항/1020210068892_공개공보.txt,1020210068892_공개공보.txt,txt,심사관,,1020210068892_공개공보,https://drive.google.com/file/d/1VwYurUWyO-1KRAGpIsCB777AxWVzmPSJ/view
14hXOb9LWCV5r8tnObTUprFVlYXgBf8nD,심사관/1거절된청구항/1020210068892_공개공보_cleaned.txt,1020210068892_공개공보_cleaned.txt,txt,심사관,,1020210068892_공개공보_cleaned,https://drive.google.com/file/d/14hXOb9LWCV5r8tnObTUprFVlYXgBf8nD/view
1SV_laT9-t9KVlf-p2Ej5CdqK2NxemhSj,심사관/1거절된청구항/1020210085431_공개공보.pdf,1020210085431_공개공보.pdf,pdf,심사관,,1020210085431_공개공보,https://drive.google.com/file/d/1SV_laT9-t9KVlf-p2Ej5CdqK2NxemhSj/view
17rrn-9R0X9ZcCSUYQ_YEdbwMXebhlECT,심사관/1거절된청구항/1020210085431_공개공보.txt,1020210085431_공개공보.txt,txt,심사관,,1020210085431_공개공보,https://drive.google.com/file/d/17rrn-9R0X9ZcCSUYQ_YEdbwMXebhlECT/view
1komFl6yKhhKD_5LmL7qG5kGr4r65GQNu,심사관/1거절된청구항/1020210085431_공개공보_cleaned.txt,1020210085431_공개공보_cleaned.txt,txt,심사관,,1020210085431_공개공보_cleaned,https://drive.google.com/file/d/1komFl6yKhhKD_5LmL7qG5kGr4r65GQNu/view
1Mce150ymrDzdK3rLbiQEdXpooKVJdgc0,심사관/1거절된청구항/1020210112340_공개공보.pdf,1020210112340_공개공보.pdf,pdf,심사관,,1020210112340_공개공보,https://drive.google.com/file/d/1Mce150ymrDzdK3rLbiQEdXpooKVJdgc0/view
1rWUWL2flysID20YmZBHsQ2KMsR1Dys8c,심사관/1거절된청구항/1020210112340_공개공보.txt,1020210112340_공개공보.txt,txt,심사관,,1020210112340_공개공보,https://drive.google.com/file/d/1rWUWL2flysID20YmZBHsQ2KMsR1Dys8c/view
1oBEwe4VTHsuLrUuj-3kWFTRO_30Auibu,심사관/1거절된청구항/1020210112340_공개공보_cleaned.txt,1020210112340_공개공보_cleaned.txt,txt,심사관,,1020210112340_공개공보_cleaned,https://drive.google.com/file/d/1oBEwe4VTHsuLrUuj-3kWFTRO_30Auibu/view
1nsM8W-RxCbGUUCpB3OjlomYmuB67yhjJ,심사관/1거절된청구항/1020210117172_공개공보.pdf,1020210117172_공개공보.pdf,pdf,심사관,,1020210117172_공개공보,https://drive.google.com/file/d/1nsM8W-RxCbGUUCpB3OjlomYmuB67yhjJ/view
1D1V5zI1lilOXDuJGhpUi6oWBUGro2aFu,심사관/1거절된청구항/1020210117172_공개공보.txt,1020210117172_공개공보.txt,txt,심사관,,1020210117172_공개공보,https://drive.google.com/file/d/1D1V5zI1lilOXDuJGhpUi6oWBUGro2aFu/view
1McN_nLgjjZTe9XHDcrZj0WxwC3wnXUdz,심사관/1거절된청구항/1020210117172_공개공보_cleaned.txt,1020210117172_공개공보_cleaned.txt,txt,심사관,,1020210117172_공개공보_cleaned,https://drive.google.com/file/d/1McN_nLgjjZTe9XHDcrZj0WxwC3wnXUdz/view
1SISe09AY2zfUMBWcybcCo209-omPwfs9,심사관/1거절된청구항/1020210134063_공개공보.pdf,1020210134063_공개공보.pdf,pdf,심사관,,1020210134063_공개공보,https://drive.google.com/file/d/1SISe09AY2zfUMBWcybcCo209-omPwfs9/view
1KkFfgASXfk2XCy6w4oBFwcEJVmO-w1o2,심사관/1거절된청구항/1020210134063_공개공보.txt,1020210134063_공개공보.txt,txt,심사관,,1020210134063_공개공보,https://drive.google.com/file/d/1KkFfgASXfk2XCy6w4oBFwcEJVmO-w1o2/view
1hlPMOKOpHjQjTCr4fd0xld5EDFLesIuw,심사관/1거절된청구항/1020210134063_공개공보_cleaned.txt,1020210134063_공개공보_cleaned.txt,txt,심사관,,1020210134063_공개공보_cleaned,https://drive.google.com/file/d/1hlPMOKOpHjQjTCr4fd0xld5EDFLesIuw/view
15rnw82VCOnnydOmVMQ7uan14GQv9iCoZ,심사관/1거절된청구항/1020210154767_공개공보.pdf,1020210154767_공개공보.pdf,pdf,심사관,,1020210154767_공개공보,https://drive.google.com/file/d/15rnw82VCOnnydOmVMQ7uan14GQv9iCoZ/view
1vNvGKN2w3dXthOBpIn8cPZ8PKYcIf4cl,심사관/1거절된청구항/1020210154767_공개공보.txt,1020210154767_공개공보.txt,txt,심사관,,1020210154767_공개공보,https://drive.google.com/file/d/1vNvGKN2w3dXthOBpIn8cPZ8PKYcIf4cl/view
16EyQNgLlfpjBqWnppIemelmPtIsdIlOw,심사관/1거절된청구항/1020210154767_공개공보_cleaned.txt,1020210154767_공개공보_cleaned.txt,txt,심사관,,1020210154767_공개공보_cleaned,https://drive.google.com/file/d/16EyQNgLlfpjBqWnppIemelmPtIsdIlOw/view
17f6efu6KKRdhte0HRYo5_x_8PAX2yeWZ,심사관/1거절된청구항/1020210161676_공개공보.pdf,1020210161676_공개공보.pdf,pdf,심사관,,1020210161676_공개공보,https://drive.google.com/file/d/17f6efu6KKRdhte0HRYo5_x_8PAX2yeWZ/view
1f7bXHBYteYJPk27jeBPDFW21fKUakIUv,심사관/1거절된청구항/1020210161676_공개공보.txt,1020210161676_공개공보.txt,txt,심사관,,1020210161676_공개공보,https://drive.google.com/file/d/1f7bXHBYteYJPk27jeBPDFW21fKUakIUv/view
1C5gjgDy_IJ5VYfdE6gSllhrlzx14gzqH,심사관/1거절된청구항/1020210161676_공개공보_cleaned.txt,1020210161676_공개공보_cleaned.txt,txt,심사관,,1020210161676_공개공보_cleaned,https://drive.google.com/file/d/1C5gjgDy_IJ5VYfdE6gSllhrlzx14gzqH/view
153ttzFyMqLfxFOQH1iD4G1IgIGQGnkhD,심사관/1거절된청구항/1020210172385_공개공보.pdf,1020210172385_공개공보.pdf,pdf,심사관,,1020210172385_공개공보,https://drive.google.com/file/d/153ttzFyMqLfxFOQH1iD4G1IgIGQGnkhD/view
1SThSJNknVD0FtVcVJEWBHlflDrsb8A7Q,심사관/1거절된청구항/1020210172385_공개공보.txt,1020210172385_공개공보.txt,txt,심사관,,1020210172385_공개공보,https://drive.google.com/file/d/1SThSJNknVD0FtVcVJEWBHlflDrsb8A7Q/view
16zmM8dYbSR_sLNKD8E3K7-P4Q-WZByJ2,심사관/1거절된청구항/1020210172385_공개공보_cleaned.txt,1020210172385_공개공보_cleaned.txt,txt,심사관,,1020210172385_공개공보_cleaned,https://drive.google.com/file/d/16zmM8dYbSR_sLNKD8E3K7-P4Q-WZByJ2/view
1iCleE_jHmYxHO5Ouyi2UQy3irSRHlX1W,심사관/1거절된청구항/1020217011467_공개공보.pdf,1020217011467_공개공보.pdf,pdf,심사관,,1020217011467_공개공보,https://drive.google.com/file/d/1iCleE_jHmYxHO5Ouyi2UQy3irSRHlX1W/view
1xSHlqw8aW2lWMqsZk7AOCah_v8voV1sC,심사관/1거절된청구항/1020217011467_공개공보.txt,1020217011467_공개공보.txt,txt,심사관,,1020217011467_공개공보,https://drive.google.com/file/d/1xSHlqw8aW2lWMqsZk7AOCah_v8voV1sC/view
1fKRyzvzd-hw5cdluIpj3lv6trmfYmLxz,심사관/1거절된청구항/1020217011467_공개공보_cleaned.txt,1020217011467_공개공보_cleaned.txt,txt,심사관,,1020217011467_공개공보_cleaned,https://drive.google.com/file/d/1fKRyzvzd-hw5cdluIpj3lv6trmfYmLxz/view
1sWr8P0zzFSandAIq6QQ76DTNKhTCeGsm,심사관/1거절된청구항/1020217017878_공개공보.pdf,1020217017878_공개공보.pdf,pdf,심사관,,1020217017878_공개공보,https://drive.google.com/file/d/1sWr8P0zzFSandAIq6QQ76DTNKhTCeGsm/view
10WI9bP-6PyKKXQJr9y_VjGtrZOhkPRE6,심사관/1거절된청구항/1020217017878_공개공보.txt,1020217017878_공개공보.txt,txt,심사관,,1020217017878_공개공보,https://drive.google.com/file/d/10WI9bP-6PyKKXQJr9y_VjGtrZOhkPRE6/view
1Am4nM-WTwmRx87JHwPWd6E4T6unAH470,심사관/1거절된청구항/1020217017878_공개공보_cleaned.txt,1020217017878_공개공보_cleaned.txt,txt,심사관,,1020217017878_공개공보_cleaned,https://drive.google.com/file/d/1Am4nM-WTwmRx87JHwPWd6E4T6unAH470/view
1662vKQW6ZMzIKFh7qzkrkhFJqgnZT82L,심사관/1거절된청구항/1020217018412_공개공보.pdf,1020217018412_공개공보.pdf,pdf,심사관,,1020217018412_공개공보,https://drive.google.com/file/d/1662vKQW6ZMzIKFh7qzkrkhFJqgnZT82L/view
1NuH4YYUDEtFW0u1XNGrrPyaB2zaO-9YI,심사관/1거절된청구항/1020217018412_공개공보.txt,1020217018412_공개공보.txt,txt,심사관,,1020217018412_공개공보,https://drive.google.com/file/d/1NuH4YYUDEtFW0u1XNGrrPyaB2zaO-9YI/view
1IrAbXmKidTuPsszqiX071kzWbtIpDhhw,심사관/1거절된청구항/1020217018412_공개공보_cleaned.txt,1020217018412_공개공보_cleaned.txt,txt,심사관,,1020217018412_공개공보_cleaned,https://drive.google.com/file/d/1IrAbXmKidTuPsszqiX071kzWbtIpDhhw/view
14FL7Mb1o625ONI8OMc7zjWn6kI__lpFp,심사관/1거절된청구항/1020217023623_공개공보.pdf,1020217023623_공개공보.pdf,pdf,심사관,,1020217023623_공개공보,https://drive.google.com/file/d/14FL7Mb1o625ONI8OMc7zjWn6kI__lpFp/view
1JlGeayEoovjG0sKWiYDI3m0wqsFp6l2A,심사관/1거절된청구항/1020217023623_공개공보.txt,1020217023623_공개공보.txt,txt,심사관,,1020217023623_공개공보,https://drive.google.com/file/d/1JlGeayEoovjG0sKWiYDI3m0wqsFp6l2A/view
1To17X5Vly0xr4GJ6JtVIRiapaj5X0THo,심사관/1거절된청구항/1020217023623_공개공보_cleaned.txt,1020217023623_공개공보_cleaned.txt,txt,심사관,,1020217023623_공개공보_cleaned,https://drive.google.com/file/d/1To17X5Vly0xr4GJ6JtVIRiapaj5X0THo/view
1-3PHLl51lYPthDbmHD0Ti_uS0xYJUr3t,심사관/1거절된청구항/1020217026855_공개공보.pdf,1020217026855_공개공보.pdf,pdf,심사관,,1020217026855_공개공보,https://drive.google.com/file/d/1-3PHLl51lYPthDbmHD0Ti_uS0xYJUr3t/view
1ND1Z_PEAsXqQMjIQfTug5lKlRvfM-b8u,심사관/1거절된청구항/1020217026855_공개공보.txt,1020217026855_공개공보.txt,txt,심사관,,1020217026855_공개공보,https://drive.google.com/file/d/1ND1Z_PEAsXqQMjIQfTug5lKlRvfM-b8u/view
193oa3PvxjIEyvjZXNF9y2LJmUbS5YiB5,심사관/1거절된청구항/1020217026855_공개공보_cleaned.txt,1020217026855_공개공보_cleaned.txt,txt,심사관,,1020217026855_공개공보_cleaned,https://drive.google.com/file/d/193oa3PvxjIEyvjZXNF9y2LJmUbS5YiB5/view
1m1kWewj1WK8xojcZAz0Q_m8YvRpVo9RJ,심사관/1거절된청구항/1020217028715_공개공보.pdf,1020217028715_공개공보.pdf,pdf,심사관,,1020217028715_공개공보,https://drive.google.com/file/d/1m1kWewj1WK8xojcZAz0Q_m8YvRpVo9RJ/view
1B9PA8f-W2Icxkqm1q0d07P-9PxJv7Jhs,심사관/1거절된청구항/1020217028715_공개공보.txt,1020217028715_공개공보.txt,txt,심사관,,1020217028715_공개공보,https://drive.google.com/file/d/1B9PA8f-W2Icxkqm1q0d07P-9PxJv7Jhs/view
1Nhsr2uyMMulM2O8moLzkbPHBtmhO_l_F,심사관/1거절된청구항/1020217028715_공개공보_cleaned.txt,1020217028715_공개공보_cleaned.txt,txt,심사관,,1020217028715_공개공보_cleaned,https://drive.google.com/file/d/1Nhsr2uyMMulM2O8moLzkbPHBtmhO_l_F/view
1hF9DnokQiAuscLNeP-90hbmUu957hG_U,심사관/1거절된청구항/1020217033033_공개공보.pdf,1020217033033_공개공보.pdf,pdf,심사관,,1020217033033_공개공보,https://drive.google.com/file/d/1hF9DnokQiAuscLNeP-90hbmUu957hG_U/view
1qftMxxDiePjPeDZYvYD_00KSDgputVcn,심사관/1거절된청구항/1020217033033_공개공보.txt,1020217033033_공개공보.txt,txt,심사관,,1020217033033_공개공보,https://drive.google.com/file/d/1qftMxxDiePjPeDZYvYD_00KSDgputVcn/view
1YREkklIBTapNb3NMXUnvNtpTzan_PoWv,심사관/1거절된청구항/1020217033033_공개공보_cleaned.txt,1020217033033_공개공보_cleaned.txt,txt,심사관,,1020217033033_공개공보_cleaned,https://drive.google.com/file/d/1YREkklIBTapNb3NMXUnvNtpTzan_PoWv/view
1pBvomwdynnejdeP_rMLRnT3Kny1hU-9C,심사관/1거절된청구항/1020220002231_공개공보.pdf,1020220002231_공개공보.pdf,pdf,심사관,,1020220002231_공개공보,https://drive.google.com/file/d/1pBvomwdynnejdeP_rMLRnT3Kny1hU-9C/view
11SYvsG90eUyfocwQgf36WYKgok2ZaZl7,심사관/1거절된청구항/1020220002231_공개공보.txt,1020220002231_공개공보.txt,txt,심사관,,1020220002231_공개공보,https://drive.google.com/file/d/11SYvsG90eUyfocwQgf36WYKgok2ZaZl7/view
1sz-sb3Cp1F6JnvPuhmPhKuMQ6-zhfpAW,심사관/1거절된청구항/1020220002231_공개공보_cleaned.txt,1020220002231_공개공보_cleaned.txt,txt,심사관,,1020220002231_공개공보_cleaned,https://drive.google.com/file/d/1sz-sb3Cp1F6JnvPuhmPhKuMQ6-zhfpAW/view
1nlkrvOPOGa0fVbgAoSs2fJbJu3uKsc4V,심사관/1거절된청구항/1020220002232_공개공보.pdf,1020220002232_공개공보.pdf,pdf,심사관,,1020220002232_공개공보,https://drive.google.com/file/d/1nlkrvOPOGa0fVbgAoSs2fJbJu3uKsc4V/view
17oMoreqzQPUgDXj5SMJJMQqVw_cTzeEa,심사관/1거절된청구항/1020220002232_공개공보.txt,1020220002232_공개공보.txt,txt,심사관,,1020220002232_공개공보,https://drive.google.com/file/d/17oMoreqzQPUgDXj5SMJJMQqVw_cTzeEa/view
1BIERYk6j6VR87AdjMrgtzukSK5dQeIbK,심사관/1거절된청구항/1020220002232_공개공보_cleaned.txt,1020220002232_공개공보_cleaned.txt,txt,심사관,,1020220002232_공개공보_cleaned,https://drive.google.com/file/d/1BIERYk6j6VR87AdjMrgtzukSK5dQeIbK/view
1jOleJl-NY7hsODNJ9zY0_w3R5dieH5m0,심사관/1거절된청구항/1020220002233_공개공보.pdf,1020220002233_공개공보.pdf,pdf,심사관,,1020220002233_공개공보,https://drive.google.com/file/d/1jOleJl-NY7hsODNJ9zY0_w3R5dieH5m0/view
1T5UQbjgEy-LOJBZR8oHE0wH6VfUQh8WP,심사관/1거절된청구항/1020220002233_공개공보.txt,1020220002233_공개공보.txt,txt,심사관,,1020220002233_공개공보,https://drive.google.com/file/d/1T5UQbjgEy-LOJBZR8oHE0wH6VfUQh8WP/view
14IRA_0gv9d7xH5SnvloffLz9_z7pOrSs,심사관/1거절된청구항/1020220002233_공개공보_cleaned.txt,1020220002233_공개공보_cleaned.txt,txt,심사관,,1020220002233_공개공보_cleaned,https://drive.google.com/file/d/14IRA_0gv9d7xH5SnvloffLz9_z7pOrSs/view
1n54tUfu7A5ZxJbONGYP6xmtXAHPQPENj,심사관/1거절된청구항/1020220026671_공개공보.pdf,1020220026671_공개공보.pdf,pdf,심사관,,1020220026671_공개공보,https://drive.google.com/file/d/1n54tUfu7A5ZxJbONGYP6xmtXAHPQPENj/view
1j7_neF1iat-wbFFThLclM6kKwfOUBQEJ,심사관/1거절된청구항/1020220026671_공개공보.txt,1020220026671_공개공보.txt,txt,심사관,,1020220026671_공개공보,https://drive.google.com/file/d/1j7_neF1iat-wbFFThLclM6kKwfOUBQEJ/view
1xleO7MZz6sf5fjpnJ0u2jyPRdwZISIE2,심사관/1거절된청구항/1020220026671_공개공보_cleaned.txt,1020220026671_공개공보_cleaned.txt,txt,심사관,,1020220026671_공개공보_cleaned,https://drive.google.com/file/d/1xleO7MZz6sf5fjpnJ0u2jyPRdwZISIE2/view
1xVtVEX_TztQtVJBEyoZEcpAgZu24x4BS,심사관/1거절된청구항/1020220032074_공개공보.pdf,1020220032074_공개공보.pdf,pdf,심사관,,1020220032074_공개공보,https://drive.google.com/file/d/1xVtVEX_TztQtVJBEyoZEcpAgZu24x4BS/view
19AFDfctfE3tqeNifSwB6ZOyOq8gApnNZ,심사관/1거절된청구항/1020220032074_공개공보.txt,1020220032074_공개공보.txt,txt,심사관,,1020220032074_공개공보,https://drive.google.com/file/d/19AFDfctfE3tqeNifSwB6ZOyOq8gApnNZ/view
12O1dTFsRDgmKz7iXHjJUnpc0LtRODsdT,심사관/1거절된청구항/1020220032074_공개공보_cleaned.txt,1020220032074_공개공보_cleaned.txt,txt,심사관,,1020220032074_공개공보_cleaned,https://drive.google.com/file/d/12O1dTFsRDgmKz7iXHjJUnpc0LtRODsdT/view
10fiaJClwPOST5bDZo2VekObTWSU3-s0A,심사관/1거절된청구항/1020220033925_공개공보.pdf,1020220033925_공개공보.pdf,pdf,심사관,,1020220033925_공개공보,https://drive.google.com/file/d/10fiaJClwPOST5bDZo2VekObTWSU3-s0A/view
1L6WT62mMxoNTNfZiM5RZHMwO-uz_tFDz,심사관/1거절된청구항/1020220033925_공개공보.txt,1020220033925_공개공보.txt,txt,심사관,,1020220033925_공개공보,https://drive.google.com/file/d/1L6WT62mMxoNTNfZiM5RZHMwO-uz_tFDz/view
1Oe8m76-pGSfobtxPLL9LLly-1_M0WA9X,심사관/1거절된청구항/1020220033925_공개공보_cleaned.txt,1020220033925_공개공보_cleaned.txt,txt,심사관,,1020220033925_공개공보_cleaned,https://drive.google.com/file/d/1Oe8m76-pGSfobtxPLL9LLly-1_M0WA9X/view
1VsLNqITtZitWcIm6vIeCtm_0TClWQzGF,심사관/1거절된청구항/1020220057805_공개공보.pdf,1020220057805_공개공보.pdf,pdf,심사관,,1020220057805_공개공보,https://drive.google.com/file/d/1VsLNqITtZitWcIm6vIeCtm_0TClWQzGF/view
1R0rOsiyOPPlr05iSjWdO5WZOE_s32631,심사관/1거절된청구항/1020220057805_공개공보.txt,1020220057805_공개공보.txt,txt,심사관,,1020220057805_공개공보,https://drive.google.com/file/d/1R0rOsiyOPPlr05iSjWdO5WZOE_s32631/view
1eAvwnwUSLrXDGyAAF5Ap3KME2SK3nGyt,심사관/1거절된청구항/1020220057805_공개공보_cleaned.txt,1020220057805_공개공보_cleaned.txt,txt,심사관,,1020220057805_공개공보_cleaned,https://drive.google.com/file/d/1eAvwnwUSLrXDGyAAF5Ap3KME2SK3nGyt/view
1QqcFBqoxqjc79BhrLKVEkxYF6T3hlYby,심사관/1거절된청구항/1020220072515_공개공보.pdf,1020220072515_공개공보.pdf,pdf,심사관,,1020220072515_공개공보,https://drive.google.com/file/d/1QqcFBqoxqjc79BhrLKVEkxYF6T3hlYby/view
1sfTvavYcm9srXr3f6dyowYf7nYeTVAgp,심사관/1거절된청구항/1020220072515_공개공보.txt,1020220072515_공개공보.txt,txt,심사관,,1020220072515_공개공보,https://drive.google.com/file/d/1sfTvavYcm9srXr3f6dyowYf7nYeTVAgp/view
1_IXrUuAuMm4Go70D7BbnQ6bOw-15vBxe,심사관/1거절된청구항/1020220072515_공개공보_cleaned.txt,1020220072515_공개공보_cleaned.txt,txt,심사관,,1020220072515_공개공보_cleaned,https://drive.google.com/file/d/1_IXrUuAuMm4Go70D7BbnQ6bOw-15vBxe/view
1u04A1IuIRM_Mxv_WNw_e9_zQjgjS5n9K,심사관/1거절된청구항/1020220084314_공개공보.pdf,1020220084314_공개공보.pdf,pdf,심사관,,1020220084314_공개공보,https://drive.google.com/file/d/1u04A1IuIRM_Mxv_WNw_e9_zQjgjS5n9K/view
1wT1i_Ysvd9kBtmzBmjA5i3AqNed6vPWO,심사관/1거절된청구항/1020220084314_공개공보.txt,1020220084314_공개공보.txt,txt,심사관,,1020220084314_공개공보,https://drive.google.com/file/d/1wT1i_Ysvd9kBtmzBmjA5i3AqNed6vPWO/view
1csCbBWgpYrVX_t3x2sIUzlcxDSHmxiId,심사관/1거절된청구항/1020220084314_공개공보_cleaned.txt,1020220084314_공개공보_cleaned.txt,txt,심사관,,1020220084314_공개공보_cleaned,https://drive.google.com/file/d/1csCbBWgpYrVX_t3x2sIUzlcxDSHmxiId/view
13wDZnwpSoFJbGXdfMYCQFLk9DjG8lcfB,심사관/1거절된청구항/1020220088711_공개공보.pdf,1020220088711_공개공보.pdf,pdf,심사관,,1020220088711_공개공보,https://drive.google.com/file/d/13wDZnwpSoFJbGXdfMYCQFLk9DjG8lcfB/view
1DIeIiAPUGiZq2z1NzOL3u21AJpIiN1zX,심사관/1거절된청구항/1020220088711_공개공보.txt,1020220088711_공개공보.txt,txt,심사관,,1020220088711_공개공보,https://drive.google.com/file/d/1DIeIiAPUGiZq2z1NzOL3u21AJpIiN1zX/view
1wW-oWgoKDu_D9AfQ0xxFPnbf06t-vYRy,심사관/1거절된청구항/1020220088711_공개공보_cleaned.txt,1020220088711_공개공보_cleaned.txt,txt,심사관,,1020220088711_공개공보_cleaned,https://drive.google.com/file/d/1wW-oWgoKDu_D9AfQ0xxFPnbf06t-vYRy/view
1uJ9qqDvy86CYiYCVgI8OA1okYyk9dIPN,심사관/1거절된청구항/1020220104033_공개공보.pdf,1020220104033_공개공보.pdf,pdf,심사관,,1020220104033_공개공보,https://drive.google.com/file/d/1uJ9qqDvy86CYiYCVgI8OA1okYyk9dIPN/view
1WTOBPlVA7gBEaNtzLGthFV_HG-X9fik-,심사관/1거절된청구항/1020220104033_공개공보.txt,1020220104033_공개공보.txt,txt,심사관,,1020220104033_공개공보,https://drive.google.com/file/d/1WTOBPlVA7gBEaNtzLGthFV_HG-X9fik-/view
1JtqyFHPcA8UOwiztQA74_-UXSnvi-KCn,심사관/1거절된청구항/1020220104033_공개공보_cleaned.txt,1020220104033_공개공보_cleaned.txt,txt,심사관,,1020220104033_공개공보_cleaned,https://drive.google.com/file/d/1JtqyFHPcA8UOwiztQA74_-UXSnvi-KCn/view
1fzpjRTT5-5SIzpxRui6UHIJzeZaA9jG6,심사관/1거절된청구항/1020220126844_공개공보.pdf,1020220126844_공개공보.pdf,pdf,심사관,,1020220126844_공개공보,https://drive.google.com/file/d/1fzpjRTT5-5SIzpxRui6UHIJzeZaA9jG6/view
1vXjmHYXPGN2iM3-sKndZlmVJpMjH1ok0,심사관/1거절된청구항/1020220126844_공개공보.txt,1020220126844_공개공보.txt,txt,심사관,,1020220126844_공개공보,https://drive.google.com/file/d/1vXjmHYXPGN2iM3-sKndZlmVJpMjH1ok0/view
1JR5R8SiFhN-lq65KplmtRfZ4FZK0fzpf,심사관/1거절된청구항/1020220126844_공개공보_cleaned.txt,1020220126844_공개공보_cleaned.txt,txt,심사관,,1020220126844_공개공보_cleaned,https://drive.google.com/file/d/1JR5R8SiFhN-lq65KplmtRfZ4FZK0fzpf/view
1vermRNwXpKzuKKsXqvR7qhPzJZ2qfcJq,심사관/1거절된청구항/1020220140197_공개공보.pdf,1020220140197_공개공보.pdf,pdf,심사관,,1020220140197_공개공보,https://drive.google.com/file/d/1vermRNwXpKzuKKsXqvR7qhPzJZ2qfcJq/view
1gfR8R-2zjW5ok1wjrnlv2ODT49IffqLt,심사관/1거절된청구항/1020220140197_공개공보.txt,1020220140197_공개공보.txt,txt,심사관,,1020220140197_공개공보,https://drive.google.com/file/d/1gfR8R-2zjW5ok1wjrnlv2ODT49IffqLt/view
1Qlhvn1a9LdUdP9QJ-TKqJPBXOBLNloup,심사관/1거절된청구항/1020220140197_공개공보_cleaned.txt,1020220140197_공개공보_cleaned.txt,txt,심사관,,1020220140197_공개공보_cleaned,https://drive.google.com/file/d/1Qlhvn1a9LdUdP9QJ-TKqJPBXOBLNloup/view
1zgFNjUBbX57NdAH1s_OZpj8ZHG_iulBF,심사관/1거절된청구항/1020220148408_공개공보.pdf,1020220148408_공개공보.pdf,pdf,심사관,,1020220148408_공개공보,https://drive.google.com/file/d/1zgFNjUBbX57NdAH1s_OZpj8ZHG_iulBF/view
1KBuJZjS0jUv-20EY24sXEvHoaQmm8-K3,심사관/1거절된청구항/1020220148408_공개공보.txt,1020220148408_공개공보.txt,txt,심사관,,1020220148408_공개공보,https://drive.google.com/file/d/1KBuJZjS0jUv-20EY24sXEvHoaQmm8-K3/view
1ywmHMuYGJxt4VaX6Vyi5sNjgx4QohG_V,심사관/1거절된청구항/1020220148408_공개공보_cleaned.txt,1020220148408_공개공보_cleaned.txt,txt,심사관,,1020220148408_공개공보_cleaned,https://drive.google.com/file/d/1ywmHMuYGJxt4VaX6Vyi5sNjgx4QohG_V/view
1nJuq2QGROTYrVG-g_hJBvHew9TJO4HFY,심사관/1거절된청구항/1020227000401_공개공보.pdf,1020227000401_공개공보.pdf,pdf,심사관,,1020227000401_공개공보,https://drive.google.com/file/d/1nJuq2QGROTYrVG-g_hJBvHew9TJO4HFY/view
1XMbhXj152UEgJJfEC-z2TgIkJFQzz2aP,심사관/1거절된청구항/1020227000401_공개공보.txt,1020227000401_공개공보.txt,txt,심사관,,1020227000401_공개공보,https://drive.google.com/file/d/1XMbhXj152UEgJJfEC-z2TgIkJFQzz2aP/view
180FRsP8Xs6sslfRrEy4QSs2fBnznDkun,심사관/1거절된청구항/1020227000401_공개공보_cleaned.txt,1020227000401_공개공보_cleaned.txt,txt,심사관,,1020227000401_공개공보_cleaned,https://drive.google.com/file/d/180FRsP8Xs6sslfRrEy4QSs2fBnznDkun/view
1U-jUbnvNj25QyAyui9cfSkwuWlw4ifU0,심사관/1거절된청구항/1020227008374_공개공보.pdf,1020227008374_공개공보.pdf,pdf,심사관,,1020227008374_공개공보,https://drive.google.com/file/d/1U-jUbnvNj25QyAyui9cfSkwuWlw4ifU0/view
1ans5hYq6JFBn58SY6xw0sJDa2dzYeMAm,심사관/1거절된청구항/1020227008374_공개공보.txt,1020227008374_공개공보.txt,txt,심사관,,1020227008374_공개공보,https://drive.google.com/file/d/1ans5hYq6JFBn58SY6xw0sJDa2dzYeMAm/view
1bg-_3Y4dsPx4937EYnw_cHjnnLJwK9lY,심사관/1거절된청구항/1020227008374_공개공보_cleaned.txt,1020227008374_공개공보_cleaned.txt,txt,심사관,,1020227008374_공개공보_cleaned,https://drive.google.com/file/d/1bg-_3Y4dsPx4937EYnw_cHjnnLJwK9lY/view
1KvnNlU0eEfbgMjxylZdjdpKaXwO96L6M,심사관/1거절된청구항/1020227008703_공개공보.pdf,1020227008703_공개공보.pdf,pdf,심사관,,1020227008703_공개공보,https://drive.google.com/file/d/1KvnNlU0eEfbgMjxylZdjdpKaXwO96L6M/view
1FT7brlmoiXlFtV6YsIS8j7Lccn0_EKN1,심사관/1거절된청구항/1020227008703_공개공보.txt,1020227008703_공개공보.txt,txt,심사관,,1020227008703_공개공보,https://drive.google.com/file/d/1FT7brlmoiXlFtV6YsIS8j7Lccn0_EKN1/view
1aJNftPtrl1cPF18KdSfsJWmr6YpEb1Fm,심사관/1거절된청구항/1020227008703_공개공보_cleaned.txt,1020227008703_공개공보_cleaned.txt,txt,심사관,,1020227008703_공개공보_cleaned,https://drive.google.com/file/d/1aJNftPtrl1cPF18KdSfsJWmr6YpEb1Fm/view
1VfIlnUE-9H3d__6AT6-733oHRII2cySQ,심사관/1거절된청구항/1020227009135_공개공보.pdf,1020227009135_공개공보.pdf,pdf,심사관,,1020227009135_공개공보,https://drive.google.com/file/d/1VfIlnUE-9H3d__6AT6-733oHRII2cySQ/view
1ZKf8vVD23PUDTU0U6fKOgBkAqNBHlVBp,심사관/1거절된청구항/1020227009135_공개공보.txt,1020227009135_공개공보.txt,txt,심사관,,1020227009135_공개공보,https://drive.google.com/file/d/1ZKf8vVD23PUDTU0U6fKOgBkAqNBHlVBp/view
1761ebAvEGcaqHPhbtj4muBLjEzKQBlyj,심사관/1거절된청구항/1020227009135_공개공보_cleaned.txt,1020227009135_공개공보_cleaned.txt,txt,심사관,,1020227009135_공개공보_cleaned,https://drive.google.com/file/d/1761ebAvEGcaqHPhbtj4muBLjEzKQBlyj/view
1dKTvmhrB75mamC_08TkytidAMkAz1Ecb,심사관/1거절된청구항/1020227009490_공개공보.pdf,1020227009490_공개공보.pdf,pdf,심사관,,1020227009490_공개공보,https://drive.google.com/file/d/1dKTvmhrB75mamC_08TkytidAMkAz1Ecb/view
1ixk35ug-xAaMYWa6ZVdogUxaBrki7vvh,심사관/1거절된청구항/1020227009490_공개공보.txt,1020227009490_공개공보.txt,txt,심사관,,1020227009490_공개공보,https://drive.google.com/file/d/1ixk35ug-xAaMYWa6ZVdogUxaBrki7vvh/view
1xMbogfy2_kmm9uIwZwjUB6hPnJ7c2xq0,심사관/1거절된청구항/1020227009490_공개공보_cleaned.txt,1020227009490_공개공보_cleaned.txt,txt,심사관,,1020227009490_공개공보_cleaned,https://drive.google.com/file/d/1xMbogfy2_kmm9uIwZwjUB6hPnJ7c2xq0/view
1dFKwWeqRs1yrFWXF-R2zyTEMl46l_CLk,심사관/1거절된청구항/1020227009700_공개공보.pdf,1020227009700_공개공보.pdf,pdf,심사관,,1020227009700_공개공보,https://drive.google.com/file/d/1dFKwWeqRs1yrFWXF-R2zyTEMl46l_CLk/view
1KxmSmGX9uxv42EKEzmO51mYQsog2Ou-b,심사관/1거절된청구항/1020227009700_공개공보.txt,1020227009700_공개공보.txt,txt,심사관,,1020227009700_공개공보,https://drive.google.com/file/d/1KxmSmGX9uxv42EKEzmO51mYQsog2Ou-b/view
1BV8Pd7bX5gi2vqtiXbd4FHdzEx9umy8E,심사관/1거절된청구항/1020227009700_공개공보_cleaned.txt,1020227009700_공개공보_cleaned.txt,txt,심사관,,1020227009700_공개공보_cleaned,https://drive.google.com/file/d/1BV8Pd7bX5gi2vqtiXbd4FHdzEx9umy8E/view
1HRRzDX4Y0ImRul7UvX8yb52ujg8BRIav,심사관/1거절된청구항/1020227009936_공개공보.pdf,1020227009936_공개공보.pdf,pdf,심사관,,1020227009936_공개공보,https://drive.google.com/file/d/1HRRzDX4Y0ImRul7UvX8yb52ujg8BRIav/view
1r74puFcC8qsmh_IHK6F5SsKWy2qM7x6I,심사관/1거절된청구항/1020227009936_공개공보.txt,1020227009936_공개공보.txt,txt,심사관,,1020227009936_공개공보,https://drive.google.com/file/d/1r74puFcC8qsmh_IHK6F5SsKWy2qM7x6I/view
1QfYqem7GlnZ9EVD605OEm7Zft1IaXmv2,심사관/1거절된청구항/1020227009936_공개공보_cleaned.txt,1020227009936_공개공보_cleaned.txt,txt,심사관,,1020227009936_공개공보_cleaned,https://drive.google.com/file/d/1QfYqem7GlnZ9EVD605OEm7Zft1IaXmv2/view
1h8UYkVlMe9y_VvaI_IJLCEcoAjoSg5R4,심사관/1거절된청구항/1020227010826_공개공보.pdf,1020227010826_공개공보.pdf,pdf,심사관,,1020227010826_공개공보,https://drive.google.com/file/d/1h8UYkVlMe9y_VvaI_IJLCEcoAjoSg5R4/view
19A6vZUC6eRKQqd1o7U9IYBojpGk7H5pr,심사관/1거절된청구항/1020227010826_공개공보.txt,1020227010826_공개공보.txt,txt,심사관,,1020227010826_공개공보,https://drive.google.com/file/d/19A6vZUC6eRKQqd1o7U9IYBojpGk7H5pr/view
1BbQZcKtSDx-MPwEgOfA3TX3ZZGShbMYX,심사관/1거절된청구항/1020227010826_공개공보_cleaned.txt,1020227010826_공개공보_cleaned.txt,txt,심사관,,1020227010826_공개공보_cleaned,https://drive.google.com/file/d/1BbQZcKtSDx-MPwEgOfA3TX3ZZGShbMYX/view
1kM9Gu_2XARmnBM06DkWZxHUYu3k3TQe1,심사관/1거절된청구항/1020227015590_공개공보.pdf,1020227015590_공개공보.pdf,pdf,심사관,,1020227015590_공개공보,https://drive.google.com/file/d/1kM9Gu_2XARmnBM06DkWZxHUYu3k3TQe1/view
12faJVUXUbryUuZD-3FvZOlpmGU1f_DRB,심사관/1거절된청구항/1020227015590_공개공보.txt,1020227015590_공개공보.txt,txt,심사관,,1020227015590_공개공보,https://drive.google.com/file/d/12faJVUXUbryUuZD-3FvZOlpmGU1f_DRB/view
1Hd6a68QD9-pPSih9IF4MNGdEeN9HXByo,심사관/1거절된청구항/1020227015590_공개공보_cleaned.txt,1020227015590_공개공보_cleaned.txt,txt,심사관,,1020227015590_공개공보_cleaned,https://drive.google.com/file/d/1Hd6a68QD9-pPSih9IF4MNGdEeN9HXByo/view
1aq_Hsx-W4vqUOoLn5-oYpWeqLtmympIj,심사관/1거절된청구항/1020227015892_공개공보.pdf,1020227015892_공개공보.pdf,pdf,심사관,,1020227015892_공개공보,https://drive.google.com/file/d/1aq_Hsx-W4vqUOoLn5-oYpWeqLtmympIj/view
1CZjMxA0oTfW7WcafrYyhphdZ4o69OOCb,심사관/1거절된청구항/1020227015892_공개공보.txt,1020227015892_공개공보.txt,txt,심사관,,1020227015892_공개공보,https://drive.google.com/file/d/1CZjMxA0oTfW7WcafrYyhphdZ4o69OOCb/view
1fh4r4ufoJVLH11qV3vLNhL5c_OPFsbNj,심사관/1거절된청구항/1020227015892_공개공보_cleaned.txt,1020227015892_공개공보_cleaned.txt,txt,심사관,,1020227015892_공개공보_cleaned,https://drive.google.com/file/d/1fh4r4ufoJVLH11qV3vLNhL5c_OPFsbNj/view
1HZHzGG59Cn3fsHHaZFMsNOfcQvpE0fYV,심사관/1거절된청구항/1020227017608_공개공보.pdf,1020227017608_공개공보.pdf,pdf,심사관,,1020227017608_공개공보,https://drive.google.com/file/d/1HZHzGG59Cn3fsHHaZFMsNOfcQvpE0fYV/view
1-cr9YUq8SDAjaQiZ1D07kbpP-70pLGfR,심사관/1거절된청구항/1020227017608_공개공보.txt,1020227017608_공개공보.txt,txt,심사관,,1020227017608_공개공보,https://drive.google.com/file/d/1-cr9YUq8SDAjaQiZ1D07kbpP-70pLGfR/view
1E_6BABNyTEepbHPa_f8QBEH2Pdnsect6,심사관/1거절된청구항/1020227017608_공개공보_cleaned.txt,1020227017608_공개공보_cleaned.txt,txt,심사관,,1020227017608_공개공보_cleaned,https://drive.google.com/file/d/1E_6BABNyTEepbHPa_f8QBEH2Pdnsect6/view
1i9W0kJsDxo28S1fhE_OB5NaP5xO_j96-,심사관/1거절된청구항/1020227026698_공개공보.pdf,1020227026698_공개공보.pdf,pdf,심사관,,1020227026698_공개공보,https://drive.google.com/file/d/1i9W0kJsDxo28S1fhE_OB5NaP5xO_j96-/view
1mcH-WMLzuchBamq7Km5owseW66hizCoS,심사관/1거절된청구항/1020227026698_공개공보.txt,1020227026698_공개공보.txt,txt,심사관,,1020227026698_공개공보,https://drive.google.com/file/d/1mcH-WMLzuchBamq7Km5owseW66hizCoS/view
1F9lo6GoSHDS8RSu7PswSWUQFPCGGxa6n,심사관/1거절된청구항/1020227026698_공개공보_cleaned.txt,1020227026698_공개공보_cleaned.txt,txt,심사관,,1020227026698_공개공보_cleaned,https://drive.google.com/file/d/1F9lo6GoSHDS8RSu7PswSWUQFPCGGxa6n/view
14ZbtYC6ZnoCLJ654yyvBDqZO5I44gOB1,심사관/1거절된청구항/1020227027088_공개공보.pdf,1020227027088_공개공보.pdf,pdf,심사관,,1020227027088_공개공보,https://drive.google.com/file/d/14ZbtYC6ZnoCLJ654yyvBDqZO5I44gOB1/view
1C6k0nmxC7bNvNCSYxGeSf0lZxcI-eVeZ,심사관/1거절된청구항/1020227027088_공개공보.txt,1020227027088_공개공보.txt,txt,심사관,,1020227027088_공개공보,https://drive.google.com/file/d/1C6k0nmxC7bNvNCSYxGeSf0lZxcI-eVeZ/view
1uT974W4HXcCpt97ZUnUmT9kx_EhvTzM2,심사관/1거절된청구항/1020227027088_공개공보_cleaned.txt,1020227027088_공개공보_cleaned.txt,txt,심사관,,1020227027088_공개공보_cleaned,https://drive.google.com/file/d/1uT974W4HXcCpt97ZUnUmT9kx_EhvTzM2/view
1kElfPoFWtKdXXep1JWTameFNTGRy9nCq,심사관/1거절된청구항/1020230024571_공개공보.pdf,1020230024571_공개공보.pdf,pdf,심사관,,1020230024571_공개공보,https://drive.google.com/file/d/1kElfPoFWtKdXXep1JWTameFNTGRy9nCq/view
1nvY_J5Gj5qGQf2sPlf_mtXVZZMVWbBsJ,심사관/1거절된청구항/1020230024571_공개공보.txt,1020230024571_공개공보.txt,txt,심사관,,1020230024571_공개공보,https://drive.google.com/file/d/1nvY_J5Gj5qGQf2sPlf_mtXVZZMVWbBsJ/view
1OG9nZpAHC-N8UThJ6pnSeH7dtI2u4wtB,심사관/1거절된청구항/1020230024571_공개공보_cleaned.txt,1020230024571_공개공보_cleaned.txt,txt,심사관,,1020230024571_공개공보_cleaned,https://drive.google.com/file/d/1OG9nZpAHC-N8UThJ6pnSeH7dtI2u4wtB/view
1VpViwrebUmc0HXv6HeYSU9BCWHiqTDLn,심사관/1거절된청구항/1020230025066_공개공보.pdf,1020230025066_공개공보.pdf,pdf,심사관,,1020230025066_공개공보,https://drive.google.com/file/d/1VpViwrebUmc0HXv6HeYSU9BCWHiqTDLn/view
1m35aQ_i3eS9Jpx6OKLjz08vCOc5Bc9-a,심사관/1거절된청구항/1020230025066_공개공보.txt,1020230025066_공개공보.txt,txt,심사관,,1020230025066_공개공보,https://drive.google.com/file/d/1m35aQ_i3eS9Jpx6OKLjz08vCOc5Bc9-a/view
18GtT3aoc9qFTkGf4-lTtgG6iSQOL5zBD,심사관/1거절된청구항/1020230025066_공개공보_cleaned.txt,1020230025066_공개공보_cleaned.txt,txt,심사관,,1020230025066_공개공보_cleaned,https://drive.google.com/file/d/18GtT3aoc9qFTkGf4-lTtgG6iSQOL5zBD/view
1JusG17VN9xSHK2XLQEo-16726WbMsxGC,심사관/1거절된청구항/1020230033546_공개공보.pdf,1020230033546_공개공보.pdf,pdf,심사관,,1020230033546_공개공보,https://drive.google.com/file/d/1JusG17VN9xSHK2XLQEo-16726WbMsxGC/view
19QhEcx9f2dxZ8I3Lg9FKOu55kSx55CFc,심사관/1거절된청구항/1020230033546_공개공보.txt,1020230033546_공개공보.txt,txt,심사관,,1020230033546_공개공보,https://drive.google.com/file/d/19QhEcx9f2dxZ8I3Lg9FKOu55kSx55CFc/view
1vWsT27q-CoR0_jRrzakeoy6IVtYqLupn,심사관/1거절된청구항/1020230033546_공개공보_cleaned.txt,1020230033546_공개공보_cleaned.txt,txt,심사관,,1020230033546_공개공보_cleaned,https://drive.google.com/file/d/1vWsT27q-CoR0_jRrzakeoy6IVtYqLupn/view
1UKT1n4XjQpBB97E2qD50-z4-3b64xmZ7,심사관/1거절된청구항/1020230061000_공개공보.pdf,1020230061000_공개공보.pdf,pdf,심사관,,1020230061000_공개공보,https://drive.google.com/file/d/1UKT1n4XjQpBB97E2qD50-z4-3b64xmZ7/view
1rCaJY9oNSR5RrmOAOYzhtbMSTY0O_Sj7,심사관/1거절된청구항/1020230061000_공개공보.txt,1020230061000_공개공보.txt,txt,심사관,,1020230061000_공개공보,https://drive.google.com/file/d/1rCaJY9oNSR5RrmOAOYzhtbMSTY0O_Sj7/view
1hle_31muK-Cpz92LrFo7ilDAkK4E5G6a,심사관/1거절된청구항/1020230061000_공개공보_cleaned.txt,1020230061000_공개공보_cleaned.txt,txt,심사관,,1020230061000_공개공보_cleaned,https://drive.google.com/file/d/1hle_31muK-Cpz92LrFo7ilDAkK4E5G6a/view
1PCT85Q5AEPdSPfNrQcvBSFhxUDDfIs8R,심사관/1거절된청구항/1020230078104_공개공보.pdf,1020230078104_공개공보.pdf,pdf,심사관,,1020230078104_공개공보,https://drive.google.com/file/d/1PCT85Q5AEPdSPfNrQcvBSFhxUDDfIs8R/view
1hSRTE-WnB6CDkUAwpNinlx54gyPcJ8FT,심사관/1거절된청구항/1020230078104_공개공보.txt,1020230078104_공개공보.txt,txt,심사관,,1020230078104_공개공보,https://drive.google.com/file/d/1hSRTE-WnB6CDkUAwpNinlx54gyPcJ8FT/view
1v9FcJSxpnFMLrI1VaM2Ai2ik_uK67Map,심사관/1거절된청구항/1020230078104_공개공보_cleaned.txt,1020230078104_공개공보_cleaned.txt,txt,심사관,,1020230078104_공개공보_cleaned,https://drive.google.com/file/d/1v9FcJSxpnFMLrI1VaM2Ai2ik_uK67Map/view
1xseBYEGIU3j8r6FMckXp-zQ9fFy09ttY,심사관/1거절된청구항/1020230134631_공개공보.pdf,1020230134631_공개공보.pdf,pdf,심사관,,1020230134631_공개공보,https://drive.google.com/file/d/1xseBYEGIU3j8r6FMckXp-zQ9fFy09ttY/view
1PG5GUsP6nHqUDqSxqbrECGK70pvXqHhy,심사관/1거절된청구항/1020230134631_공개공보.txt,1020230134631_공개공보.txt,txt,심사관,,1020230134631_공개공보,https://drive.google.com/file/d/1PG5GUsP6nHqUDqSxqbrECGK70pvXqHhy/view
1td1UUc-jqz27vjoLlXqLOB3hBbLosI1C,심사관/1거절된청구항/1020230134631_공개공보_cleaned.txt,1020230134631_공개공보_cleaned.txt,txt,심사관,,1020230134631_공개공보_cleaned,https://drive.google.com/file/d/1td1UUc-jqz27vjoLlXqLOB3hBbLosI1C/view
1W32E-erpv3twrKi-FR_qrCrHPFlKWARG,심사관/1거절된청구항/1020230142119_공개공보.pdf,1020230142119_공개공보.pdf,pdf,심사관,,1020230142119_공개공보,https://drive.google.com/file/d/1W32E-erpv3twrKi-FR_qrCrHPFlKWARG/view
1MGnCkhLkXm7jF6C3_PKyVBCMZBmXEAzp,심사관/1거절된청구항/1020230142119_공개공보.txt,1020230142119_공개공보.txt,txt,심사관,,1020230142119_공개공보,https://drive.google.com/file/d/1MGnCkhLkXm7jF6C3_PKyVBCMZBmXEAzp/view
1vOxAmE3srGQtlqXaQ0Xy8obdHhDjgYzD,심사관/1거절된청구항/1020230142119_공개공보_cleaned.txt,1020230142119_공개공보_cleaned.txt,txt,심사관,,1020230142119_공개공보_cleaned,https://drive.google.com/file/d/1vOxAmE3srGQtlqXaQ0Xy8obdHhDjgYzD/view
11JOYrdebugHyjxjFxRSI0hSjp1xf_wvz,심사관/1거절된청구항/1020237000315_공개공보.pdf,1020237000315_공개공보.pdf,pdf,심사관,,1020237000315_공개공보,https://drive.google.com/file/d/11JOYrdebugHyjxjFxRSI0hSjp1xf_wvz/view
1GbIqZlztd7TDPkUMlGlA06_QPCKERPmL,심사관/1거절된청구항/1020237000315_공개공보.txt,1020237000315_공개공보.txt,txt,심사관,,1020237000315_공개공보,https://drive.google.com/file/d/1GbIqZlztd7TDPkUMlGlA06_QPCKERPmL/view
17jpv4emVtVpHmpC9fCjOg0Z2gDy89f94,심사관/1거절된청구항/1020237000315_공개공보_cleaned.txt,1020237000315_공개공보_cleaned.txt,txt,심사관,,1020237000315_공개공보_cleaned,https://drive.google.com/file/d/17jpv4emVtVpHmpC9fCjOg0Z2gDy89f94/view
1b2YJiCm-xvI3UwYlr0HDIc9wCw9xNWK_,심사관/1거절된청구항/1020237015600_공개공보.pdf,1020237015600_공개공보.pdf,pdf,심사관,,1020237015600_공개공보,https://drive.google.com/file/d/1b2YJiCm-xvI3UwYlr0HDIc9wCw9xNWK_/view
1IoijBkKUdpIFFHGFfqMh2E2JNdQnT7HZ,심사관/1거절된청구항/1020237015600_공개공보.txt,1020237015600_공개공보.txt,txt,심사관,,1020237015600_공개공보,https://drive.google.com/file/d/1IoijBkKUdpIFFHGFfqMh2E2JNdQnT7HZ/view
1evgtyp3YiTuoIc_KkISviYScxYDpJ6na,심사관/1거절된청구항/1020237015600_공개공보_cleaned.txt,1020237015600_공개공보_cleaned.txt,txt,심사관,,1020237015600_공개공보_cleaned,https://drive.google.com/file/d/1evgtyp3YiTuoIc_KkISviYScxYDpJ6na/view
1szari3jjyjY_L5EerMaE1duD3e7yxHqe,심사관/1거절된청구항/1020240058416_공개공보.pdf,1020240058416_공개공보.pdf,pdf,심사관,,1020240058416_공개공보,https://drive.google.com/file/d/1szari3jjyjY_L5EerMaE1duD3e7yxHqe/view
1t0O6MGGKdo5J3SpwIsGA1BGBCmrwJU15,심사관/1거절된청구항/1020240058416_공개공보.txt,1020240058416_공개공보.txt,txt,심사관,,1020240058416_공개공보,https://drive.google.com/file/d/1t0O6MGGKdo5J3SpwIsGA1BGBCmrwJU15/view
1ewcXb7LVOgjbJ4vc57XPfHtsQcvtV2ma,심사관/1거절된청구항/1020240058416_공개공보_cleaned.txt,1020240058416_공개공보_cleaned.txt,txt,심사관,,1020240058416_공개공보_cleaned,https://drive.google.com/file/d/1ewcXb7LVOgjbJ4vc57XPfHtsQcvtV2ma/view
1PAVLk3lLxwXN5qlGyo8Cuv2aGyidMdKA,심사관/1거절된청구항/1020240138555_공개공보.pdf,1020240138555_공개공보.pdf,pdf,심사관,,1020240138555_공개공보,https://drive.google.com/file/d/1PAVLk3lLxwXN5qlGyo8Cuv2aGyidMdKA/view
1tpiWoMvN7d00Wm0nw4cYTva-SZ_v1iNC,심사관/1거절된청구항/1020240138555_공개공보.txt,1020240138555_공개공보.txt,txt,심사관,,1020240138555_공개공보,https://drive.google.com/file/d/1tpiWoMvN7d00Wm0nw4cYTva-SZ_v1iNC/view
1F7NmuLL8CisqKvGOHDMJ4YjFIop9Ayqv,심사관/1거절된청구항/1020240138555_공개공보_cleaned.txt,1020240138555_공개공보_cleaned.txt,txt,심사관,,1020240138555_공개공보_cleaned,https://drive.google.com/file/d/1F7NmuLL8CisqKvGOHDMJ4YjFIop9Ayqv/view
1pVaUZ3xUPur8sPNRDwnsZswQHKud_aMd,심사관/1거절된청구항/1020247011628_공개공보.pdf,1020247011628_공개공보.pdf,pdf,심사관,,1020247011628_공개공보,https://drive.google.com/file/d/1pVaUZ3xUPur8sPNRDwnsZswQHKud_aMd/view
17ugKOOw1gTOeyFh5qS_CSIqFnRB7P-kc,심사관/1거절된청구항/1020247011628_공개공보.txt,1020247011628_공개공보.txt,txt,심사관,,1020247011628_공개공보,https://drive.google.com/file/d/17ugKOOw1gTOeyFh5qS_CSIqFnRB7P-kc/view
10BizRVidzMDHYxCi968j3eNjPIxXExE3,심사관/1거절된청구항/1020247011628_공개공보_cleaned.txt,1020247011628_공개공보_cleaned.txt,txt,심사관,,1020247011628_공개공보_cleaned,https://drive.google.com/file/d/10BizRVidzMDHYxCi968j3eNjPIxXExE3/view
1Lx7v-ij41-4WJsF_-Tw02qT267ps4ftE,심사관/1거절된청구항/1020247023307_공개공보.pdf,1020247023307_공개공보.pdf,pdf,심사관,,1020247023307_공개공보,https://drive.google.com/file/d/1Lx7v-ij41-4WJsF_-Tw02qT267ps4ftE/view
12B-IzNBkAThm9o4UdRYojELnfFeRm1eM,심사관/1거절된청구항/1020247023307_공개공보.txt,1020247023307_공개공보.txt,txt,심사관,,1020247023307_공개공보,https://drive.google.com/file/d/12B-IzNBkAThm9o4UdRYojELnfFeRm1eM/view
1nmRZZMpvTSM1liRkK7EE_Z04N8K39WAQ,심사관/1거절된청구항/1020247023307_공개공보_cleaned.txt,1020247023307_공개공보_cleaned.txt,txt,심사관,,1020247023307_공개공보_cleaned,https://drive.google.com/file/d/1nmRZZMpvTSM1liRkK7EE_Z04N8K39WAQ/view
1Nt9tLvY8vmikFPbIyGSk_Xxfo1JsYx0m,심사관/1거절된청구항/1020247023700_공개공보.pdf,1020247023700_공개공보.pdf,pdf,심사관,,1020247023700_공개공보,https://drive.google.com/file/d/1Nt9tLvY8vmikFPbIyGSk_Xxfo1JsYx0m/view
180qqfpr25QlaM2q7hcymCx6pUViinYce,심사관/1거절된청구항/1020247023700_공개공보.txt,1020247023700_공개공보.txt,txt,심사관,,1020247023700_공개공보,https://drive.google.com/file/d/180qqfpr25QlaM2q7hcymCx6pUViinYce/view
1a2UnkMPPzRZILydGCSq0ChgOfQFI-dIk,심사관/1거절된청구항/1020247023700_공개공보_cleaned.txt,1020247023700_공개공보_cleaned.txt,txt,심사관,,1020247023700_공개공보_cleaned,https://drive.google.com/file/d/1a2UnkMPPzRZILydGCSq0ChgOfQFI-dIk/view
1kIqsbpdaB6A-72eAHA7wGfZVoMHMdSXy,심사관/1거절된청구항/1020257019800_공개공보.pdf,1020257019800_공개공보.pdf,pdf,심사관,,1020257019800_공개공보,https://drive.google.com/file/d/1kIqsbpdaB6A-72eAHA7wGfZVoMHMdSXy/view
1t6HtvSPox5iuM99aBiMia95WlpiKA5c6,심사관/1거절된청구항/1020257019800_공개공보.txt,1020257019800_공개공보.txt,txt,심사관,,1020257019800_공개공보,https://drive.google.com/file/d/1t6HtvSPox5iuM99aBiMia95WlpiKA5c6/view
1pbx_M3da3hQdHXFIHQQQY_6EOwTSdwb9,심사관/1거절된청구항/1020257019800_공개공보_cleaned.txt,1020257019800_공개공보_cleaned.txt,txt,심사관,,1020257019800_공개공보_cleaned,https://drive.google.com/file/d/1pbx_M3da3hQdHXFIHQQQY_6EOwTSdwb9/view
10eD8qD_KJiXBjsvh4pZQYuHpyaBYnXMz,심사관/2의견제출통지서/1020170003348.pdf,1020170003348.pdf,pdf,심사관,,1020170003348,https://drive.google.com/file/d/10eD8qD_KJiXBjsvh4pZQYuHpyaBYnXMz/view
1NIPR182hevmm88jz7NlubC19DDjRDL8m,심사관/2의견제출통지서/1020170003348.txt,1020170003348.txt,txt,심사관,,1020170003348,https://drive.google.com/file/d/1NIPR182hevmm88jz7NlubC19DDjRDL8m/view
1ziH3qdX5dEzenk10TljC-UJRAV4yHpEu,심사관/2의견제출통지서/1020170003348_cleaned.txt,1020170003348_cleaned.txt,txt,심사관,,1020170003348_cleaned,https://drive.google.com/file/d/1ziH3qdX5dEzenk10TljC-UJRAV4yHpEu/view
1LY3aOwrM9yv_za9itQkzDa9XHKCU0dS5,심사관/2의견제출통지서/1020170054474.pdf,1020170054474.pdf,pdf,심사관,,1020170054474,https://drive.google.com/file/d/1LY3aOwrM9yv_za9itQkzDa9XHKCU0dS5/view
1xMhX7oJ5-bFKJpRs8ECrJ0v2ey3oDt5Y,심사관/2의견제출통지서/1020170054474.txt,1020170054474.txt,txt,심사관,,1020170054474,https://drive.google.com/file/d/1xMhX7oJ5-bFKJpRs8ECrJ0v2ey3oDt5Y/view
1Kv-4fG40ahY10DZ7bIp1u8h1Q8CfOMFX,심사관/2의견제출통지서/1020170054474_cleaned.txt,1020170054474_cleaned.txt,txt,심사관,,1020170054474_cleaned,https://drive.google.com/file/d/1Kv-4fG40ahY10DZ7bIp1u8h1Q8CfOMFX/view
1ORm41Qu2xpxZIhnCjFs8jTXxZgM_88nk,심사관/2의견제출통지서/1020170083779.pdf,1020170083779.pdf,pdf,심사관,,1020170083779,https://drive.google.com/file/d/1ORm41Qu2xpxZIhnCjFs8jTXxZgM_88nk/view
1giOMJRjRg7p9Ywcu6LnqviihWHeG61_G,심사관/2의견제출통지서/1020170083779.txt,1020170083779.txt,txt,심사관,,1020170083779,https://drive.google.com/file/d/1giOMJRjRg7p9Ywcu6LnqviihWHeG61_G/view
1fPweqMN9kz7ay54hgeBwh2mtaQRQiFtF,심사관/2의견제출통지서/1020170097848.pdf,1020170097848.pdf,pdf,심사관,,1020170097848,https://drive.google.com/file/d/1fPweqMN9kz7ay54hgeBwh2mtaQRQiFtF/view
1R8NPgpTlGMmI6Dgjr7PlaTiClC-Y0ITe,심사관/2의견제출통지서/1020170097848.txt,1020170097848.txt,txt,심사관,,1020170097848,https://drive.google.com/file/d/1R8NPgpTlGMmI6Dgjr7PlaTiClC-Y0ITe/view
1pxQCzdeEFZR_rK625U8H9KdWAgkg5GW1,심사관/2의견제출통지서/1020170097848_cleaned.txt,1020170097848_cleaned.txt,txt,심사관,,1020170097848_cleaned,https://drive.google.com/file/d/1pxQCzdeEFZR_rK625U8H9KdWAgkg5GW1/view
1z3eg0fdL0g4ZasMPyuVJ8dNaQOVJvSir,심사관/2의견제출통지서/1020170122363.pdf,1020170122363.pdf,pdf,심사관,,1020170122363,https://drive.google.com/file/d/1z3eg0fdL0g4ZasMPyuVJ8dNaQOVJvSir/view
1pOoXS7_IZuWcqmWsEcXRST8-BeMNK8Ub,심사관/2의견제출통지서/1020170122363.txt,1020170122363.txt,txt,심사관,,1020170122363,https://drive.google.com/file/d/1pOoXS7_IZuWcqmWsEcXRST8-BeMNK8Ub/view
19APCXpAM7H2BGu56o8znNDPBY1dEfFxG,심사관/2의견제출통지서/1020170144234.pdf,1020170144234.pdf,pdf,심사관,,1020170144234,https://drive.google.com/file/d/19APCXpAM7H2BGu56o8znNDPBY1dEfFxG/view
1FuNc5W4KTviRXOLbRZgKwdAV1fEdAxvx,심사관/2의견제출통지서/1020170144234.txt,1020170144234.txt,txt,심사관,,1020170144234,https://drive.google.com/file/d/1FuNc5W4KTviRXOLbRZgKwdAV1fEdAxvx/view
16nYOZ7a2iZ_QL9ZcNg_4zH8QA8jLZeuC,심사관/2의견제출통지서/1020170155897.pdf,1020170155897.pdf,pdf,심사관,,1020170155897,https://drive.google.com/file/d/16nYOZ7a2iZ_QL9ZcNg_4zH8QA8jLZeuC/view
1IY2oHGXSow1NR_yy-eT5pJhKEpSjgtDM,심사관/2의견제출통지서/1020170155897.txt,1020170155897.txt,txt,심사관,,1020170155897,https://drive.google.com/file/d/1IY2oHGXSow1NR_yy-eT5pJhKEpSjgtDM/view
1yEFJAhCIq0djJikGUuEE4r0vPQVkQ81g,심사관/2의견제출통지서/1020170155897_cleaned.txt,1020170155897_cleaned.txt,txt,심사관,,1020170155897_cleaned,https://drive.google.com/file/d/1yEFJAhCIq0djJikGUuEE4r0vPQVkQ81g/view
1b6hnmvT6bgMrS795iqSb4Uf8WRf_PScL,심사관/2의견제출통지서/1020177006950.pdf,1020177006950.pdf,pdf,심사관,,1020177006950,https://drive.google.com/file/d/1b6hnmvT6bgMrS795iqSb4Uf8WRf_PScL/view
19aqRAqeN3zKmcpNItVjZsEKWzJ77JJx7,심사관/2의견제출통지서/1020177006950.txt,1020177006950.txt,txt,심사관,,1020177006950,https://drive.google.com/file/d/19aqRAqeN3zKmcpNItVjZsEKWzJ77JJx7/view
1IvUVXMH4ZXH9_1Oaa3fA4icuMJ0ptOce,심사관/2의견제출통지서/1020180025971.pdf,1020180025971.pdf,pdf,심사관,,1020180025971,https://drive.google.com/file/d/1IvUVXMH4ZXH9_1Oaa3fA4icuMJ0ptOce/view
1Kj8ijgGx2rtdC9-TdG29PZCxzOKILBxs,심사관/2의견제출통지서/1020180031088.pdf,1020180031088.pdf,pdf,심사관,,1020180031088,https://drive.google.com/file/d/1Kj8ijgGx2rtdC9-TdG29PZCxzOKILBxs/view
1keSD86Lr-yEDkhygdFL8-3heQ6cMUJUm,심사관/2의견제출통지서/1020180031088.pdf,1020180031088.pdf,pdf,심사관,,1020180031088,https://drive.google.com/file/d/1keSD86Lr-yEDkhygdFL8-3heQ6cMUJUm/view
1IIjiLyLrOkny7v31mW9C-75YWVRR-w4o,심사관/2의견제출통지서/1020180031088.txt,1020180031088.txt,txt,심사관,,1020180031088,https://drive.google.com/file/d/1IIjiLyLrOkny7v31mW9C-75YWVRR-w4o/view
10BdhJZUneFRB-OSzLApznzaNEjXOkgim,심사관/2의견제출통지서/1020180031088_cleaned.txt,1020180031088_cleaned.txt,txt,심사관,,1020180031088_cleaned,https://drive.google.com/file/d/10BdhJZUneFRB-OSzLApznzaNEjXOkgim/view
1110ug8FBR-QA8Qn4x3Qlme2Ty7ZErFaM,심사관/2의견제출통지서/1020180063015.pdf,1020180063015.pdf,pdf,심사관,,1020180063015,https://drive.google.com/file/d/1110ug8FBR-QA8Qn4x3Qlme2Ty7ZErFaM/view
1e2aqTr7vXm5y8VVB9JBkynwbFZj3Tfu_,심사관/2의견제출통지서/1020180063015.txt,1020180063015.txt,txt,심사관,,1020180063015,https://drive.google.com/file/d/1e2aqTr7vXm5y8VVB9JBkynwbFZj3Tfu_/view
1b-NMo5m-38awpshdgQHAHLHQWiFnHFUM,심사관/2의견제출통지서/1020180063015_cleaned.txt,1020180063015_cleaned.txt,txt,심사관,,1020180063015_cleaned,https://drive.google.com/file/d/1b-NMo5m-38awpshdgQHAHLHQWiFnHFUM/view
1Bygv6g5r8HJMaicTNMWKBp74jxfL2_Y5,심사관/2의견제출통지서/1020180116750.pdf,1020180116750.pdf,pdf,심사관,,1020180116750,https://drive.google.com/file/d/1Bygv6g5r8HJMaicTNMWKBp74jxfL2_Y5/view
1_6R-hJzUPY8ZkMN_re0N6U63EpnNd9QO,심사관/2의견제출통지서/1020180116750.pdf,1020180116750.pdf,pdf,심사관,,1020180116750,https://drive.google.com/file/d/1_6R-hJzUPY8ZkMN_re0N6U63EpnNd9QO/view
1Fd68kBsaYP7XfUUsOH7NlEsxJUlFUUxx,심사관/2의견제출통지서/1020180116750.txt,1020180116750.txt,txt,심사관,,1020180116750,https://drive.google.com/file/d/1Fd68kBsaYP7XfUUsOH7NlEsxJUlFUUxx/view
1GuStezqdrsAk-Fv7CEE7KbwVd87xOX8u,심사관/2의견제출통지서/1020180116750_cleaned.txt,1020180116750_cleaned.txt,txt,심사관,,1020180116750_cleaned,https://drive.google.com/file/d/1GuStezqdrsAk-Fv7CEE7KbwVd87xOX8u/view
1rda6HigKxAsPa3R2NAFDtTafvfUBZ2Q0,심사관/2의견제출통지서/1020180123300.pdf,1020180123300.pdf,pdf,심사관,,1020180123300,https://drive.google.com/file/d/1rda6HigKxAsPa3R2NAFDtTafvfUBZ2Q0/view
13feGN3Afnjfev7-o2mCiopGje6-RLIx1,심사관/2의견제출통지서/1020180123300.txt,1020180123300.txt,txt,심사관,,1020180123300,https://drive.google.com/file/d/13feGN3Afnjfev7-o2mCiopGje6-RLIx1/view
14kBOlBd1Kx3QmintgDqtPjlthxspm1ii,심사관/2의견제출통지서/1020180123300_cleaned.txt,1020180123300_cleaned.txt,txt,심사관,,1020180123300_cleaned,https://drive.google.com/file/d/14kBOlBd1Kx3QmintgDqtPjlthxspm1ii/view
1wi7khsBMmwikqLYtW2dRZGEQoobT8Ila,심사관/2의견제출통지서/1020180125990.pdf,1020180125990.pdf,pdf,심사관,,1020180125990,https://drive.google.com/file/d/1wi7khsBMmwikqLYtW2dRZGEQoobT8Ila/view
1OzfiMz7zFAfwfe-XoXe3d7bFcMovySoU,심사관/2의견제출통지서/1020180125990.pdf,1020180125990.pdf,pdf,심사관,,1020180125990,https://drive.google.com/file/d/1OzfiMz7zFAfwfe-XoXe3d7bFcMovySoU/view
1tjCuQfEmJ3RhGMaKvTqhlJpz2kbJQ4d8,심사관/2의견제출통지서/1020180125990.txt,1020180125990.txt,txt,심사관,,1020180125990,https://drive.google.com/file/d/1tjCuQfEmJ3RhGMaKvTqhlJpz2kbJQ4d8/view
1552a4vOPBHIMDMnvFdYn8TN-PqRvXwMf,심사관/2의견제출통지서/1020187037824.pdf,1020187037824.pdf,pdf,심사관,,1020187037824,https://drive.google.com/file/d/1552a4vOPBHIMDMnvFdYn8TN-PqRvXwMf/view
1xcfTCi_Yd-cvD_KZDksLVRuxcF3cgbl1,심사관/2의견제출통지서/1020187037824.txt,1020187037824.txt,txt,심사관,,1020187037824,https://drive.google.com/file/d/1xcfTCi_Yd-cvD_KZDksLVRuxcF3cgbl1/view
1u14gHJqEetzWBo-dYNwegAzQybccywwu,심사관/2의견제출통지서/1020187037824_cleaned.txt,1020187037824_cleaned.txt,txt,심사관,,1020187037824_cleaned,https://drive.google.com/file/d/1u14gHJqEetzWBo-dYNwegAzQybccywwu/view
1C2GwIluCx15YR4Fnk__Hdoiic0FQBBaE,심사관/2의견제출통지서/1020190090963.pdf,1020190090963.pdf,pdf,심사관,,1020190090963,https://drive.google.com/file/d/1C2GwIluCx15YR4Fnk__Hdoiic0FQBBaE/view
1ntkETNE_SxbqtZZ-58Tp9dbgjnQzTSdq,심사관/2의견제출통지서/1020190090963.txt,1020190090963.txt,txt,심사관,,1020190090963,https://drive.google.com/file/d/1ntkETNE_SxbqtZZ-58Tp9dbgjnQzTSdq/view
1rjTwZHlmuj9DabAtAHr3qvob5Vte_4Xk,심사관/2의견제출통지서/1020190090963_cleaned.txt,1020190090963_cleaned.txt,txt,심사관,,1020190090963_cleaned,https://drive.google.com/file/d/1rjTwZHlmuj9DabAtAHr3qvob5Vte_4Xk/view
16xWLRwmdRf5N5KfKm9sCP7CUQ1FOVN2U,심사관/2의견제출통지서/1020190093807.pdf,1020190093807.pdf,pdf,심사관,,1020190093807,https://drive.google.com/file/d/16xWLRwmdRf5N5KfKm9sCP7CUQ1FOVN2U/view
1hm1odlf6YFWV576BrL1xxTogWRQhfgef,심사관/2의견제출통지서/1020190093807.txt,1020190093807.txt,txt,심사관,,1020190093807,https://drive.google.com/file/d/1hm1odlf6YFWV576BrL1xxTogWRQhfgef/view
1XQLHNDrRCijuAPnvH-ITWkluuJXHjUsj,심사관/2의견제출통지서/1020190093807_cleaned.txt,1020190093807_cleaned.txt,txt,심사관,,1020190093807_cleaned,https://drive.google.com/file/d/1XQLHNDrRCijuAPnvH-ITWkluuJXHjUsj/view
1tI6zojwBTE-osnDq4LgAUi3XAEDcIUC5,심사관/2의견제출통지서/1020190098351.pdf,1020190098351.pdf,pdf,심사관,,1020190098351,https://drive.google.com/file/d/1tI6zojwBTE-osnDq4LgAUi3XAEDcIUC5/view
1A5pvcLGaVt8qen01rny-albl3s49bwxV,심사관/2의견제출통지서/1020190098351.txt,1020190098351.txt,txt,심사관,,1020190098351,https://drive.google.com/file/d/1A5pvcLGaVt8qen01rny-albl3s49bwxV/view
1qdEpPs-NFhaZPW_eBDMY_r62dDAUxNR9,심사관/2의견제출통지서/1020190101984.pdf,1020190101984.pdf,pdf,심사관,,1020190101984,https://drive.google.com/file/d/1qdEpPs-NFhaZPW_eBDMY_r62dDAUxNR9/view
1ux8eqHsUw4RtfwACiLCuFuzB7vDYSG39,심사관/2의견제출통지서/1020190101984.pdf,1020190101984.pdf,pdf,심사관,,1020190101984,https://drive.google.com/file/d/1ux8eqHsUw4RtfwACiLCuFuzB7vDYSG39/view
1KWvhSxPhj5uDcn93F4--qsKhvoc4vT8J,심사관/2의견제출통지서/1020190101984.txt,1020190101984.txt,txt,심사관,,1020190101984,https://drive.google.com/file/d/1KWvhSxPhj5uDcn93F4--qsKhvoc4vT8J/view
1efE1kNtXNHR7yPQ2VdanZvMs8N2H-X-1,심사관/2의견제출통지서/1020190164745.pdf,1020190164745.pdf,pdf,심사관,,1020190164745,https://drive.google.com/file/d/1efE1kNtXNHR7yPQ2VdanZvMs8N2H-X-1/view
1tu8BKivcVJw5jGqt3xiiW0uGHrrJCKCD,심사관/2의견제출통지서/1020190164745.pdf,1020190164745.pdf,pdf,심사관,,1020190164745,https://drive.google.com/file/d/1tu8BKivcVJw5jGqt3xiiW0uGHrrJCKCD/view
15S_voogclsRoGchRm4_zW_BAy53RZ1xW,심사관/2의견제출통지서/1020190164745.txt,1020190164745.txt,txt,심사관,,1020190164745,https://drive.google.com/file/d/15S_voogclsRoGchRm4_zW_BAy53RZ1xW/view
1XZ2oUu_ufmncc7yOISLQ0Dcft2Yq6QjS,심사관/2의견제출통지서/1020197012085.pdf,1020197012085.pdf,pdf,심사관,,1020197012085,https://drive.google.com/file/d/1XZ2oUu_ufmncc7yOISLQ0Dcft2Yq6QjS/view
11iI_n-ubNYaWyTYh3Iv3IXWuHuzQxtzt,심사관/2의견제출통지서/1020197012085.pdf,1020197012085.pdf,pdf,심사관,,1020197012085,https://drive.google.com/file/d/11iI_n-ubNYaWyTYh3Iv3IXWuHuzQxtzt/view
1ogbZY9-ZtQESURVYIzBIONBQXlxqAiTl,심사관/2의견제출통지서/1020197012085.txt,1020197012085.txt,txt,심사관,,1020197012085,https://drive.google.com/file/d/1ogbZY9-ZtQESURVYIzBIONBQXlxqAiTl/view
1y2iBNMhLNY-xAqVHZY4dOWTtHdkHpop8,심사관/2의견제출통지서/1020197012085_cleaned.txt,1020197012085_cleaned.txt,txt,심사관,,1020197012085_cleaned,https://drive.google.com/file/d/1y2iBNMhLNY-xAqVHZY4dOWTtHdkHpop8/view
1c-fd1deCF_uoITit5DLSHiLDS0q-j748,심사관/2의견제출통지서/1020197013953.pdf,1020197013953.pdf,pdf,심사관,,1020197013953,https://drive.google.com/file/d/1c-fd1deCF_uoITit5DLSHiLDS0q-j748/view
1D_YzrzDgoPiqZMf7KvOWtZuEEgsq_UqR,심사관/2의견제출통지서/1020197013953.txt,1020197013953.txt,txt,심사관,,1020197013953,https://drive.google.com/file/d/1D_YzrzDgoPiqZMf7KvOWtZuEEgsq_UqR/view
1KZd3IIOpwxEAMEYgKBfjRY7Z-qgx0HUw,심사관/2의견제출통지서/1020197015991.pdf,1020197015991.pdf,pdf,심사관,,1020197015991,https://drive.google.com/file/d/1KZd3IIOpwxEAMEYgKBfjRY7Z-qgx0HUw/view
1bfRXaUw37cOL_K3TSRhwiDWYpv8pJiI2,심사관/2의견제출통지서/1020197015991.txt,1020197015991.txt,txt,심사관,,1020197015991,https://drive.google.com/file/d/1bfRXaUw37cOL_K3TSRhwiDWYpv8pJiI2/view
1N4ELZkedAbpWgXUcGvXJbtlsjZuoMk2E,심사관/2의견제출통지서/1020197015991_cleaned.txt,1020197015991_cleaned.txt,txt,심사관,,1020197015991_cleaned,https://drive.google.com/file/d/1N4ELZkedAbpWgXUcGvXJbtlsjZuoMk2E/view
1qijA6O7A1CImib-pC7PX1lOdVL6t04ep,심사관/2의견제출통지서/1020197026115.pdf,1020197026115.pdf,pdf,심사관,,1020197026115,https://drive.google.com/file/d/1qijA6O7A1CImib-pC7PX1lOdVL6t04ep/view
1Zv_mqlAPuId9N0ROMdEedsTgiEd9jAKP,심사관/2의견제출통지서/1020197026115.txt,1020197026115.txt,txt,심사관,,1020197026115,https://drive.google.com/file/d/1Zv_mqlAPuId9N0ROMdEedsTgiEd9jAKP/view
1P0QBQ5EzRhJjR7Di1liTrQNysA1x6wRz,심사관/2의견제출통지서/1020197026115_cleaned.txt,1020197026115_cleaned.txt,txt,심사관,,1020197026115_cleaned,https://drive.google.com/file/d/1P0QBQ5EzRhJjR7Di1liTrQNysA1x6wRz/view
1Mk1arvx0MuNSHHYu9JuvWNirw8eWzto5,심사관/2의견제출통지서/1020197037891.pdf,1020197037891.pdf,pdf,심사관,,1020197037891,https://drive.google.com/file/d/1Mk1arvx0MuNSHHYu9JuvWNirw8eWzto5/view
1RhZeZlFmVltAb9rbBHeELUcDMoOsNHAG,심사관/2의견제출통지서/1020197037891.txt,1020197037891.txt,txt,심사관,,1020197037891,https://drive.google.com/file/d/1RhZeZlFmVltAb9rbBHeELUcDMoOsNHAG/view
12moKAqiNyXBTwQ--4U_Dz4BKZ3FOiAZz,심사관/2의견제출통지서/1020200001714.pdf,1020200001714.pdf,pdf,심사관,,1020200001714,https://drive.google.com/file/d/12moKAqiNyXBTwQ--4U_Dz4BKZ3FOiAZz/view
1uvBDAxOAaRzZpdQ5ii4dQbVz73g6Vm7T,심사관/2의견제출통지서/1020200001714.pdf,1020200001714.pdf,pdf,심사관,,1020200001714,https://drive.google.com/file/d/1uvBDAxOAaRzZpdQ5ii4dQbVz73g6Vm7T/view
1UwOilitI2cyQUNUy70WIaRMDLcPGO588,심사관/2의견제출통지서/1020200001714.txt,1020200001714.txt,txt,심사관,,1020200001714,https://drive.google.com/file/d/1UwOilitI2cyQUNUy70WIaRMDLcPGO588/view
1J2E_6G5OmvYdSi3T5HRcZIChfRCdFIzj,심사관/2의견제출통지서/1020200001714_cleaned.txt,1020200001714_cleaned.txt,txt,심사관,,1020200001714_cleaned,https://drive.google.com/file/d/1J2E_6G5OmvYdSi3T5HRcZIChfRCdFIzj/view
1tGuIKSIT9n_8Goxj86dEYY7dIcjPV4YC,심사관/2의견제출통지서/1020200001729.pdf,1020200001729.pdf,pdf,심사관,,1020200001729,https://drive.google.com/file/d/1tGuIKSIT9n_8Goxj86dEYY7dIcjPV4YC/view
1moe2NtCI10ciVyscOX9wQJbcQOLdO4X_,심사관/2의견제출통지서/1020200001729.txt,1020200001729.txt,txt,심사관,,1020200001729,https://drive.google.com/file/d/1moe2NtCI10ciVyscOX9wQJbcQOLdO4X_/view
1mjuS2agIEVP1VsGaxK352BBeNuH6o3Jh,심사관/2의견제출통지서/1020200001729_cleaned.txt,1020200001729_cleaned.txt,txt,심사관,,1020200001729_cleaned,https://drive.google.com/file/d/1mjuS2agIEVP1VsGaxK352BBeNuH6o3Jh/view
1HmLmgBrV8oGkoOR-kAXYJFx_mRjyYiOO,심사관/2의견제출통지서/1020200004518.pdf,1020200004518.pdf,pdf,심사관,,1020200004518,https://drive.google.com/file/d/1HmLmgBrV8oGkoOR-kAXYJFx_mRjyYiOO/view
14Jx_vT2pT8bvGn7pu4QMgAyFeKsXE0qP,심사관/2의견제출통지서/1020200004518.txt,1020200004518.txt,txt,심사관,,1020200004518,https://drive.google.com/file/d/14Jx_vT2pT8bvGn7pu4QMgAyFeKsXE0qP/view
1QoACSdG9syIZ6o-4zjxFQa2_R754i8lv,심사관/2의견제출통지서/1020200004518_cleaned.txt,1020200004518_cleaned.txt,txt,심사관,,1020200004518_cleaned,https://drive.google.com/file/d/1QoACSdG9syIZ6o-4zjxFQa2_R754i8lv/view
1Od59cveX4nt-_xdETqhjFS87tnI_ClU1,심사관/2의견제출통지서/1020200092399.pdf,1020200092399.pdf,pdf,심사관,,1020200092399,https://drive.google.com/file/d/1Od59cveX4nt-_xdETqhjFS87tnI_ClU1/view
1y_DDV_SdHRAJGljlPBW9FidmeMiHCMwP,심사관/2의견제출통지서/1020200092399.txt,1020200092399.txt,txt,심사관,,1020200092399,https://drive.google.com/file/d/1y_DDV_SdHRAJGljlPBW9FidmeMiHCMwP/view
10ZmbCd8NdbUWeU0gFiLrU9sG5DaPm-rA,심사관/2의견제출통지서/1020200092399_cleaned.txt,1020200092399_cleaned.txt,txt,심사관,,1020200092399_cleaned,https://drive.google.com/file/d/10ZmbCd8NdbUWeU0gFiLrU9sG5DaPm-rA/view
1NJh2IHD_qm4SF15Oofsul9VYOMJu6ZrY,심사관/2의견제출통지서/1020200093243.pdf,1020200093243.pdf,pdf,심사관,,1020200093243,https://drive.google.com/file/d/1NJh2IHD_qm4SF15Oofsul9VYOMJu6ZrY/view
1wsCAW9rmy6W1Vh5tXLsKNpyTxyAkRadj,심사관/2의견제출통지서/1020200093243.txt,1020200093243.txt,txt,심사관,,1020200093243,https://drive.google.com/file/d/1wsCAW9rmy6W1Vh5tXLsKNpyTxyAkRadj/view
1nLs0qX17Uz9mCc-aB6PnLeJtheES9o8b,심사관/2의견제출통지서/1020200093243_cleaned.txt,1020200093243_cleaned.txt,txt,심사관,,1020200093243_cleaned,https://drive.google.com/file/d/1nLs0qX17Uz9mCc-aB6PnLeJtheES9o8b/view
1BDRf64Qu_wPtp9EpN3mEt0jWuRtFzeX4,심사관/2의견제출통지서/1020200103968.pdf,1020200103968.pdf,pdf,심사관,,1020200103968,https://drive.google.com/file/d/1BDRf64Qu_wPtp9EpN3mEt0jWuRtFzeX4/view
1bx3lkPBeHuJ07197DIMSwQgaDtTuXKsn,심사관/2의견제출통지서/1020200103968.txt,1020200103968.txt,txt,심사관,,1020200103968,https://drive.google.com/file/d/1bx3lkPBeHuJ07197DIMSwQgaDtTuXKsn/view
1TDxfBt4bWiblbi-0nfGq1XlXxwP8t-W9,심사관/2의견제출통지서/1020200120202.pdf,1020200120202.pdf,pdf,심사관,,1020200120202,https://drive.google.com/file/d/1TDxfBt4bWiblbi-0nfGq1XlXxwP8t-W9/view
10aon2V7HJn2dHweNznC5aLVbfnSCKDIF,심사관/2의견제출통지서/1020200120202.txt,1020200120202.txt,txt,심사관,,1020200120202,https://drive.google.com/file/d/10aon2V7HJn2dHweNznC5aLVbfnSCKDIF/view
1hO7IsakS5C2G1rxP1WDeUUqZbR5RNzDf,심사관/2의견제출통지서/1020200126707.pdf,1020200126707.pdf,pdf,심사관,,1020200126707,https://drive.google.com/file/d/1hO7IsakS5C2G1rxP1WDeUUqZbR5RNzDf/view
1G-Mh_gAJGNRc5oJnoymLDMKZKrkgl6IL,심사관/2의견제출통지서/1020200126707.txt,1020200126707.txt,txt,심사관,,1020200126707,https://drive.google.com/file/d/1G-Mh_gAJGNRc5oJnoymLDMKZKrkgl6IL/view
1uResiOUq9_bqWalXUEcluzR61s85gaGy,심사관/2의견제출통지서/1020200126707_cleaned.txt,1020200126707_cleaned.txt,txt,심사관,,1020200126707_cleaned,https://drive.google.com/file/d/1uResiOUq9_bqWalXUEcluzR61s85gaGy/view
1c0wkEv0WbvKOIEZAqPm5FfAPXemhFsV6,심사관/2의견제출통지서/1020200148939.pdf,1020200148939.pdf,pdf,심사관,,1020200148939,https://drive.google.com/file/d/1c0wkEv0WbvKOIEZAqPm5FfAPXemhFsV6/view
1PZXO9b2XuTO58PwzEOu9BKGJYW3ig4Sl,심사관/2의견제출통지서/1020200148939.txt,1020200148939.txt,txt,심사관,,1020200148939,https://drive.google.com/file/d/1PZXO9b2XuTO58PwzEOu9BKGJYW3ig4Sl/view
1dzLxjSbZb3JZ63pbwAJlIWKK1WMa3xIV,심사관/2의견제출통지서/1020200148939_cleaned.txt,1020200148939_cleaned.txt,txt,심사관,,1020200148939_cleaned,https://drive.google.com/file/d/1dzLxjSbZb3JZ63pbwAJlIWKK1WMa3xIV/view
1NXHvWcjHwbdF2PXF-IgctlnKLiw6WpK8,심사관/2의견제출통지서/1020200161286.pdf,1020200161286.pdf,pdf,심사관,,1020200161286,https://drive.google.com/file/d/1NXHvWcjHwbdF2PXF-IgctlnKLiw6WpK8/view
1-lW7gI-YktgQ20y8lkgZoo4IExChmkLP,심사관/2의견제출통지서/1020200161286.txt,1020200161286.txt,txt,심사관,,1020200161286,https://drive.google.com/file/d/1-lW7gI-YktgQ20y8lkgZoo4IExChmkLP/view
11rnTgtg01yfS0dbXFB-4lkh6F1xf4UPN,심사관/2의견제출통지서/1020200161286_cleaned.txt,1020200161286_cleaned.txt,txt,심사관,,1020200161286_cleaned,https://drive.google.com/file/d/11rnTgtg01yfS0dbXFB-4lkh6F1xf4UPN/view
1Kldp18c1j1QNo7DJHpGZRMhYKCdfy6Oo,심사관/2의견제출통지서/1020200163675.pdf,1020200163675.pdf,pdf,심사관,,1020200163675,https://drive.google.com/file/d/1Kldp18c1j1QNo7DJHpGZRMhYKCdfy6Oo/view
1wXp7CZwdzD3n-YRdR8-7qeh6F_483BMc,심사관/2의견제출통지서/1020200163675.txt,1020200163675.txt,txt,심사관,,1020200163675,https://drive.google.com/file/d/1wXp7CZwdzD3n-YRdR8-7qeh6F_483BMc/view
1R7FaioYmvmOkxCjnGjwzgAVYx422adIZ,심사관/2의견제출통지서/1020200163675_cleaned.txt,1020200163675_cleaned.txt,txt,심사관,,1020200163675_cleaned,https://drive.google.com/file/d/1R7FaioYmvmOkxCjnGjwzgAVYx422adIZ/view
1fDzfwy58itwJCGIc7mrix0b4JWM1fgON,심사관/2의견제출통지서/1020200168183.pdf,1020200168183.pdf,pdf,심사관,,1020200168183,https://drive.google.com/file/d/1fDzfwy58itwJCGIc7mrix0b4JWM1fgON/view
1W7ZNDFNUib_kGTHDJe7OwfPNaxh3mtf-,심사관/2의견제출통지서/1020200168183.txt,1020200168183.txt,txt,심사관,,1020200168183,https://drive.google.com/file/d/1W7ZNDFNUib_kGTHDJe7OwfPNaxh3mtf-/view
1ga_s6TEf6esrCFyXOwc0C9aztdKgdbj_,심사관/2의견제출통지서/1020200168183_cleaned.txt,1020200168183_cleaned.txt,txt,심사관,,1020200168183_cleaned,https://drive.google.com/file/d/1ga_s6TEf6esrCFyXOwc0C9aztdKgdbj_/view
1GEAKOdHMynnw6kif_zxD6OB1yRDmpk36,심사관/2의견제출통지서/1020207004284.pdf,1020207004284.pdf,pdf,심사관,,1020207004284,https://drive.google.com/file/d/1GEAKOdHMynnw6kif_zxD6OB1yRDmpk36/view
1bn0vFfQNrltlVmEvLc4QCyY01bE8ro98,심사관/2의견제출통지서/1020207004284.txt,1020207004284.txt,txt,심사관,,1020207004284,https://drive.google.com/file/d/1bn0vFfQNrltlVmEvLc4QCyY01bE8ro98/view
1F_GfFiHp8UwUYSI4QHcEk82NMdcmUKAN,심사관/2의견제출통지서/1020207014462.pdf,1020207014462.pdf,pdf,심사관,,1020207014462,https://drive.google.com/file/d/1F_GfFiHp8UwUYSI4QHcEk82NMdcmUKAN/view
1An_7INueZ4n5XCjiACxtM04qwcrSBZ6c,심사관/2의견제출통지서/1020207014462.txt,1020207014462.txt,txt,심사관,,1020207014462,https://drive.google.com/file/d/1An_7INueZ4n5XCjiACxtM04qwcrSBZ6c/view
1mrJQMEyzberOngS0Z4ZwIu0-VxLEQJvK,심사관/2의견제출통지서/1020207018024.pdf,1020207018024.pdf,pdf,심사관,,1020207018024,https://drive.google.com/file/d/1mrJQMEyzberOngS0Z4ZwIu0-VxLEQJvK/view
1eIOVgZwtMXw8FTxuDzjqgYCMHOXHXmoj,심사관/2의견제출통지서/1020207018024.txt,1020207018024.txt,txt,심사관,,1020207018024,https://drive.google.com/file/d/1eIOVgZwtMXw8FTxuDzjqgYCMHOXHXmoj/view
1mfSXbpXrps3LgUkTAfxPlxM8xrhyY89Q,심사관/2의견제출통지서/1020207018024_cleaned.txt,1020207018024_cleaned.txt,txt,심사관,,1020207018024_cleaned,https://drive.google.com/file/d/1mfSXbpXrps3LgUkTAfxPlxM8xrhyY89Q/view
1pTHAaXIkN1Gv68u8paKpDkiOGOaM6jwz,심사관/2의견제출통지서/1020207024742.pdf,1020207024742.pdf,pdf,심사관,,1020207024742,https://drive.google.com/file/d/1pTHAaXIkN1Gv68u8paKpDkiOGOaM6jwz/view
1ispq0tIRLEe-1jgNiwGO8wsj2MN8P8RG,심사관/2의견제출통지서/1020207024742.txt,1020207024742.txt,txt,심사관,,1020207024742,https://drive.google.com/file/d/1ispq0tIRLEe-1jgNiwGO8wsj2MN8P8RG/view
1i_Pd35aNMEtHj_QDNE1prFibx-G3-djr,심사관/2의견제출통지서/1020207024742_cleaned.txt,1020207024742_cleaned.txt,txt,심사관,,1020207024742_cleaned,https://drive.google.com/file/d/1i_Pd35aNMEtHj_QDNE1prFibx-G3-djr/view
1lUMhSmih4hqnyg42qhaKMWmM8louXS3t,심사관/2의견제출통지서/1020207032320.pdf,1020207032320.pdf,pdf,심사관,,1020207032320,https://drive.google.com/file/d/1lUMhSmih4hqnyg42qhaKMWmM8louXS3t/view
1HvipTqZEKiUvsluBw3I9CffL52NEnxXT,심사관/2의견제출통지서/1020207032320.txt,1020207032320.txt,txt,심사관,,1020207032320,https://drive.google.com/file/d/1HvipTqZEKiUvsluBw3I9CffL52NEnxXT/view
1g13PrHGJPtQAAclVwRO_XYA2GWD02BM0,심사관/2의견제출통지서/1020207032320_cleaned.txt,1020207032320_cleaned.txt,txt,심사관,,1020207032320_cleaned,https://drive.google.com/file/d/1g13PrHGJPtQAAclVwRO_XYA2GWD02BM0/view
1Ga_yXJV52QrXBU37TqX_xbD-KKoyA_-e,심사관/2의견제출통지서/1020207035843.pdf,1020207035843.pdf,pdf,심사관,,1020207035843,https://drive.google.com/file/d/1Ga_yXJV52QrXBU37TqX_xbD-KKoyA_-e/view
1URLWP7M66diGX_SbvKkjU5ziF0JkSWQ-,심사관/2의견제출통지서/1020207035843.txt,1020207035843.txt,txt,심사관,,1020207035843,https://drive.google.com/file/d/1URLWP7M66diGX_SbvKkjU5ziF0JkSWQ-/view
13leSG1ir-GOrO182MbcC-YZ3LGDzFohe,심사관/2의견제출통지서/1020207035844.pdf,1020207035844.pdf,pdf,심사관,,1020207035844,https://drive.google.com/file/d/13leSG1ir-GOrO182MbcC-YZ3LGDzFohe/view
1k543nydLJ_dQpkACnXWQ089MGdERJeOe,심사관/2의견제출통지서/1020207035844.txt,1020207035844.txt,txt,심사관,,1020207035844,https://drive.google.com/file/d/1k543nydLJ_dQpkACnXWQ089MGdERJeOe/view
1bomqlfjovMGEkVsSd25aMIrHEykDYHsJ,심사관/2의견제출통지서/1020207035844_cleaned.txt,1020207035844_cleaned.txt,txt,심사관,,1020207035844_cleaned,https://drive.google.com/file/d/1bomqlfjovMGEkVsSd25aMIrHEykDYHsJ/view
1C4WhMsiLbROed_n-c97s0JQ87P8e84Fr,심사관/2의견제출통지서/1020207035847.pdf,1020207035847.pdf,pdf,심사관,,1020207035847,https://drive.google.com/file/d/1C4WhMsiLbROed_n-c97s0JQ87P8e84Fr/view
1m_4zg0x8rzjUsycCv9n-yns_fkQNr9wD,심사관/2의견제출통지서/1020207035847.pdf,1020207035847.pdf,pdf,심사관,,1020207035847,https://drive.google.com/file/d/1m_4zg0x8rzjUsycCv9n-yns_fkQNr9wD/view
12kGfZOaKOE-soS8lfhik65d6i_cgDlFd,심사관/2의견제출통지서/1020207035847.txt,1020207035847.txt,txt,심사관,,1020207035847,https://drive.google.com/file/d/12kGfZOaKOE-soS8lfhik65d6i_cgDlFd/view
1Eywb_n1lpiPrfpj06gaTT4FS1GvMk0rt,심사관/2의견제출통지서/1020207035847_cleaned.txt,1020207035847_cleaned.txt,txt,심사관,,1020207035847_cleaned,https://drive.google.com/file/d/1Eywb_n1lpiPrfpj06gaTT4FS1GvMk0rt/view
1M_4WvGSYO9l6aqiGEH-DhzNR7CHbpPU5,심사관/2의견제출통지서/1020207036632.pdf,1020207036632.pdf,pdf,심사관,,1020207036632,https://drive.google.com/file/d/1M_4WvGSYO9l6aqiGEH-DhzNR7CHbpPU5/view
1ZODivHNI14ln68klf_GPPwLm38KOhzNw,심사관/2의견제출통지서/1020207036632.pdf,1020207036632.pdf,pdf,심사관,,1020207036632,https://drive.google.com/file/d/1ZODivHNI14ln68klf_GPPwLm38KOhzNw/view
1Ot6ErymjvWFooN6cxz-xunclyzo6fJ8x,심사관/2의견제출통지서/1020207036632.txt,1020207036632.txt,txt,심사관,,1020207036632,https://drive.google.com/file/d/1Ot6ErymjvWFooN6cxz-xunclyzo6fJ8x/view
1mWLb2K4RctCf4YAuCVGVrV2zdD2ImsnB,심사관/2의견제출통지서/1020207036632_cleaned.txt,1020207036632_cleaned.txt,txt,심사관,,1020207036632_cleaned,https://drive.google.com/file/d/1mWLb2K4RctCf4YAuCVGVrV2zdD2ImsnB/view
1EialBswzJkxmKoXATHr9nD8EQqnxdtIr,심사관/2의견제출통지서/1020210037975.pdf,1020210037975.pdf,pdf,심사관,,1020210037975,https://drive.google.com/file/d/1EialBswzJkxmKoXATHr9nD8EQqnxdtIr/view
1ebxHotaWabGN7s7XmzHRHGA29MyNmSOo,심사관/2의견제출통지서/1020210046441.pdf,1020210046441.pdf,pdf,심사관,,1020210046441,https://drive.google.com/file/d/1ebxHotaWabGN7s7XmzHRHGA29MyNmSOo/view
1XDZTenSF_AHp-y5EZnv69dUQHXTkreJl,심사관/2의견제출통지서/1020210046441.txt,1020210046441.txt,txt,심사관,,1020210046441,https://drive.google.com/file/d/1XDZTenSF_AHp-y5EZnv69dUQHXTkreJl/view
1pbxqfC1UInAYQENS8KvU5ljbVOmbXWM1,심사관/2의견제출통지서/1020210046441_cleaned.txt,1020210046441_cleaned.txt,txt,심사관,,1020210046441_cleaned,https://drive.google.com/file/d/1pbxqfC1UInAYQENS8KvU5ljbVOmbXWM1/view
1Q9DlVrfzCNkfSnuzfJwktXQzNRHw-f0F,심사관/2의견제출통지서/1020210057704.pdf,1020210057704.pdf,pdf,심사관,,1020210057704,https://drive.google.com/file/d/1Q9DlVrfzCNkfSnuzfJwktXQzNRHw-f0F/view
1lYDweAlRoDMGL_UhCuQELx2ezQQT74lP,심사관/2의견제출통지서/1020210057704.txt,1020210057704.txt,txt,심사관,,1020210057704,https://drive.google.com/file/d/1lYDweAlRoDMGL_UhCuQELx2ezQQT74lP/view
1NNDOMGA9N_uYI_HM1SAKuav_MLXl8W5k,심사관/2의견제출통지서/1020210057704_cleaned.txt,1020210057704_cleaned.txt,txt,심사관,,1020210057704_cleaned,https://drive.google.com/file/d/1NNDOMGA9N_uYI_HM1SAKuav_MLXl8W5k/view
1vtVHaT5cBjwqi-I24UykgpU2Ru4P0G3B,심사관/2의견제출통지서/1020210068892.pdf,1020210068892.pdf,pdf,심사관,,1020210068892,https://drive.google.com/file/d/1vtVHaT5cBjwqi-I24UykgpU2Ru4P0G3B/view
1Tl9JNpURISdOMmPHL3V1HTgxBTS7Gt9s,심사관/2의견제출통지서/1020210068892.txt,1020210068892.txt,txt,심사관,,1020210068892,https://drive.google.com/file/d/1Tl9JNpURISdOMmPHL3V1HTgxBTS7Gt9s/view
1-6zXOT5AMo3p7xqTyOmlkavJm6je3kmJ,심사관/2의견제출통지서/1020210068892_cleaned.txt,1020210068892_cleaned.txt,txt,심사관,,1020210068892_cleaned,https://drive.google.com/file/d/1-6zXOT5AMo3p7xqTyOmlkavJm6je3kmJ/view
1vJffKZYyu8yFNohs2JoPPSwwmdeTSd4j,심사관/2의견제출통지서/1020210085431.pdf,1020210085431.pdf,pdf,심사관,,1020210085431,https://drive.google.com/file/d/1vJffKZYyu8yFNohs2JoPPSwwmdeTSd4j/view
1gB5vXdKXTAkwx-mTRpDuCFgZcVAnD4Dj,심사관/2의견제출통지서/1020210085431.txt,1020210085431.txt,txt,심사관,,1020210085431,https://drive.google.com/file/d/1gB5vXdKXTAkwx-mTRpDuCFgZcVAnD4Dj/view
1fHA8wAP3qCvMVdKItC50Joh_-U_h3154,심사관/2의견제출통지서/1020210085762.pdf,1020210085762.pdf,pdf,심사관,,1020210085762,https://drive.google.com/file/d/1fHA8wAP3qCvMVdKItC50Joh_-U_h3154/view
19V6o9qrOBmmbdh97CPsM0waD9hzfGILL,심사관/2의견제출통지서/1020210085762.txt,1020210085762.txt,txt,심사관,,1020210085762,https://drive.google.com/file/d/19V6o9qrOBmmbdh97CPsM0waD9hzfGILL/view
18_iDsqzYgQD3mV8OqkMrFpJJddgQIze9,심사관/2의견제출통지서/1020210112340.pdf,1020210112340.pdf,pdf,심사관,,1020210112340,https://drive.google.com/file/d/18_iDsqzYgQD3mV8OqkMrFpJJddgQIze9/view
1Re6cdXwp_SrLV8chfZFMhbC3MmvJ4QRW,심사관/2의견제출통지서/1020210112340.txt,1020210112340.txt,txt,심사관,,1020210112340,https://drive.google.com/file/d/1Re6cdXwp_SrLV8chfZFMhbC3MmvJ4QRW/view
1lGkQM4co4sEIXZUlxhjK58g3A9VNRlhC,심사관/2의견제출통지서/1020210112340_cleaned.txt,1020210112340_cleaned.txt,txt,심사관,,1020210112340_cleaned,https://drive.google.com/file/d/1lGkQM4co4sEIXZUlxhjK58g3A9VNRlhC/view
1PzgLarPcPB2aTY5Bmtd4lMceKsI4xOMw,심사관/2의견제출통지서/1020210117172.pdf,1020210117172.pdf,pdf,심사관,,1020210117172,https://drive.google.com/file/d/1PzgLarPcPB2aTY5Bmtd4lMceKsI4xOMw/view
1DFtkdVXf5o_iIm0EnFy7LWh-dSYyhYGJ,심사관/2의견제출통지서/1020210117172.pdf,1020210117172.pdf,pdf,심사관,,1020210117172,https://drive.google.com/file/d/1DFtkdVXf5o_iIm0EnFy7LWh-dSYyhYGJ/view
1whx39mFT4U63RmvNAtpOOyVWDNY244hn,심사관/2의견제출통지서/1020210117172.txt,1020210117172.txt,txt,심사관,,1020210117172,https://drive.google.com/file/d/1whx39mFT4U63RmvNAtpOOyVWDNY244hn/view
1gZanAwRIlR6WfQ3vXWtoLySr4ScK8Q11,심사관/2의견제출통지서/1020210117172_cleaned.txt,1020210117172_cleaned.txt,txt,심사관,,1020210117172_cleaned,https://drive.google.com/file/d/1gZanAwRIlR6WfQ3vXWtoLySr4ScK8Q11/view
1GLrZScaJTLEuzAhk2gTPnfr5u172eBJf,심사관/2의견제출통지서/1020210127454.pdf,1020210127454.pdf,pdf,심사관,,1020210127454,https://drive.google.com/file/d/1GLrZScaJTLEuzAhk2gTPnfr5u172eBJf/view
1KLiCqudeF-O8zsngPcKhBjIiQQenjRZh,심사관/2의견제출통지서/1020210127454.txt,1020210127454.txt,txt,심사관,,1020210127454,https://drive.google.com/file/d/1KLiCqudeF-O8zsngPcKhBjIiQQenjRZh/view
1_xpLo0KTGZc9pJWH2HeL0q5jVtREjAcu,심사관/2의견제출통지서/1020210134063.pdf,1020210134063.pdf,pdf,심사관,,1020210134063,https://drive.google.com/file/d/1_xpLo0KTGZc9pJWH2HeL0q5jVtREjAcu/view
10-mCw1T3fmz_PZdbcDWmeicqKBfJK3jf,심사관/2의견제출통지서/1020210134063.txt,1020210134063.txt,txt,심사관,,1020210134063,https://drive.google.com/file/d/10-mCw1T3fmz_PZdbcDWmeicqKBfJK3jf/view
1WoLd3y0QpIEmSxv6Ursx2sQ-d6PyzhZ7,심사관/2의견제출통지서/1020210154767.pdf,1020210154767.pdf,pdf,심사관,,1020210154767,https://drive.google.com/file/d/1WoLd3y0QpIEmSxv6Ursx2sQ-d6PyzhZ7/view
14XtzEQeLkeJ6P19s9QadIzusINnW5cW2,심사관/2의견제출통지서/1020210154767.txt,1020210154767.txt,txt,심사관,,1020210154767,https://drive.google.com/file/d/14XtzEQeLkeJ6P19s9QadIzusINnW5cW2/view
1wZK_YFQwyXZHIr9_c9hibu_ZGUGxur5d,심사관/2의견제출통지서/1020210154767_cleaned.txt,1020210154767_cleaned.txt,txt,심사관,,1020210154767_cleaned,https://drive.google.com/file/d/1wZK_YFQwyXZHIr9_c9hibu_ZGUGxur5d/view
1srw78r6UTZamzVoF5XV2SslxzzL29aLm,심사관/2의견제출통지서/1020210161676.pdf,1020210161676.pdf,pdf,심사관,,1020210161676,https://drive.google.com/file/d/1srw78r6UTZamzVoF5XV2SslxzzL29aLm/view
1mBGZa-Zd5Y9k_DM_IrABbei6oZ1WDNEy,심사관/2의견제출통지서/1020210161676.pdf,1020210161676.pdf,pdf,심사관,,1020210161676,https://drive.google.com/file/d/1mBGZa-Zd5Y9k_DM_IrABbei6oZ1WDNEy/view
1PSrjJ2FJhueDN9mH0wCSdxk1EbChipbU,심사관/2의견제출통지서/1020210161676.txt,1020210161676.txt,txt,심사관,,1020210161676,https://drive.google.com/file/d/1PSrjJ2FJhueDN9mH0wCSdxk1EbChipbU/view
102S5pxME-TaRxO3-tLnFm0gEQgBCdKoU,심사관/2의견제출통지서/1020210161676_cleaned.txt,1020210161676_cleaned.txt,txt,심사관,,1020210161676_cleaned,https://drive.google.com/file/d/102S5pxME-TaRxO3-tLnFm0gEQgBCdKoU/view
1_XFrV8Er6-0HQqL95dYEeGnZSSqcmXIF,심사관/2의견제출통지서/1020210168032.pdf,1020210168032.pdf,pdf,심사관,,1020210168032,https://drive.google.com/file/d/1_XFrV8Er6-0HQqL95dYEeGnZSSqcmXIF/view
1fkb5-dRiGubJ2_jEa-E0VEJ66RixTpjO,심사관/2의견제출통지서/1020210168032.txt,1020210168032.txt,txt,심사관,,1020210168032,https://drive.google.com/file/d/1fkb5-dRiGubJ2_jEa-E0VEJ66RixTpjO/view
1lL4mJdnywxoQqZKclde8jNwdI4OkLbs0,심사관/2의견제출통지서/1020210171633.pdf,1020210171633.pdf,pdf,심사관,,1020210171633,https://drive.google.com/file/d/1lL4mJdnywxoQqZKclde8jNwdI4OkLbs0/view
13l94t_LAJ9DFPvGXfrJXlovldeEIN81h,심사관/2의견제출통지서/1020210171633.txt,1020210171633.txt,txt,심사관,,1020210171633,https://drive.google.com/file/d/13l94t_LAJ9DFPvGXfrJXlovldeEIN81h/view
181w--CUufrIOyTs_kbFpUzbAPYfEO-b_,심사관/2의견제출통지서/1020210171633_cleaned.txt,1020210171633_cleaned.txt,txt,심사관,,1020210171633_cleaned,https://drive.google.com/file/d/181w--CUufrIOyTs_kbFpUzbAPYfEO-b_/view
1IvL4Oy6-b7Bq1Tx1Sr5Q80nB6p-euuIo,심사관/2의견제출통지서/1020210172385.pdf,1020210172385.pdf,pdf,심사관,,1020210172385,https://drive.google.com/file/d/1IvL4Oy6-b7Bq1Tx1Sr5Q80nB6p-euuIo/view
1u-j6RuL4zl-O0s9z7WhuuRLXVScTOsF6,심사관/2의견제출통지서/1020210172385.txt,1020210172385.txt,txt,심사관,,1020210172385,https://drive.google.com/file/d/1u-j6RuL4zl-O0s9z7WhuuRLXVScTOsF6/view
1LsiAF-JGiUnVEuE-auv4IGAt0TGVBIM1,심사관/2의견제출통지서/1020217011467.pdf,1020217011467.pdf,pdf,심사관,,1020217011467,https://drive.google.com/file/d/1LsiAF-JGiUnVEuE-auv4IGAt0TGVBIM1/view
1fGD7uWSp0gBve59kNPrZ4SqdcVpi_n5g,심사관/2의견제출통지서/1020217011467.txt,1020217011467.txt,txt,심사관,,1020217011467,https://drive.google.com/file/d/1fGD7uWSp0gBve59kNPrZ4SqdcVpi_n5g/view
1MxciAfOTfs7hh0ClMRSaAkYqPd_wQfSo,심사관/2의견제출통지서/1020217011467_cleaned.txt,1020217011467_cleaned.txt,txt,심사관,,1020217011467_cleaned,https://drive.google.com/file/d/1MxciAfOTfs7hh0ClMRSaAkYqPd_wQfSo/view
1BQw6ttxcdQmTHOJcd9KQZh_CAh9WY9iB,심사관/2의견제출통지서/1020217017878.pdf,1020217017878.pdf,pdf,심사관,,1020217017878,https://drive.google.com/file/d/1BQw6ttxcdQmTHOJcd9KQZh_CAh9WY9iB/view
16kbdsz8KbM-GYbTTnyRdDep-EgSvfqz4,심사관/2의견제출통지서/1020217017878.txt,1020217017878.txt,txt,심사관,,1020217017878,https://drive.google.com/file/d/16kbdsz8KbM-GYbTTnyRdDep-EgSvfqz4/view
1koT6s-GoqnExnkkMeAnmt9o4ntcy-geT,심사관/2의견제출통지서/1020217017878_cleaned.txt,1020217017878_cleaned.txt,txt,심사관,,1020217017878_cleaned,https://drive.google.com/file/d/1koT6s-GoqnExnkkMeAnmt9o4ntcy-geT/view
1KiGL-zHrcc4C1y1CFPtG6eqKH_ScowgT,심사관/2의견제출통지서/1020217018412.pdf,1020217018412.pdf,pdf,심사관,,1020217018412,https://drive.google.com/file/d/1KiGL-zHrcc4C1y1CFPtG6eqKH_ScowgT/view
13qe_CdVVxoepVc6FSLcUbE6jyA4pLo4n,심사관/2의견제출통지서/1020217018412.txt,1020217018412.txt,txt,심사관,,1020217018412,https://drive.google.com/file/d/13qe_CdVVxoepVc6FSLcUbE6jyA4pLo4n/view
10kdSRZthw6hdp2JPILNSi9MkUOOZsBwm,심사관/2의견제출통지서/1020217023623.pdf,1020217023623.pdf,pdf,심사관,,1020217023623,https://drive.google.com/file/d/10kdSRZthw6hdp2JPILNSi9MkUOOZsBwm/view
1l2E58SNZ-8cHZNaASOCpKQW6XQfUPntP,심사관/2의견제출통지서/1020217023623.txt,1020217023623.txt,txt,심사관,,1020217023623,https://drive.google.com/file/d/1l2E58SNZ-8cHZNaASOCpKQW6XQfUPntP/view
1X9CSy6VbMEAJCzj_xFUfhjE7QKFrmppD,심사관/2의견제출통지서/1020217023623_cleaned.txt,1020217023623_cleaned.txt,txt,심사관,,1020217023623_cleaned,https://drive.google.com/file/d/1X9CSy6VbMEAJCzj_xFUfhjE7QKFrmppD/view
1TZIVPwbkzV7L16u1L4-Jyo4CAGiup6XW,심사관/2의견제출통지서/1020217026855.pdf,1020217026855.pdf,pdf,심사관,,1020217026855,https://drive.google.com/file/d/1TZIVPwbkzV7L16u1L4-Jyo4CAGiup6XW/view
1ul6STy7GmOHsSO4EfRe0CFLoPi4WQW6L,심사관/2의견제출통지서/1020217026855.txt,1020217026855.txt,txt,심사관,,1020217026855,https://drive.google.com/file/d/1ul6STy7GmOHsSO4EfRe0CFLoPi4WQW6L/view
1fOVhxj_ZhQneKoVA2vg7qgh_9o-YPBTt,심사관/2의견제출통지서/1020217026855_cleaned.txt,1020217026855_cleaned.txt,txt,심사관,,1020217026855_cleaned,https://drive.google.com/file/d/1fOVhxj_ZhQneKoVA2vg7qgh_9o-YPBTt/view
1U_Ml-Gj2si5QVbo_xDaZqIY0TlnWzRdX,심사관/2의견제출통지서/1020217028715.pdf,1020217028715.pdf,pdf,심사관,,1020217028715,https://drive.google.com/file/d/1U_Ml-Gj2si5QVbo_xDaZqIY0TlnWzRdX/view
1zf3s5Nn8-MoYV_jpiTIlF3apDq9aaxuR,심사관/2의견제출통지서/1020217028715.txt,1020217028715.txt,txt,심사관,,1020217028715,https://drive.google.com/file/d/1zf3s5Nn8-MoYV_jpiTIlF3apDq9aaxuR/view
1MgS5CzWzTd6kJbjFl-ok2QC214xOFvoh,심사관/2의견제출통지서/1020220026671.pdf,1020220026671.pdf,pdf,심사관,,1020220026671,https://drive.google.com/file/d/1MgS5CzWzTd6kJbjFl-ok2QC214xOFvoh/view
1j-fON8bs-x15fCOJwU7sZzxMbhJtYrUQ,심사관/2의견제출통지서/1020220026671.txt,1020220026671.txt,txt,심사관,,1020220026671,https://drive.google.com/file/d/1j-fON8bs-x15fCOJwU7sZzxMbhJtYrUQ/view
1DtIvxweEUhJdpRa_TltYhTgReOtjytGt,심사관/2의견제출통지서/1020220026671_cleaned.txt,1020220026671_cleaned.txt,txt,심사관,,1020220026671_cleaned,https://drive.google.com/file/d/1DtIvxweEUhJdpRa_TltYhTgReOtjytGt/view
1RMsU79PYp0P09As7LTzdxe3ki76xJkk6,심사관/2의견제출통지서/1020220032074.pdf,1020220032074.pdf,pdf,심사관,,1020220032074,https://drive.google.com/file/d/1RMsU79PYp0P09As7LTzdxe3ki76xJkk6/view
1-b-MuOGUKyBo3hISghhs0BqYGINV3C-H,심사관/2의견제출통지서/1020220032074.txt,1020220032074.txt,txt,심사관,,1020220032074,https://drive.google.com/file/d/1-b-MuOGUKyBo3hISghhs0BqYGINV3C-H/view
1FzJHlbGM3aJMqOGWBBTmn0vU01JIwct1,심사관/2의견제출통지서/1020220033925.pdf,1020220033925.pdf,pdf,심사관,,1020220033925,https://drive.google.com/file/d/1FzJHlbGM3aJMqOGWBBTmn0vU01JIwct1/view
1qp1l6lVpqrGp471zrvaTpf3XLbdsn1Af,심사관/2의견제출통지서/1020220033925.txt,1020220033925.txt,txt,심사관,,1020220033925,https://drive.google.com/file/d/1qp1l6lVpqrGp471zrvaTpf3XLbdsn1Af/view
1cyn4NtxeVLCCGjAHQN2lak8vdocWeu0K,심사관/2의견제출통지서/1020220033925_cleaned.txt,1020220033925_cleaned.txt,txt,심사관,,1020220033925_cleaned,https://drive.google.com/file/d/1cyn4NtxeVLCCGjAHQN2lak8vdocWeu0K/view
16MaEWLvNKyXMvwv0G8Xbyr78-EFDHaSh,심사관/2의견제출통지서/1020220057805.pdf,1020220057805.pdf,pdf,심사관,,1020220057805,https://drive.google.com/file/d/16MaEWLvNKyXMvwv0G8Xbyr78-EFDHaSh/view
1UiEzRcSCiumkd_iNvmA7wtlMZxYgYGj6,심사관/2의견제출통지서/1020220057805.txt,1020220057805.txt,txt,심사관,,1020220057805,https://drive.google.com/file/d/1UiEzRcSCiumkd_iNvmA7wtlMZxYgYGj6/view
1RHvUY_l9CX4AByzPCkM4V1_ZbNJ2HPij,심사관/2의견제출통지서/1020220057805_cleaned.txt,1020220057805_cleaned.txt,txt,심사관,,1020220057805_cleaned,https://drive.google.com/file/d/1RHvUY_l9CX4AByzPCkM4V1_ZbNJ2HPij/view
1so8TCJlUMy7-F8ZnJ2RWkohihQCm5IK0,심사관/2의견제출통지서/1020220071866.pdf,1020220071866.pdf,pdf,심사관,,1020220071866,https://drive.google.com/file/d/1so8TCJlUMy7-F8ZnJ2RWkohihQCm5IK0/view
1WCPu8UtKyYwpTRyPaBseXyuBxWUo4Y1H,심사관/2의견제출통지서/1020220071866.txt,1020220071866.txt,txt,심사관,,1020220071866,https://drive.google.com/file/d/1WCPu8UtKyYwpTRyPaBseXyuBxWUo4Y1H/view
11byEWhMuMSDZ9pN3AyUxb4H3caDruB68,심사관/2의견제출통지서/1020220071866_cleaned.txt,1020220071866_cleaned.txt,txt,심사관,,1020220071866_cleaned,https://drive.google.com/file/d/11byEWhMuMSDZ9pN3AyUxb4H3caDruB68/view
1nwX7cPyJG27OdM5pZeeM9N-1aOdXKkgu,심사관/2의견제출통지서/1020220072515.pdf,1020220072515.pdf,pdf,심사관,,1020220072515,https://drive.google.com/file/d/1nwX7cPyJG27OdM5pZeeM9N-1aOdXKkgu/view
1UE0jb1Ehd25I39DUV_MHHtoTU0tpMOCK,심사관/2의견제출통지서/1020220072515.txt,1020220072515.txt,txt,심사관,,1020220072515,https://drive.google.com/file/d/1UE0jb1Ehd25I39DUV_MHHtoTU0tpMOCK/view
1AgDDomzaLXxdCqYuB3ZfbEhv8WE1buvW,심사관/2의견제출통지서/1020220084314.pdf,1020220084314.pdf,pdf,심사관,,1020220084314,https://drive.google.com/file/d/1AgDDomzaLXxdCqYuB3ZfbEhv8WE1buvW/view
1Su8eQkCFVi6FRkWhiCGoKuMQnSJ0TfYk,심사관/2의견제출통지서/1020220084314.txt,1020220084314.txt,txt,심사관,,1020220084314,https://drive.google.com/file/d/1Su8eQkCFVi6FRkWhiCGoKuMQnSJ0TfYk/view
10BQjFdhSfBkUdYBhCr-LMwP-pEor47lv,심사관/2의견제출통지서/1020220084314_cleaned.txt,1020220084314_cleaned.txt,txt,심사관,,1020220084314_cleaned,https://drive.google.com/file/d/10BQjFdhSfBkUdYBhCr-LMwP-pEor47lv/view
1LTO76SZWVsou0uXldTLv0-I3GuLA7OT5,심사관/2의견제출통지서/1020220088711.pdf,1020220088711.pdf,pdf,심사관,,1020220088711,https://drive.google.com/file/d/1LTO76SZWVsou0uXldTLv0-I3GuLA7OT5/view
1cnVPOOqj2lG6VEMnQLhXEgiELHojbe8K,심사관/2의견제출통지서/1020220088711.txt,1020220088711.txt,txt,심사관,,1020220088711,https://drive.google.com/file/d/1cnVPOOqj2lG6VEMnQLhXEgiELHojbe8K/view
1pt4MAbon8cy7gs0zGTpjtUowkcoGkFwf,심사관/2의견제출통지서/1020220091980.pdf,1020220091980.pdf,pdf,심사관,,1020220091980,https://drive.google.com/file/d/1pt4MAbon8cy7gs0zGTpjtUowkcoGkFwf/view
14A-gwmeknGy1CVtH25HLXupYDDMEI4Hn,심사관/2의견제출통지서/1020220104033.pdf,1020220104033.pdf,pdf,심사관,,1020220104033,https://drive.google.com/file/d/14A-gwmeknGy1CVtH25HLXupYDDMEI4Hn/view
1p7L51casquXAmX6OoE0XGLFakpoaFtuF,심사관/2의견제출통지서/1020220104033.txt,1020220104033.txt,txt,심사관,,1020220104033,https://drive.google.com/file/d/1p7L51casquXAmX6OoE0XGLFakpoaFtuF/view
18K4JBAmca5OsN_fZR1IFeys8_5QeNVjQ,심사관/2의견제출통지서/1020220126844.pdf,1020220126844.pdf,pdf,심사관,,1020220126844,https://drive.google.com/file/d/18K4JBAmca5OsN_fZR1IFeys8_5QeNVjQ/view
1FdjagR_XCVtP9V58OuwC7CTfeI4PuD1k,심사관/2의견제출통지서/1020220126844.txt,1020220126844.txt,txt,심사관,,1020220126844,https://drive.google.com/file/d/1FdjagR_XCVtP9V58OuwC7CTfeI4PuD1k/view
1OGT75arZoY5Fzew7XpmrHwxRNPALqUlS,심사관/2의견제출통지서/1020220126844_cleaned.txt,1020220126844_cleaned.txt,txt,심사관,,1020220126844_cleaned,https://drive.google.com/file/d/1OGT75arZoY5Fzew7XpmrHwxRNPALqUlS/view
1RRqJdHtAtQ-LfeLgjrWmXDuHbeCbC77i,심사관/2의견제출통지서/1020220131207.pdf,1020220131207.pdf,pdf,심사관,,1020220131207,https://drive.google.com/file/d/1RRqJdHtAtQ-LfeLgjrWmXDuHbeCbC77i/view
1Fovwa0wynv1p2WPURaWyzKvgH7z89KQ9,심사관/2의견제출통지서/1020220131207.txt,1020220131207.txt,txt,심사관,,1020220131207,https://drive.google.com/file/d/1Fovwa0wynv1p2WPURaWyzKvgH7z89KQ9/view
1SkI-gpMod29rTDdsYnn11tPRZSgRkeLi,심사관/2의견제출통지서/1020220131207_cleaned.txt,1020220131207_cleaned.txt,txt,심사관,,1020220131207_cleaned,https://drive.google.com/file/d/1SkI-gpMod29rTDdsYnn11tPRZSgRkeLi/view
1dNbsjaTz8vIVRlpVuvYGaYBXR_icQtOg,심사관/2의견제출통지서/1020220140197.pdf,1020220140197.pdf,pdf,심사관,,1020220140197,https://drive.google.com/file/d/1dNbsjaTz8vIVRlpVuvYGaYBXR_icQtOg/view
1Cl9IeGkWv7QAKK__9ih-kyZSEZQeepH6,심사관/2의견제출통지서/1020220140197.txt,1020220140197.txt,txt,심사관,,1020220140197,https://drive.google.com/file/d/1Cl9IeGkWv7QAKK__9ih-kyZSEZQeepH6/view
1KpE40EilTY_CiIFP9i65Zxm80-_S0f8H,심사관/2의견제출통지서/1020220147688.pdf,1020220147688.pdf,pdf,심사관,,1020220147688,https://drive.google.com/file/d/1KpE40EilTY_CiIFP9i65Zxm80-_S0f8H/view
1OF56fjdHhS2ye-jIaznrRORnVxI1FvRh,심사관/2의견제출통지서/1020220147688.txt,1020220147688.txt,txt,심사관,,1020220147688,https://drive.google.com/file/d/1OF56fjdHhS2ye-jIaznrRORnVxI1FvRh/view
1882OqRmJ4_aqG9l0Pqq7-GoIN7Eo_jWP,심사관/2의견제출통지서/1020220147688_cleaned.txt,1020220147688_cleaned.txt,txt,심사관,,1020220147688_cleaned,https://drive.google.com/file/d/1882OqRmJ4_aqG9l0Pqq7-GoIN7Eo_jWP/view
1vNmIXYhitXwFvP9ithWF6NqIY_jj11_N,심사관/2의견제출통지서/1020227000401.pdf,1020227000401.pdf,pdf,심사관,,1020227000401,https://drive.google.com/file/d/1vNmIXYhitXwFvP9ithWF6NqIY_jj11_N/view
1cDtE46mzMY6bBAOJ9IgQx_55-S47yyDM,심사관/2의견제출통지서/1020227000401.txt,1020227000401.txt,txt,심사관,,1020227000401,https://drive.google.com/file/d/1cDtE46mzMY6bBAOJ9IgQx_55-S47yyDM/view
1iHPPjRaPPf0wrfoOMDvyy6zMRvVy8C5F,심사관/2의견제출통지서/1020227000401_cleaned.txt,1020227000401_cleaned.txt,txt,심사관,,1020227000401_cleaned,https://drive.google.com/file/d/1iHPPjRaPPf0wrfoOMDvyy6zMRvVy8C5F/view
1Jxn2P5H2L0zz-L90E_NSeqOYIXHqzvud,심사관/2의견제출통지서/1020227008374.pdf,1020227008374.pdf,pdf,심사관,,1020227008374,https://drive.google.com/file/d/1Jxn2P5H2L0zz-L90E_NSeqOYIXHqzvud/view
1Tg7BlfUFK3mXB9sXxML1_Cit2d71qgmH,심사관/2의견제출통지서/1020227008374.txt,1020227008374.txt,txt,심사관,,1020227008374,https://drive.google.com/file/d/1Tg7BlfUFK3mXB9sXxML1_Cit2d71qgmH/view
1ll9LlD2TEtM6LBGoS7RqMQGF1pdBOn_B,심사관/2의견제출통지서/1020227008374_cleaned.txt,1020227008374_cleaned.txt,txt,심사관,,1020227008374_cleaned,https://drive.google.com/file/d/1ll9LlD2TEtM6LBGoS7RqMQGF1pdBOn_B/view
1pvof6T0Q1Jqi3p19RaCVwTm1H6NRrNiv,심사관/2의견제출통지서/1020227008703.pdf,1020227008703.pdf,pdf,심사관,,1020227008703,https://drive.google.com/file/d/1pvof6T0Q1Jqi3p19RaCVwTm1H6NRrNiv/view
12yfMQ4Ksz3MpVZEPvchl-rYiDrrpp7JO,심사관/2의견제출통지서/1020227009135.pdf,1020227009135.pdf,pdf,심사관,,1020227009135,https://drive.google.com/file/d/12yfMQ4Ksz3MpVZEPvchl-rYiDrrpp7JO/view
1F5fV5tvAFcVCb9II4Zam4vbQoE9LIsxx,심사관/2의견제출통지서/1020227009135.txt,1020227009135.txt,txt,심사관,,1020227009135,https://drive.google.com/file/d/1F5fV5tvAFcVCb9II4Zam4vbQoE9LIsxx/view
1GdrGI4aw3TiEjSvLwGiaCTb5Kly5GpkZ,심사관/2의견제출통지서/1020227009135_cleaned.txt,1020227009135_cleaned.txt,txt,심사관,,1020227009135_cleaned,https://drive.google.com/file/d/1GdrGI4aw3TiEjSvLwGiaCTb5Kly5GpkZ/view
1UGiEG6GuQqaKUxtyhiv0tdiSYz9BuSE9,심사관/2의견제출통지서/1020227009700.pdf,1020227009700.pdf,pdf,심사관,,1020227009700,https://drive.google.com/file/d/1UGiEG6GuQqaKUxtyhiv0tdiSYz9BuSE9/view
1D7mxcMwClY5S2EgXcs9U-nxYb8rHGGKq,심사관/2의견제출통지서/1020227009700.txt,1020227009700.txt,txt,심사관,,1020227009700,https://drive.google.com/file/d/1D7mxcMwClY5S2EgXcs9U-nxYb8rHGGKq/view
1-1BK3KjQN1HPavlofqM0hQwsgvAl6n0a,심사관/2의견제출통지서/1020227009700_cleaned.txt,1020227009700_cleaned.txt,txt,심사관,,1020227009700_cleaned,https://drive.google.com/file/d/1-1BK3KjQN1HPavlofqM0hQwsgvAl6n0a/view
1gmqEEZH4IaXJ_2-Fyc-7or4z62E-kW0_,심사관/2의견제출통지서/1020227009936.pdf,1020227009936.pdf,pdf,심사관,,1020227009936,https://drive.google.com/file/d/1gmqEEZH4IaXJ_2-Fyc-7or4z62E-kW0_/view
1b3AQaX0pZVjWSjER6-SJ3-CtAW5YI-vC,심사관/2의견제출통지서/1020227009936.txt,1020227009936.txt,txt,심사관,,1020227009936,https://drive.google.com/file/d/1b3AQaX0pZVjWSjER6-SJ3-CtAW5YI-vC/view
1cd9gIOkosYKRzAGk-CNUyq_6qualALMG,심사관/2의견제출통지서/1020227009936_cleaned.txt,1020227009936_cleaned.txt,txt,심사관,,1020227009936_cleaned,https://drive.google.com/file/d/1cd9gIOkosYKRzAGk-CNUyq_6qualALMG/view
1bzdEvZr0QXmgeoDGK7PK-hicawgPhbTC,심사관/2의견제출통지서/1020227010826.pdf,1020227010826.pdf,pdf,심사관,,1020227010826,https://drive.google.com/file/d/1bzdEvZr0QXmgeoDGK7PK-hicawgPhbTC/view
12z8C04K6qh2DaSqX0Jr7-7QbbRnEdAf0,심사관/2의견제출통지서/1020227015590.pdf,1020227015590.pdf,pdf,심사관,,1020227015590,https://drive.google.com/file/d/12z8C04K6qh2DaSqX0Jr7-7QbbRnEdAf0/view
1v61xTuYlC4mAsun8q-oqz691YvO1rcKx,심사관/2의견제출통지서/1020227015590.txt,1020227015590.txt,txt,심사관,,1020227015590,https://drive.google.com/file/d/1v61xTuYlC4mAsun8q-oqz691YvO1rcKx/view
1ux9JiWOKTcrP-zhnBSAGryNGoem2LBXu,심사관/2의견제출통지서/1020227015892.pdf,1020227015892.pdf,pdf,심사관,,1020227015892,https://drive.google.com/file/d/1ux9JiWOKTcrP-zhnBSAGryNGoem2LBXu/view
1u6Nrqs0y7I_RtyW54UNoBWCK4qIpsrwt,심사관/2의견제출통지서/1020227015892.txt,1020227015892.txt,txt,심사관,,1020227015892,https://drive.google.com/file/d/1u6Nrqs0y7I_RtyW54UNoBWCK4qIpsrwt/view
15Ev5AvJUqH-XA4Es7OdFReU_itJfIVf4,심사관/2의견제출통지서/1020227017608.pdf,1020227017608.pdf,pdf,심사관,,1020227017608,https://drive.google.com/file/d/15Ev5AvJUqH-XA4Es7OdFReU_itJfIVf4/view
1Ld1DOXKO7MLR6zfybgQ9ONlij-YJvg9t,심사관/2의견제출통지서/1020227017608.txt,1020227017608.txt,txt,심사관,,1020227017608,https://drive.google.com/file/d/1Ld1DOXKO7MLR6zfybgQ9ONlij-YJvg9t/view
18o9M9PjUdpI66C9JN-diUcRSQwNiaonw,심사관/2의견제출통지서/1020227026698.pdf,1020227026698.pdf,pdf,심사관,,1020227026698,https://drive.google.com/file/d/18o9M9PjUdpI66C9JN-diUcRSQwNiaonw/view
1H_00xM7o2m1C4oxKx6wQsYbne_iSi8iI,심사관/2의견제출통지서/1020227026698.txt,1020227026698.txt,txt,심사관,,1020227026698,https://drive.google.com/file/d/1H_00xM7o2m1C4oxKx6wQsYbne_iSi8iI/view
1IE44MSR3EWqclmYoHSXH23FgVX5Bqt_t,심사관/2의견제출통지서/1020227027088.pdf,1020227027088.pdf,pdf,심사관,,1020227027088,https://drive.google.com/file/d/1IE44MSR3EWqclmYoHSXH23FgVX5Bqt_t/view
1E3T3xfyP2i_GXmIdyvhx1YA-rG1cdDdJ,심사관/2의견제출통지서/1020227027088.txt,1020227027088.txt,txt,심사관,,1020227027088,https://drive.google.com/file/d/1E3T3xfyP2i_GXmIdyvhx1YA-rG1cdDdJ/view
1hDt13Okl04131qFThUnMRu5GzpX4_yBk,심사관/2의견제출통지서/1020230024571.pdf,1020230024571.pdf,pdf,심사관,,1020230024571,https://drive.google.com/file/d/1hDt13Okl04131qFThUnMRu5GzpX4_yBk/view
1L3EN8XVjIad5qGeTyyVC28L_qJ1KNlev,심사관/2의견제출통지서/1020230024571.txt,1020230024571.txt,txt,심사관,,1020230024571,https://drive.google.com/file/d/1L3EN8XVjIad5qGeTyyVC28L_qJ1KNlev/view
1jg4NJWSO2Z9xNK5MH5qYbH6FJv48xeu0,심사관/2의견제출통지서/1020230025066.pdf,1020230025066.pdf,pdf,심사관,,1020230025066,https://drive.google.com/file/d/1jg4NJWSO2Z9xNK5MH5qYbH6FJv48xeu0/view
1YebDtgiGyUoKHWbBsyg60e70iOryE_C4,심사관/2의견제출통지서/1020230025066.txt,1020230025066.txt,txt,심사관,,1020230025066,https://drive.google.com/file/d/1YebDtgiGyUoKHWbBsyg60e70iOryE_C4/view
1MPdxRxCHJjhcPZjTAgDr6t6n2ZnRqbnN,심사관/2의견제출통지서/1020230025066_cleaned.txt,1020230025066_cleaned.txt,txt,심사관,,1020230025066_cleaned,https://drive.google.com/file/d/1MPdxRxCHJjhcPZjTAgDr6t6n2ZnRqbnN/view
1r11qgq7_ZJxGuzmBZFKwzazbyXL-ppUw,심사관/2의견제출통지서/1020230036605.pdf,1020230036605.pdf,pdf,심사관,,1020230036605,https://drive.google.com/file/d/1r11qgq7_ZJxGuzmBZFKwzazbyXL-ppUw/view
13ckgOLmfF0j4M1WJi6KPbexjy6m99yIe,심사관/2의견제출통지서/1020230036605.txt,1020230036605.txt,txt,심사관,,1020230036605,https://drive.google.com/file/d/13ckgOLmfF0j4M1WJi6KPbexjy6m99yIe/view
14GfjNtZ1oYjtpDaZ7V0yyum6OQx3SWzG,심사관/2의견제출통지서/1020230040630.pdf,1020230040630.pdf,pdf,심사관,,1020230040630,https://drive.google.com/file/d/14GfjNtZ1oYjtpDaZ7V0yyum6OQx3SWzG/view
1u0TemjyDYg7jOLSqibbkgxQ665ElDikt,심사관/2의견제출통지서/1020230040630.txt,1020230040630.txt,txt,심사관,,1020230040630,https://drive.google.com/file/d/1u0TemjyDYg7jOLSqibbkgxQ665ElDikt/view
1_-iMXVrBJqG2F2NK_GsREgx3E6Ru-WWy,심사관/2의견제출통지서/1020230078104.pdf,1020230078104.pdf,pdf,심사관,,1020230078104,https://drive.google.com/file/d/1_-iMXVrBJqG2F2NK_GsREgx3E6Ru-WWy/view
1VgBf8whHUOiOVb0EoWS2WJ1Qb8B-cpVN,심사관/2의견제출통지서/1020230078104.pdf,1020230078104.pdf,pdf,심사관,,1020230078104,https://drive.google.com/file/d/1VgBf8whHUOiOVb0EoWS2WJ1Qb8B-cpVN/view
1MidR5AujEV1pWdqsWJPqvvQfJSPb-SqT,심사관/2의견제출통지서/1020230078104.txt,1020230078104.txt,txt,심사관,,1020230078104,https://drive.google.com/file/d/1MidR5AujEV1pWdqsWJPqvvQfJSPb-SqT/view
1hm42WNnF2Ei1JqOtK4t14daluLoPrbmd,심사관/2의견제출통지서/1020230078104_cleaned.txt,1020230078104_cleaned.txt,txt,심사관,,1020230078104_cleaned,https://drive.google.com/file/d/1hm42WNnF2Ei1JqOtK4t14daluLoPrbmd/view
1ZGdh5wVN64oub1AUuafOvnm6wA9uZoS7,심사관/2의견제출통지서/1020230102592.pdf,1020230102592.pdf,pdf,심사관,,1020230102592,https://drive.google.com/file/d/1ZGdh5wVN64oub1AUuafOvnm6wA9uZoS7/view
1gTAnalBaEPrHjguCUusDiXzyhaGixrjJ,심사관/2의견제출통지서/1020230102592.txt,1020230102592.txt,txt,심사관,,1020230102592,https://drive.google.com/file/d/1gTAnalBaEPrHjguCUusDiXzyhaGixrjJ/view
1UxrGEAAZFvGYpyL1e9eaPT0T_Wa1T5mJ,심사관/2의견제출통지서/1020230102592_cleaned.txt,1020230102592_cleaned.txt,txt,심사관,,1020230102592_cleaned,https://drive.google.com/file/d/1UxrGEAAZFvGYpyL1e9eaPT0T_Wa1T5mJ/view
1vsZ_uuUchRNrg7iKcizlh-RM2lQZH-vF,심사관/2의견제출통지서/1020230118745.pdf,1020230118745.pdf,pdf,심사관,,1020230118745,https://drive.google.com/file/d/1vsZ_uuUchRNrg7iKcizlh-RM2lQZH-vF/view
1LgEGigrzuscDoM6lonxJ0p6QQq2XsH7j,심사관/2의견제출통지서/1020230118745.txt,1020230118745.txt,txt,심사관,,1020230118745,https://drive.google.com/file/d/1LgEGigrzuscDoM6lonxJ0p6QQq2XsH7j/view
1_pcov6_e6msoC9TtaiblyObzIb4NpIuc,심사관/2의견제출통지서/1020230118769.pdf,1020230118769.pdf,pdf,심사관,,1020230118769,https://drive.google.com/file/d/1_pcov6_e6msoC9TtaiblyObzIb4NpIuc/view
1VcMQhZlv3V58U5hCXOVSZcwwlx1vwn17,심사관/2의견제출통지서/1020230118769.txt,1020230118769.txt,txt,심사관,,1020230118769,https://drive.google.com/file/d/1VcMQhZlv3V58U5hCXOVSZcwwlx1vwn17/view
1e50XorNuNkvx0BaSDbTvm9A_UxVTZSFt,심사관/2의견제출통지서/1020230118769_cleaned.txt,1020230118769_cleaned.txt,txt,심사관,,1020230118769_cleaned,https://drive.google.com/file/d/1e50XorNuNkvx0BaSDbTvm9A_UxVTZSFt/view
1t74KpAtzsrnt9xeN2Imz_FuIRkp3wxx-,심사관/2의견제출통지서/1020230131860.pdf,1020230131860.pdf,pdf,심사관,,1020230131860,https://drive.google.com/file/d/1t74KpAtzsrnt9xeN2Imz_FuIRkp3wxx-/view
1b3X-ZVVgi2rC53YjUctZBNLDsAA0980m,심사관/2의견제출통지서/1020230131860.txt,1020230131860.txt,txt,심사관,,1020230131860,https://drive.google.com/file/d/1b3X-ZVVgi2rC53YjUctZBNLDsAA0980m/view
1nGnudFJgfDHeUN2M_XnH5JfTpbLbzyuP,심사관/2의견제출통지서/1020230134631.pdf,1020230134631.pdf,pdf,심사관,,1020230134631,https://drive.google.com/file/d/1nGnudFJgfDHeUN2M_XnH5JfTpbLbzyuP/view
1EJhiWIUlPu6qzBUU-9g6AJG4xvl06M4P,심사관/2의견제출통지서/1020230134631.txt,1020230134631.txt,txt,심사관,,1020230134631,https://drive.google.com/file/d/1EJhiWIUlPu6qzBUU-9g6AJG4xvl06M4P/view
1zxCHSzgDH8SgLVlp-QtabsFuqZ9ubvpu,심사관/2의견제출통지서/1020230134631_cleaned.txt,1020230134631_cleaned.txt,txt,심사관,,1020230134631_cleaned,https://drive.google.com/file/d/1zxCHSzgDH8SgLVlp-QtabsFuqZ9ubvpu/view
1gWiqM1ec_7ug5ElsU-iLhZFICkquP3DV,심사관/2의견제출통지서/1020230142119.pdf,1020230142119.pdf,pdf,심사관,,1020230142119,https://drive.google.com/file/d/1gWiqM1ec_7ug5ElsU-iLhZFICkquP3DV/view
11yboem_R9zHCUex1r0dtoRUBsZDp_jJX,심사관/2의견제출통지서/1020230142119.pdf,1020230142119.pdf,pdf,심사관,,1020230142119,https://drive.google.com/file/d/11yboem_R9zHCUex1r0dtoRUBsZDp_jJX/view
10_fsHtSnPvBpuYhATto0chzJebafBVEe,심사관/2의견제출통지서/1020230142119.txt,1020230142119.txt,txt,심사관,,1020230142119,https://drive.google.com/file/d/10_fsHtSnPvBpuYhATto0chzJebafBVEe/view
1YQJCtsCbJVdXiYgtom5Fy4pOJRCOsp5J,심사관/2의견제출통지서/1020230142119_cleaned.txt,1020230142119_cleaned.txt,txt,심사관,,1020230142119_cleaned,https://drive.google.com/file/d/1YQJCtsCbJVdXiYgtom5Fy4pOJRCOsp5J/view
18KOmH_PcjFy-7Qb0FA55ngTyEhGf53kW,심사관/2의견제출통지서/1020237000315.pdf,1020237000315.pdf,pdf,심사관,,1020237000315,https://drive.google.com/file/d/18KOmH_PcjFy-7Qb0FA55ngTyEhGf53kW/view
1iOWCTtulxEI8zaSyzx9qnajpiNQHcv0N,심사관/2의견제출통지서/1020237000315.txt,1020237000315.txt,txt,심사관,,1020237000315,https://drive.google.com/file/d/1iOWCTtulxEI8zaSyzx9qnajpiNQHcv0N/view
1VNs19MxLT5iF7B_0LQBic1oruDZ7P_va,심사관/2의견제출통지서/1020237000315_cleaned.txt,1020237000315_cleaned.txt,txt,심사관,,1020237000315_cleaned,https://drive.google.com/file/d/1VNs19MxLT5iF7B_0LQBic1oruDZ7P_va/view
1IJ2o_k7Q3BdiRWEuwx_ll6zpJ7tOdxM6,심사관/2의견제출통지서/1020237015600.pdf,1020237015600.pdf,pdf,심사관,,1020237015600,https://drive.google.com/file/d/1IJ2o_k7Q3BdiRWEuwx_ll6zpJ7tOdxM6/view
1oRdl5Xf9giMsfc9sXjK4oiv4UJvwUIRj,심사관/2의견제출통지서/1020237015600.txt,1020237015600.txt,txt,심사관,,1020237015600,https://drive.google.com/file/d/1oRdl5Xf9giMsfc9sXjK4oiv4UJvwUIRj/view
125s3W2gBZQeTw0FPxkD5v8g7zL8-7WDV,심사관/2의견제출통지서/1020237015600_cleaned.txt,1020237015600_cleaned.txt,txt,심사관,,1020237015600_cleaned,https://drive.google.com/file/d/125s3W2gBZQeTw0FPxkD5v8g7zL8-7WDV/view
1h4D89FUSGrrAdJF90UJQMerdzB9BgkW7,심사관/2의견제출통지서/1020240026694.pdf,1020240026694.pdf,pdf,심사관,,1020240026694,https://drive.google.com/file/d/1h4D89FUSGrrAdJF90UJQMerdzB9BgkW7/view
1zV7qgcRQYuqYKLtoNxXfC_CryoCS_Fhq,심사관/2의견제출통지서/1020240026694.txt,1020240026694.txt,txt,심사관,,1020240026694,https://drive.google.com/file/d/1zV7qgcRQYuqYKLtoNxXfC_CryoCS_Fhq/view
1mfp3EfRUDyybwNg1MYzxOuj5oQLxzhUb,심사관/2의견제출통지서/1020240026694_cleaned.txt,1020240026694_cleaned.txt,txt,심사관,,1020240026694_cleaned,https://drive.google.com/file/d/1mfp3EfRUDyybwNg1MYzxOuj5oQLxzhUb/view
16Ohri4zRnExzfpTHYls-P9R99NUJYe3k,심사관/2의견제출통지서/1020240058416.pdf,1020240058416.pdf,pdf,심사관,,1020240058416,https://drive.google.com/file/d/16Ohri4zRnExzfpTHYls-P9R99NUJYe3k/view
16z2zpAmhODsmdUpdBlnAGHc2yPx17Xw1,심사관/2의견제출통지서/1020240058416.txt,1020240058416.txt,txt,심사관,,1020240058416,https://drive.google.com/file/d/16z2zpAmhODsmdUpdBlnAGHc2yPx17Xw1/view
1y2r4O0MhoQDsfEnoBd69CU2AabDLG7P3,심사관/2의견제출통지서/1020240081489.pdf,1020240081489.pdf,pdf,심사관,,1020240081489,https://drive.google.com/file/d/1y2r4O0MhoQDsfEnoBd69CU2AabDLG7P3/view
1H3BWxh-Wes4e_O6U1rUyYZbZXIpuGu50,심사관/2의견제출통지서/1020240081489.txt,1020240081489.txt,txt,심사관,,1020240081489,https://drive.google.com/file/d/1H3BWxh-Wes4e_O6U1rUyYZbZXIpuGu50/view
1ml_mT6-odLtoVEEQCg3HMxQJqja-t1d5,심사관/2의견제출통지서/1020240081489_cleaned.txt,1020240081489_cleaned.txt,txt,심사관,,1020240081489_cleaned,https://drive.google.com/file/d/1ml_mT6-odLtoVEEQCg3HMxQJqja-t1d5/view
1v8mOdOyaHsY6w83K_GTHoKAKs5408Kak,심사관/2의견제출통지서/1020240138555.pdf,1020240138555.pdf,pdf,심사관,,1020240138555,https://drive.google.com/file/d/1v8mOdOyaHsY6w83K_GTHoKAKs5408Kak/view
1khMKd4vtnRmzfN92nZtaZ3I6t96SpvY7,심사관/2의견제출통지서/1020240138555.txt,1020240138555.txt,txt,심사관,,1020240138555,https://drive.google.com/file/d/1khMKd4vtnRmzfN92nZtaZ3I6t96SpvY7/view
1qeAvndZfiOrXrhsquNQWnB8dptyFxLR5,심사관/2의견제출통지서/1020240138555_cleaned.txt,1020240138555_cleaned.txt,txt,심사관,,1020240138555_cleaned,https://drive.google.com/file/d/1qeAvndZfiOrXrhsquNQWnB8dptyFxLR5/view
1t8usQ6L1r58wpPoJvfROfl03TH__nHsA,심사관/2의견제출통지서/1020240146684.pdf,1020240146684.pdf,pdf,심사관,,1020240146684,https://drive.google.com/file/d/1t8usQ6L1r58wpPoJvfROfl03TH__nHsA/view
1QlgdCNzWzgkz7Ac9ZiY1Y4o6QRYPDtlh,심사관/2의견제출통지서/1020240152277.pdf,1020240152277.pdf,pdf,심사관,,1020240152277,https://drive.google.com/file/d/1QlgdCNzWzgkz7Ac9ZiY1Y4o6QRYPDtlh/view
1aIOh6RxCFnQjKStTU8IqFB5KXZFcvNcK,심사관/2의견제출통지서/1020240152277.txt,1020240152277.txt,txt,심사관,,1020240152277,https://drive.google.com/file/d/1aIOh6RxCFnQjKStTU8IqFB5KXZFcvNcK/view
1aj1-DMVTWfhRWnEXiYZQzcOCBKaAZzl5,심사관/2의견제출통지서/1020240152277_cleaned.txt,1020240152277_cleaned.txt,txt,심사관,,1020240152277_cleaned,https://drive.google.com/file/d/1aj1-DMVTWfhRWnEXiYZQzcOCBKaAZzl5/view
1Mh5stsk4UM8ARDZUVKPPAidnSX-YabzP,심사관/2의견제출통지서/1020240173044.pdf,1020240173044.pdf,pdf,심사관,,1020240173044,https://drive.google.com/file/d/1Mh5stsk4UM8ARDZUVKPPAidnSX-YabzP/view
1XseEWNXZrUnDFmwWlKRfIhYzHCq_F4Iv,심사관/2의견제출통지서/1020240173044.txt,1020240173044.txt,txt,심사관,,1020240173044,https://drive.google.com/file/d/1XseEWNXZrUnDFmwWlKRfIhYzHCq_F4Iv/view
1BnWgi_2vWuqEyPiQ8if4jewlbF9ZC1zl,심사관/2의견제출통지서/1020240196542.pdf,1020240196542.pdf,pdf,심사관,,1020240196542,https://drive.google.com/file/d/1BnWgi_2vWuqEyPiQ8if4jewlbF9ZC1zl/view
1R6juM7TwcvrJ4Ydd6ewHNjuF83DQLf-G,심사관/2의견제출통지서/1020240196542.txt,1020240196542.txt,txt,심사관,,1020240196542,https://drive.google.com/file/d/1R6juM7TwcvrJ4Ydd6ewHNjuF83DQLf-G/view
1r9t2svMmKI-o08J8q5jsgSq2Pmqit0em,심사관/2의견제출통지서/1020240196542_cleaned.txt,1020240196542_cleaned.txt,txt,심사관,,1020240196542_cleaned,https://drive.google.com/file/d/1r9t2svMmKI-o08J8q5jsgSq2Pmqit0em/view
11gbqyoJjygpdDvMnoj3BKxUcCaJMPyum,심사관/2의견제출통지서/1020247011628.pdf,1020247011628.pdf,pdf,심사관,,1020247011628,https://drive.google.com/file/d/11gbqyoJjygpdDvMnoj3BKxUcCaJMPyum/view
1eE0dQc7S2EOBV9-xeZww0VJUgl7Jjqkx,심사관/2의견제출통지서/1020247011628.txt,1020247011628.txt,txt,심사관,,1020247011628,https://drive.google.com/file/d/1eE0dQc7S2EOBV9-xeZww0VJUgl7Jjqkx/view
1U-TI2jE38Tg95n1BFQp47894YjIviRjo,심사관/2의견제출통지서/1020247023307.pdf,1020247023307.pdf,pdf,심사관,,1020247023307,https://drive.google.com/file/d/1U-TI2jE38Tg95n1BFQp47894YjIviRjo/view
1eYVAiIJ6V7lb8wXhAm5SnnLDwNgO9xPa,심사관/2의견제출통지서/1020247023307.txt,1020247023307.txt,txt,심사관,,1020247023307,https://drive.google.com/file/d/1eYVAiIJ6V7lb8wXhAm5SnnLDwNgO9xPa/view
1W4hzzcgYUNojlhRSfE-9jCGKLGC_vBUM,심사관/2의견제출통지서/1020247023307_cleaned.txt,1020247023307_cleaned.txt,txt,심사관,,1020247023307_cleaned,https://drive.google.com/file/d/1W4hzzcgYUNojlhRSfE-9jCGKLGC_vBUM/view
1tkgIyTvQOWBzTRmL8xdnXtOLs-rJNbrD,심사관/2의견제출통지서/1020247023700.pdf,1020247023700.pdf,pdf,심사관,,1020247023700,https://drive.google.com/file/d/1tkgIyTvQOWBzTRmL8xdnXtOLs-rJNbrD/view
127UeK5-atFlgD5cxrEdhj7rWO_UqcMiW,심사관/2의견제출통지서/1020247023700.txt,1020247023700.txt,txt,심사관,,1020247023700,https://drive.google.com/file/d/127UeK5-atFlgD5cxrEdhj7rWO_UqcMiW/view
1kI0tUU9te81lGUOV0bHYdsaW7T2-1-hm,심사관/2의견제출통지서/1020247023700_cleaned.txt,1020247023700_cleaned.txt,txt,심사관,,1020247023700_cleaned,https://drive.google.com/file/d/1kI0tUU9te81lGUOV0bHYdsaW7T2-1-hm/view
1wPDMmmcQ3SdQ1Y4TE9iBHJ7kZubPh_Sj,심사관/2의견제출통지서/1020250027252.pdf,1020250027252.pdf,pdf,심사관,,1020250027252,https://drive.google.com/file/d/1wPDMmmcQ3SdQ1Y4TE9iBHJ7kZubPh_Sj/view
1u7TRxuKUjPbzoX7PZ3MgXPLgMj9JO2HV,심사관/2의견제출통지서/1020250027252.txt,1020250027252.txt,txt,심사관,,1020250027252,https://drive.google.com/file/d/1u7TRxuKUjPbzoX7PZ3MgXPLgMj9JO2HV/view
1htXF-eE2l79SDm-V9nrqIT7I7fDicJ1p,심사관/2의견제출통지서/1020250034744.pdf,1020250034744.pdf,pdf,심사관,,1020250034744,https://drive.google.com/file/d/1htXF-eE2l79SDm-V9nrqIT7I7fDicJ1p/view
1QIgAxpt8vU8lzj7woxC2vGPKEWy4mtJM,심사관/2의견제출통지서/1020250034744.txt,1020250034744.txt,txt,심사관,,1020250034744,https://drive.google.com/file/d/1QIgAxpt8vU8lzj7woxC2vGPKEWy4mtJM/view
1JHhJht2azjMcALrKMwdrgAjbRqwjEhMT,심사관/2의견제출통지서/1020250034744_cleaned.txt,1020250034744_cleaned.txt,txt,심사관,,1020250034744_cleaned,https://drive.google.com/file/d/1JHhJht2azjMcALrKMwdrgAjbRqwjEhMT/view
1t25WHOr3AowHEjDtF01I-D1ZH-PJxJLS,심사관/2의견제출통지서/1020250045991.pdf,1020250045991.pdf,pdf,심사관,,1020250045991,https://drive.google.com/file/d/1t25WHOr3AowHEjDtF01I-D1ZH-PJxJLS/view
19PejTGVSfeAqwifrqOBRSroQLfAiHguO,심사관/2의견제출통지서/1020250068220.pdf,1020250068220.pdf,pdf,심사관,,1020250068220,https://drive.google.com/file/d/19PejTGVSfeAqwifrqOBRSroQLfAiHguO/view
1o1p3d7IxqKBzySQmy5Ngwbyom9B17MCl,심사관/2의견제출통지서/1020250068220.txt,1020250068220.txt,txt,심사관,,1020250068220,https://drive.google.com/file/d/1o1p3d7IxqKBzySQmy5Ngwbyom9B17MCl/view
1BSwJCgrxdPm1Yb8kzymPOdISSaFmmxdf,심사관/2의견제출통지서/1020250077843.pdf,1020250077843.pdf,pdf,심사관,,1020250077843,https://drive.google.com/file/d/1BSwJCgrxdPm1Yb8kzymPOdISSaFmmxdf/view
1fSUaVnWkWydo2aAeO0sqhHBvD-4oRdFR,심사관/2의견제출통지서/1020250077843.txt,1020250077843.txt,txt,심사관,,1020250077843,https://drive.google.com/file/d/1fSUaVnWkWydo2aAeO0sqhHBvD-4oRdFR/view
1ikqtZ-5_flRI7waZbHwHGBMWbjUQFcH3,심사관/2의견제출통지서/1020250077843_cleaned.txt,1020250077843_cleaned.txt,txt,심사관,,1020250077843_cleaned,https://drive.google.com/file/d/1ikqtZ-5_flRI7waZbHwHGBMWbjUQFcH3/view
13nDx9MGlw9B1aMQ568y6epa408YoqtqM,심사관/2의견제출통지서/1020250077859.pdf,1020250077859.pdf,pdf,심사관,,1020250077859,https://drive.google.com/file/d/13nDx9MGlw9B1aMQ568y6epa408YoqtqM/view
1f3v9xNYbDj5OZCn4Ua5XW8shw4wDfA96,심사관/2의견제출통지서/1020250077859.txt,1020250077859.txt,txt,심사관,,1020250077859,https://drive.google.com/file/d/1f3v9xNYbDj5OZCn4Ua5XW8shw4wDfA96/view
1KFCPlUFS-9DwXD2iNeOSTxlAcsu0Lm_K,심사관/2의견제출통지서/1020250077859_cleaned.txt,1020250077859_cleaned.txt,txt,심사관,,1020250077859_cleaned,https://drive.google.com/file/d/1KFCPlUFS-9DwXD2iNeOSTxlAcsu0Lm_K/view
1APvY0xEUwwchM9-WsMS2pFVMJzM49yrk,심사관/2의견제출통지서/1020250115002.pdf,1020250115002.pdf,pdf,심사관,,1020250115002,https://drive.google.com/file/d/1APvY0xEUwwchM9-WsMS2pFVMJzM49yrk/view
1HJ6GRZxUR-P77fFExz95nmvdtBMvsq01,심사관/2의견제출통지서/1020250115002.txt,1020250115002.txt,txt,심사관,,1020250115002,https://drive.google.com/file/d/1HJ6GRZxUR-P77fFExz95nmvdtBMvsq01/view
18upksNWHwenALCORbqUtJp8-R1cgi39a,심사관/2의견제출통지서/1020250115002_cleaned.txt,1020250115002_cleaned.txt,txt,심사관,,1020250115002_cleaned,https://drive.google.com/file/d/18upksNWHwenALCORbqUtJp8-R1cgi39a/view
1F3cZRgC8rATgmQ2s_OT1P3_tBUakjT9h,심사관/2의견제출통지서/1020257019800.pdf,1020257019800.pdf,pdf,심사관,,1020257019800,https://drive.google.com/file/d/1F3cZRgC8rATgmQ2s_OT1P3_tBUakjT9h/view
17KpD2BNa7hwnlLXtrx9doK1Apt7My9CY,심사관/2의견제출통지서/1020257019800.txt,1020257019800.txt,txt,심사관,,1020257019800,https://drive.google.com/file/d/17KpD2BNa7hwnlLXtrx9doK1Apt7My9CY/view
1LiWTRvQsqb8hZVIZDnbULGULtCkqn9Mo,심사관/2의견제출통지서/1020257019800_cleaned.txt,1020257019800_cleaned.txt,txt,심사관,,1020257019800_cleaned,https://drive.google.com/file/d/1LiWTRvQsqb8hZVIZDnbULGULtCkqn9Mo/view
1q9a4tQlcL5T3H0QRMoH21vWHmeWuiXKC,심사관/3최종/1020170003348.txt,1020170003348.txt,txt,심사관,,1020170003348,https://drive.google.com/file/d/1q9a4tQlcL5T3H0QRMoH21vWHmeWuiXKC/view
19MfUZbYXieHJ9Vvi6xcJuYnhL5w8NbTg,심사관/3최종/1020170003348_extracted.txt,1020170003348_extracted.txt,txt,심사관,,1020170003348,https://drive.google.com/file/d/19MfUZbYXieHJ9Vvi6xcJuYnhL5w8NbTg/view
1qhN-DtoA2iftkiwodQMdmsGRPL-OgFhL,심사관/3최종/1020170054474.txt,1020170054474.txt,txt,심사관,,1020170054474,https://drive.google.com/file/d/1qhN-DtoA2iftkiwodQMdmsGRPL-OgFhL/view
1GeQtYOmVS2owiH2qgK_P8ITIvE58a9QE,심사관/3최종/1020170054474_extracted.txt,1020170054474_extracted.txt,txt,심사관,,1020170054474,https://drive.google.com/file/d/1GeQtYOmVS2owiH2qgK_P8ITIvE58a9QE/view
14MdXyo6BR9xGDlyBKzCSzTCHtmkd8a1G,심사관/3최종/1020170083779.txt,1020170083779.txt,txt,심사관,,1020170083779,https://drive.google.com/file/d/14MdXyo6BR9xGDlyBKzCSzTCHtmkd8a1G/view
1kDtStAu0IwlBV0KZpkjw3ozgYKyHHoCs,심사관/3최종/1020170083779_extracted.txt,1020170083779_extracted.txt,txt,심사관,,1020170083779,https://drive.google.com/file/d/1kDtStAu0IwlBV0KZpkjw3ozgYKyHHoCs/view
1917N-5CphmDZ9H2gLo2WkTOiwwn-Tj1Q,심사관/3최종/1020170097848.txt,1020170097848.txt,txt,심사관,,1020170097848,https://drive.google.com/file/d/1917N-5CphmDZ9H2gLo2WkTOiwwn-Tj1Q/view
1XDUbrwLSocZPIflCm6v0j7SymAIWrFes,심사관/3최종/1020170097848_extracted.txt,1020170097848_extracted.txt,txt,심사관,,1020170097848,https://drive.google.com/file/d/1XDUbrwLSocZPIflCm6v0j7SymAIWrFes/view
1Llju5N1FtC4oKYUeCJKayRPTxYm5n1na,심사관/3최종/1020170122363.txt,1020170122363.txt,txt,심사관,,1020170122363,https://drive.google.com/file/d/1Llju5N1FtC4oKYUeCJKayRPTxYm5n1na/view
1Vl4jzOOHKamcJQ6nNh4XsxSvnoQNOfPr,심사관/3최종/1020170122363_extracted.txt,1020170122363_extracted.txt,txt,심사관,,1020170122363,https://drive.google.com/file/d/1Vl4jzOOHKamcJQ6nNh4XsxSvnoQNOfPr/view
1XXKXGdird9ahLXUdI7FcZw_0HhfrwX7D,심사관/3최종/1020170144234.txt,1020170144234.txt,txt,심사관,,1020170144234,https://drive.google.com/file/d/1XXKXGdird9ahLXUdI7FcZw_0HhfrwX7D/view
10zmxxJ5OsFSTqmK7I1Uu2mro6-UpE6Cp,심사관/3최종/1020170144234_extracted.txt,1020170144234_extracted.txt,txt,심사관,,1020170144234,https://drive.google.com/file/d/10zmxxJ5OsFSTqmK7I1Uu2mro6-UpE6Cp/view
1WIIhJdhueNYcK4MMKhXE94nHCf1NxzxF,심사관/3최종/1020170155897.txt,1020170155897.txt,txt,심사관,,1020170155897,https://drive.google.com/file/d/1WIIhJdhueNYcK4MMKhXE94nHCf1NxzxF/view
1browUwIQ2fjDAXlz0xxUX0V-c-DROI4I,심사관/3최종/1020170155897_extracted.txt,1020170155897_extracted.txt,txt,심사관,,1020170155897,https://drive.google.com/file/d/1browUwIQ2fjDAXlz0xxUX0V-c-DROI4I/view
1EQyrf2MDD0UtHsXvZU5cjLSw-XQt05ER,심사관/3최종/1020177006950.txt,1020177006950.txt,txt,심사관,,1020177006950,https://drive.google.com/file/d/1EQyrf2MDD0UtHsXvZU5cjLSw-XQt05ER/view
1fULux0tc8FMZkIyEfkMzvg_-42RN49Ke,심사관/3최종/1020177006950_extracted.txt,1020177006950_extracted.txt,txt,심사관,,1020177006950,https://drive.google.com/file/d/1fULux0tc8FMZkIyEfkMzvg_-42RN49Ke/view
1OzOC4lmXOZdUmKCqJK-IqxKLLIXPi_Rt,심사관/3최종/1020180025971.txt,1020180025971.txt,txt,심사관,,1020180025971,https://drive.google.com/file/d/1OzOC4lmXOZdUmKCqJK-IqxKLLIXPi_Rt/view
1z1nY4EAFo1gKkwjIEaOobqO8I-bmtczj,심사관/3최종/1020180025971_extracted.txt,1020180025971_extracted.txt,txt,심사관,,1020180025971,https://drive.google.com/file/d/1z1nY4EAFo1gKkwjIEaOobqO8I-bmtczj/view
1QHVbilJkTaJ_p99pv1mpqV79PZAFlIvr,심사관/3최종/1020180031088.txt,1020180031088.txt,txt,심사관,,1020180031088,https://drive.google.com/file/d/1QHVbilJkTaJ_p99pv1mpqV79PZAFlIvr/view
1sNb0ku6Jfz2t0JYjv6dpcmyDykLUKx0i,심사관/3최종/1020180031088_extracted.txt,1020180031088_extracted.txt,txt,심사관,,1020180031088,https://drive.google.com/file/d/1sNb0ku6Jfz2t0JYjv6dpcmyDykLUKx0i/view
1uEqWLIrB41ihacTTVhpQBL_z3WaWfm5Z,심사관/3최종/1020180063015.txt,1020180063015.txt,txt,심사관,,1020180063015,https://drive.google.com/file/d/1uEqWLIrB41ihacTTVhpQBL_z3WaWfm5Z/view
16S-polheNWfMQWUtJyKYz3vL4bJtt2vw,심사관/3최종/1020180063015_extracted.txt,1020180063015_extracted.txt,txt,심사관,,1020180063015,https://drive.google.com/file/d/16S-polheNWfMQWUtJyKYz3vL4bJtt2vw/view
1CaEqhHI6DH49jWP8AYtcmvv25layszbg,심사관/3최종/1020180116750.txt,1020180116750.txt,txt,심사관,,1020180116750,https://drive.google.com/file/d/1CaEqhHI6DH49jWP8AYtcmvv25layszbg/view
1yR_76Oa30mtOeX0qSeUGUJve0Q4S1N_t,심사관/3최종/1020180116750_extracted.txt,1020180116750_extracted.txt,txt,심사관,,1020180116750,https://drive.google.com/file/d/1yR_76Oa30mtOeX0qSeUGUJve0Q4S1N_t/view
1JXVWUuIJtZd1y8bO0OvVph6jNIEJsfaa,심사관/3최종/1020180123300.txt,1020180123300.txt,txt,심사관,,1020180123300,https://drive.google.com/file/d/1JXVWUuIJtZd1y8bO0OvVph6jNIEJsfaa/view
1whHbmnmmgT5mGMXlm8VjvR4Jg_NybXnO,심사관/3최종/1020180123300_extracted.txt,1020180123300_extracted.txt,txt,심사관,,1020180123300,https://drive.google.com/file/d/1whHbmnmmgT5mGMXlm8VjvR4Jg_NybXnO/view
1tFLArrk0WuNNJ5f0MKiBajdh7t2fvK2B,심사관/3최종/1020180125990.txt,1020180125990.txt,txt,심사관,,1020180125990,https://drive.google.com/file/d/1tFLArrk0WuNNJ5f0MKiBajdh7t2fvK2B/view
1riiFty1oqKQslftBoBRlFaQiOouVAovn,심사관/3최종/1020180125990_extracted.txt,1020180125990_extracted.txt,txt,심사관,,1020180125990,https://drive.google.com/file/d/1riiFty1oqKQslftBoBRlFaQiOouVAovn/view
1ikwejf6xvE_dbGkYWImVQu8iS1tL4ZGz,심사관/3최종/1020187037824.txt,1020187037824.txt,txt,심사관,,1020187037824,https://drive.google.com/file/d/1ikwejf6xvE_dbGkYWImVQu8iS1tL4ZGz/view
19JY9CPcHJjbuFtZs_4SOv5MnszGfD5Pr,심사관/3최종/1020187037824_extracted.txt,1020187037824_extracted.txt,txt,심사관,,1020187037824,https://drive.google.com/file/d/19JY9CPcHJjbuFtZs_4SOv5MnszGfD5Pr/view
1hvd9ZFKg04w4iYmV-3lifxqSC1Ap3P4W,심사관/3최종/1020190090963.txt,1020190090963.txt,txt,심사관,,1020190090963,https://drive.google.com/file/d/1hvd9ZFKg04w4iYmV-3lifxqSC1Ap3P4W/view
1j6lnZ3NYxRg_O-zGNdFXOv0GpXGJslEl,심사관/3최종/1020190090963_extracted.txt,1020190090963_extracted.txt,txt,심사관,,1020190090963,https://drive.google.com/file/d/1j6lnZ3NYxRg_O-zGNdFXOv0GpXGJslEl/view
1XzvuIY-nyR_rBtdhbufSMe9m3rKv8peD,심사관/3최종/1020190093807.txt,1020190093807.txt,txt,심사관,,1020190093807,https://drive.google.com/file/d/1XzvuIY-nyR_rBtdhbufSMe9m3rKv8peD/view
1A7ilYhAwhLzAOsa-eZ183SiSlxoA86Vo,심사관/3최종/1020190093807_extracted.txt,1020190093807_extracted.txt,txt,심사관,,1020190093807,https://drive.google.com/file/d/1A7ilYhAwhLzAOsa-eZ183SiSlxoA86Vo/view
1TiiInKpdOhsM5PTP5i6paOsq0tL5U4W2,심사관/3최종/1020190098351.txt,1020190098351.txt,txt,심사관,,1020190098351,https://drive.google.com/file/d/1TiiInKpdOhsM5PTP5i6paOsq0tL5U4W2/view
18V10uejzBNMUmUUPk28I34TTYgCcfEmv,심사관/3최종/1020190098351_extracted.txt,1020190098351_extracted.txt,txt,심사관,,1020190098351,https://drive.google.com/file/d/18V10uejzBNMUmUUPk28I34TTYgCcfEmv/view
1Q1-sc2lgWHdtoZRNC-3umBfytd1YlX33,심사관/3최종/1020190101984.txt,1020190101984.txt,txt,심사관,,1020190101984,https://drive.google.com/file/d/1Q1-sc2lgWHdtoZRNC-3umBfytd1YlX33/view
1vYFA3qQJMFTLbWLf6Mxo0kCRzYT2IsKu,심사관/3최종/1020190101984_extracted.txt,1020190101984_extracted.txt,txt,심사관,,1020190101984,https://drive.google.com/file/d/1vYFA3qQJMFTLbWLf6Mxo0kCRzYT2IsKu/view
1CJGpXSHMcvxw89WN5QThEoWEG0SRPOOh,심사관/3최종/1020190164745.txt,1020190164745.txt,txt,심사관,,1020190164745,https://drive.google.com/file/d/1CJGpXSHMcvxw89WN5QThEoWEG0SRPOOh/view
1Jak_HCO-ZLtNBEVQKRQbLE6SH-5Zkkah,심사관/3최종/1020190164745_extracted.txt,1020190164745_extracted.txt,txt,심사관,,1020190164745,https://drive.google.com/file/d/1Jak_HCO-ZLtNBEVQKRQbLE6SH-5Zkkah/view
1b6z_vLLOMqh507NpaSoSgWjn50g6xgDH,심사관/3최종/1020197012085.txt,1020197012085.txt,txt,심사관,,1020197012085,https://drive.google.com/file/d/1b6z_vLLOMqh507NpaSoSgWjn50g6xgDH/view
1XZPQSsiGANsfrNy6KuHBYMfzcYTJulgm,심사관/3최종/1020197012085_extracted.txt,1020197012085_extracted.txt,txt,심사관,,1020197012085,https://drive.google.com/file/d/1XZPQSsiGANsfrNy6KuHBYMfzcYTJulgm/view
1mO9G1Nc_X00gGp2SH2URuv2icasorOdK,심사관/3최종/1020197013953.txt,1020197013953.txt,txt,심사관,,1020197013953,https://drive.google.com/file/d/1mO9G1Nc_X00gGp2SH2URuv2icasorOdK/view
1jhEzlZaZjvPpb_aQ6AS3gCRMbEMWxes2,심사관/3최종/1020197013953_extracted.txt,1020197013953_extracted.txt,txt,심사관,,1020197013953,https://drive.google.com/file/d/1jhEzlZaZjvPpb_aQ6AS3gCRMbEMWxes2/view
1AQ4bvHAmZCPmJGJkuOZfdpbocu0vxeOn,심사관/3최종/1020197015991.txt,1020197015991.txt,txt,심사관,,1020197015991,https://drive.google.com/file/d/1AQ4bvHAmZCPmJGJkuOZfdpbocu0vxeOn/view
12Lh4hoX6Uy9cd5jO-apCe6DSTOZZfriD,심사관/3최종/1020197015991_extracted.txt,1020197015991_extracted.txt,txt,심사관,,1020197015991,https://drive.google.com/file/d/12Lh4hoX6Uy9cd5jO-apCe6DSTOZZfriD/view
1hwkJ9YHeTTCZWbcWnwhW6hMbFw7431iI,심사관/3최종/1020197026115.txt,1020197026115.txt,txt,심사관,,1020197026115,https://drive.google.com/file/d/1hwkJ9YHeTTCZWbcWnwhW6hMbFw7431iI/view
19FjGSpvx5lq2icfxs24GO-1JxjE7SOKF,심사관/3최종/1020197026115_extracted.txt,1020197026115_extracted.txt,txt,심사관,,1020197026115,https://drive.google.com/file/d/19FjGSpvx5lq2icfxs24GO-1JxjE7SOKF/view
1B0uqGTRM-L_t9PQjlxz75Cwjl3ldpuwM,심사관/3최종/1020197037891.txt,1020197037891.txt,txt,심사관,,1020197037891,https://drive.google.com/file/d/1B0uqGTRM-L_t9PQjlxz75Cwjl3ldpuwM/view
1-FEBxPff6eDqsscqnPewn_QpTg-XjrkT,심사관/3최종/1020197037891_extracted.txt,1020197037891_extracted.txt,txt,심사관,,1020197037891,https://drive.google.com/file/d/1-FEBxPff6eDqsscqnPewn_QpTg-XjrkT/view
1IRmgnbHhUMoQVn2vTRiTBebKsoZx0kVL,심사관/3최종/1020200001714.txt,1020200001714.txt,txt,심사관,,1020200001714,https://drive.google.com/file/d/1IRmgnbHhUMoQVn2vTRiTBebKsoZx0kVL/view
1XBm30PKYNTb_9G_RZtGHo2EuaDfs0DsT,심사관/3최종/1020200001714_extracted.txt,1020200001714_extracted.txt,txt,심사관,,1020200001714,https://drive.google.com/file/d/1XBm30PKYNTb_9G_RZtGHo2EuaDfs0DsT/view
1SMejL7q-8b-sIHBU79mqP5-6emYSIwYf,심사관/3최종/1020200001729.txt,1020200001729.txt,txt,심사관,,1020200001729,https://drive.google.com/file/d/1SMejL7q-8b-sIHBU79mqP5-6emYSIwYf/view
1yDxx7BqETNquK88QJy8vSbgt1ukdZ9ur,심사관/3최종/1020200001729_extracted.txt,1020200001729_extracted.txt,txt,심사관,,1020200001729,https://drive.google.com/file/d/1yDxx7BqETNquK88QJy8vSbgt1ukdZ9ur/view
1CuZGRtCNq51e3zCrODfdhlJx_t6tNEsv,심사관/3최종/1020200004518.txt,1020200004518.txt,txt,심사관,,1020200004518,https://drive.google.com/file/d/1CuZGRtCNq51e3zCrODfdhlJx_t6tNEsv/view
1XHWO5VMcjU1Wi_2xo72KFBQL8TWCHu5v,심사관/3최종/1020200004518_extracted.txt,1020200004518_extracted.txt,txt,심사관,,1020200004518,https://drive.google.com/file/d/1XHWO5VMcjU1Wi_2xo72KFBQL8TWCHu5v/view
1aPpwNis-WCsOtblWESJGf4HdElIb_cvW,심사관/3최종/1020200059705.txt,1020200059705.txt,txt,심사관,,1020200059705,https://drive.google.com/file/d/1aPpwNis-WCsOtblWESJGf4HdElIb_cvW/view
1MavyiwtlUd1NkC_a8hQA66ZhF1IlLUIs,심사관/3최종/1020200059705_extracted.txt,1020200059705_extracted.txt,txt,심사관,,1020200059705,https://drive.google.com/file/d/1MavyiwtlUd1NkC_a8hQA66ZhF1IlLUIs/view
1g9XUMzWtVJuCvScNTQ8nIjOE3wPtJRHz,심사관/3최종/1020200092399.txt,1020200092399.txt,txt,심사관,,1020200092399,https://drive.google.com/file/d/1g9XUMzWtVJuCvScNTQ8nIjOE3wPtJRHz/view
1KOqRGy0PK2ok6tYz_TsAmW9DYdVs9hJ_,심사관/3최종/1020200092399_extracted.txt,1020200092399_extracted.txt,txt,심사관,,1020200092399,https://drive.google.com/file/d/1KOqRGy0PK2ok6tYz_TsAmW9DYdVs9hJ_/view
17ilvqjnK-9rsbJogKRytQ4PyfLBWkBxa,심사관/3최종/1020200093243.txt,1020200093243.txt,txt,심사관,,1020200093243,https://drive.google.com/file/d/17ilvqjnK-9rsbJogKRytQ4PyfLBWkBxa/view
1U4YoTB8B2qLWNIc0HnLr3Zl-xhz1xx3B,심사관/3최종/1020200093243_extracted.txt,1020200093243_extracted.txt,txt,심사관,,1020200093243,https://drive.google.com/file/d/1U4YoTB8B2qLWNIc0HnLr3Zl-xhz1xx3B/view
1QM4Z650p-rxvayoAvrhnb25z5FdkMIdb,심사관/3최종/1020200103968.txt,1020200103968.txt,txt,심사관,,1020200103968,https://drive.google.com/file/d/1QM4Z650p-rxvayoAvrhnb25z5FdkMIdb/view
1EeG28UEMGZGwAbHwy9UTnnMOOl5JduUS,심사관/3최종/1020200103968_extracted.txt,1020200103968_extracted.txt,txt,심사관,,1020200103968,https://drive.google.com/file/d/1EeG28UEMGZGwAbHwy9UTnnMOOl5JduUS/view
1HTMfFvKgOFAWtXDZLU8l9XPfmMys_Tp0,심사관/3최종/1020200120202.txt,1020200120202.txt,txt,심사관,,1020200120202,https://drive.google.com/file/d/1HTMfFvKgOFAWtXDZLU8l9XPfmMys_Tp0/view
1ynnA6jen-TXHciK3s24bqPvl2UO5AT2F,심사관/3최종/1020200120202_extracted.txt,1020200120202_extracted.txt,txt,심사관,,1020200120202,https://drive.google.com/file/d/1ynnA6jen-TXHciK3s24bqPvl2UO5AT2F/view
11QSqB42J-j5mnOhAa8UPZhzt1TVHp4j0,심사관/3최종/1020200126707.txt,1020200126707.txt,txt,심사관,,1020200126707,https://drive.google.com/file/d/11QSqB42J-j5mnOhAa8UPZhzt1TVHp4j0/view
1P9SGI1KwYE4bjM1HREOKIADMwcQTnXbR,심사관/3최종/1020200126707_extracted.txt,1020200126707_extracted.txt,txt,심사관,,1020200126707,https://drive.google.com/file/d/1P9SGI1KwYE4bjM1HREOKIADMwcQTnXbR/view
1FsGTOYlTfsb3wEx77cqEHfk_CpQy0y7Z,심사관/3최종/1020200148939.txt,1020200148939.txt,txt,심사관,,1020200148939,https://drive.google.com/file/d/1FsGTOYlTfsb3wEx77cqEHfk_CpQy0y7Z/view
1BnNcLMJMQsCgwMyClxIzwD0iYhOILxXJ,심사관/3최종/1020200148939_extracted.txt,1020200148939_extracted.txt,txt,심사관,,1020200148939,https://drive.google.com/file/d/1BnNcLMJMQsCgwMyClxIzwD0iYhOILxXJ/view
1lblCtg1uRKmKvA1fEqwBu-3h2oS-SbED,심사관/3최종/1020200161286.txt,1020200161286.txt,txt,심사관,,1020200161286,https://drive.google.com/file/d/1lblCtg1uRKmKvA1fEqwBu-3h2oS-SbED/view
1U7Imj4ExZY8KL9Yl9kV-8uvxt3AHKGXT,심사관/3최종/1020200161286_extracted.txt,1020200161286_extracted.txt,txt,심사관,,1020200161286,https://drive.google.com/file/d/1U7Imj4ExZY8KL9Yl9kV-8uvxt3AHKGXT/view
1WfwZ-WoHwMWp0N8ZC35fphgxoR8YOEN2,심사관/3최종/1020200163675.txt,1020200163675.txt,txt,심사관,,1020200163675,https://drive.google.com/file/d/1WfwZ-WoHwMWp0N8ZC35fphgxoR8YOEN2/view
1z01mDFZM_D51LkrZ4JWqVnZdmmpVoy1u,심사관/3최종/1020200163675_extracted.txt,1020200163675_extracted.txt,txt,심사관,,1020200163675,https://drive.google.com/file/d/1z01mDFZM_D51LkrZ4JWqVnZdmmpVoy1u/view
1DkrRU6HqY2sB7CdkFkyKctVk4nqsQIRB,심사관/3최종/1020200168183.txt,1020200168183.txt,txt,심사관,,1020200168183,https://drive.google.com/file/d/1DkrRU6HqY2sB7CdkFkyKctVk4nqsQIRB/view
17QT_dgNK7LIkyux5qh0Ba8O88hGIEWOW,심사관/3최종/1020200168183_extracted.txt,1020200168183_extracted.txt,txt,심사관,,1020200168183,https://drive.google.com/file/d/17QT_dgNK7LIkyux5qh0Ba8O88hGIEWOW/view
1ZdDB0dhsdoTSKFs7WGIx_FB9MVa4dZfK,심사관/3최종/1020207004284.txt,1020207004284.txt,txt,심사관,,1020207004284,https://drive.google.com/file/d/1ZdDB0dhsdoTSKFs7WGIx_FB9MVa4dZfK/view
1x6gLGfJloCKH4kEWMjxQwTDXtIYkv5vr,심사관/3최종/1020207004284_extracted.txt,1020207004284_extracted.txt,txt,심사관,,1020207004284,https://drive.google.com/file/d/1x6gLGfJloCKH4kEWMjxQwTDXtIYkv5vr/view
1AbpiWSN3DH5WKHsv3bZGn1ZSsJmyNO17,심사관/3최종/1020207014462.txt,1020207014462.txt,txt,심사관,,1020207014462,https://drive.google.com/file/d/1AbpiWSN3DH5WKHsv3bZGn1ZSsJmyNO17/view
13TbmZSAxCpOAhMWHK3xAuLSKZYZqfO7n,심사관/3최종/1020207014462_extracted.txt,1020207014462_extracted.txt,txt,심사관,,1020207014462,https://drive.google.com/file/d/13TbmZSAxCpOAhMWHK3xAuLSKZYZqfO7n/view
1igDZ9TPbObBm0N3VEC8tZy42OtAV0I9r,심사관/3최종/1020207018024.txt,1020207018024.txt,txt,심사관,,1020207018024,https://drive.google.com/file/d/1igDZ9TPbObBm0N3VEC8tZy42OtAV0I9r/view
1b38gMWrRs-e6RO9rFKQ9pO3qq-XxXa8M,심사관/3최종/1020207018024_extracted.txt,1020207018024_extracted.txt,txt,심사관,,1020207018024,https://drive.google.com/file/d/1b38gMWrRs-e6RO9rFKQ9pO3qq-XxXa8M/view
1-TfjiqFFBr9D8DEg4h5YY5sbJuZdph2o,심사관/3최종/1020207024742.txt,1020207024742.txt,txt,심사관,,1020207024742,https://drive.google.com/file/d/1-TfjiqFFBr9D8DEg4h5YY5sbJuZdph2o/view
1QYP1sLjswb4Cjm5IJTOhbpa45oE20dMO,심사관/3최종/1020207024742_extracted.txt,1020207024742_extracted.txt,txt,심사관,,1020207024742,https://drive.google.com/file/d/1QYP1sLjswb4Cjm5IJTOhbpa45oE20dMO/view
1G1MMaAainwoMjp5FomrBh4wuBirqw5Xh,심사관/3최종/1020207032320.txt,1020207032320.txt,txt,심사관,,1020207032320,https://drive.google.com/file/d/1G1MMaAainwoMjp5FomrBh4wuBirqw5Xh/view
1vTfX4JNRpAgzNpGSK4LTiy-p43UUkqYC,심사관/3최종/1020207032320_extracted.txt,1020207032320_extracted.txt,txt,심사관,,1020207032320,https://drive.google.com/file/d/1vTfX4JNRpAgzNpGSK4LTiy-p43UUkqYC/view
1CPkw0nurGbheRBrzRSw9Xt4-aOHHpb-Z,심사관/3최종/1020207035843.txt,1020207035843.txt,txt,심사관,,1020207035843,https://drive.google.com/file/d/1CPkw0nurGbheRBrzRSw9Xt4-aOHHpb-Z/view
1GVGGxpWeEaLXFtcj5DcZWgINjVZpv0fb,심사관/3최종/1020207035843_extracted.txt,1020207035843_extracted.txt,txt,심사관,,1020207035843,https://drive.google.com/file/d/1GVGGxpWeEaLXFtcj5DcZWgINjVZpv0fb/view
1SoHNxauk_sQvYRymrpnCXteJJb6idib-,심사관/3최종/1020207035844.txt,1020207035844.txt,txt,심사관,,1020207035844,https://drive.google.com/file/d/1SoHNxauk_sQvYRymrpnCXteJJb6idib-/view
1rH3u5d6rQZuIdMzFMfsxyoEUUdL-x1-S,심사관/3최종/1020207035844_extracted.txt,1020207035844_extracted.txt,txt,심사관,,1020207035844,https://drive.google.com/file/d/1rH3u5d6rQZuIdMzFMfsxyoEUUdL-x1-S/view
1rdT6Q7YcL_cu5rmf0kGxyVDONIMNTJiF,심사관/3최종/1020207035847.txt,1020207035847.txt,txt,심사관,,1020207035847,https://drive.google.com/file/d/1rdT6Q7YcL_cu5rmf0kGxyVDONIMNTJiF/view
1WJ_gsWzWmGnxz1YK5cgAF7lsvlRsnacq,심사관/3최종/1020207035847_extracted.txt,1020207035847_extracted.txt,txt,심사관,,1020207035847,https://drive.google.com/file/d/1WJ_gsWzWmGnxz1YK5cgAF7lsvlRsnacq/view
1J9WpZgQFDeJNg0CugSVg4z-eHd8a0sU4,심사관/3최종/1020207036632.txt,1020207036632.txt,txt,심사관,,1020207036632,https://drive.google.com/file/d/1J9WpZgQFDeJNg0CugSVg4z-eHd8a0sU4/view
15DI5Oo8YEHM8MAw2LXos8vVAHe-ooysV,심사관/3최종/1020207036632_extracted.txt,1020207036632_extracted.txt,txt,심사관,,1020207036632,https://drive.google.com/file/d/15DI5Oo8YEHM8MAw2LXos8vVAHe-ooysV/view
1adcGmjqYeGEmG3ej518THgtks_C1R7ZL,심사관/3최종/1020210037975.txt,1020210037975.txt,txt,심사관,,1020210037975,https://drive.google.com/file/d/1adcGmjqYeGEmG3ej518THgtks_C1R7ZL/view
1rTLutVvkq_z_L2WqfOZPbKDNRQfFI5Oh,심사관/3최종/1020210037975_extracted.txt,1020210037975_extracted.txt,txt,심사관,,1020210037975,https://drive.google.com/file/d/1rTLutVvkq_z_L2WqfOZPbKDNRQfFI5Oh/view
1rzB57xHx4SSoPTTd4cMmHp2nMkQVh0KV,심사관/3최종/1020210046441.txt,1020210046441.txt,txt,심사관,,1020210046441,https://drive.google.com/file/d/1rzB57xHx4SSoPTTd4cMmHp2nMkQVh0KV/view
17X8HSL8K74KFFBWIGKA11jJZk6EWyzVc,심사관/3최종/1020210046441_extracted.txt,1020210046441_extracted.txt,txt,심사관,,1020210046441,https://drive.google.com/file/d/17X8HSL8K74KFFBWIGKA11jJZk6EWyzVc/view
1KtWE6ezkg1g4VEm3spOWxnRxQKqRPwky,심사관/3최종/1020210057704.txt,1020210057704.txt,txt,심사관,,1020210057704,https://drive.google.com/file/d/1KtWE6ezkg1g4VEm3spOWxnRxQKqRPwky/view
1MxHT-awUNxvqwVPgxwyz4UPf3TkP2Nur,심사관/3최종/1020210057704_extracted.txt,1020210057704_extracted.txt,txt,심사관,,1020210057704,https://drive.google.com/file/d/1MxHT-awUNxvqwVPgxwyz4UPf3TkP2Nur/view
1_3YY0_PlHMz9A0smcf7oKVYOr2bbqfiX,심사관/3최종/1020210068892.txt,1020210068892.txt,txt,심사관,,1020210068892,https://drive.google.com/file/d/1_3YY0_PlHMz9A0smcf7oKVYOr2bbqfiX/view
1JDGSM3wBZiCMOvYXbQyIe-MnPvnzSdl1,심사관/3최종/1020210068892_extracted.txt,1020210068892_extracted.txt,txt,심사관,,1020210068892,https://drive.google.com/file/d/1JDGSM3wBZiCMOvYXbQyIe-MnPvnzSdl1/view
1ZA2Heq0wfULy0UiG6s6_gQVKnYHqPSCV,심사관/3최종/1020210085431.txt,1020210085431.txt,txt,심사관,,1020210085431,https://drive.google.com/file/d/1ZA2Heq0wfULy0UiG6s6_gQVKnYHqPSCV/view
14pvvOwknqt19RjMdkic-df4XGAX5HGFw,심사관/3최종/1020210085431_extracted.txt,1020210085431_extracted.txt,txt,심사관,,1020210085431,https://drive.google.com/file/d/14pvvOwknqt19RjMdkic-df4XGAX5HGFw/view
1PgaKGVX8jQym-JjzymUMA5fAZmANHjHY,심사관/3최종/1020210085762.txt,1020210085762.txt,txt,심사관,,1020210085762,https://drive.google.com/file/d/1PgaKGVX8jQym-JjzymUMA5fAZmANHjHY/view
1vBSfqyeUXM93SzCSjrCg2Pm9VypMQh_C,심사관/3최종/1020210085762_extracted.txt,1020210085762_extracted.txt,txt,심사관,,1020210085762,https://drive.google.com/file/d/1vBSfqyeUXM93SzCSjrCg2Pm9VypMQh_C/view
1K9-U4jkpOftAeUKWba8_BAe7KfIy-J2z,심사관/3최종/1020210112340.txt,1020210112340.txt,txt,심사관,,1020210112340,https://drive.google.com/file/d/1K9-U4jkpOftAeUKWba8_BAe7KfIy-J2z/view
1J7JLOf5xup25_T-hsS04TQ2IWSL0JAG9,심사관/3최종/1020210112340_extracted.txt,1020210112340_extracted.txt,txt,심사관,,1020210112340,https://drive.google.com/file/d/1J7JLOf5xup25_T-hsS04TQ2IWSL0JAG9/view
1HBV15ZmVVz3OlCHXIg78yZ8Jb233maaH,심사관/3최종/1020210117172.txt,1020210117172.txt,txt,심사관,,1020210117172,https://drive.google.com/file/d/1HBV15ZmVVz3OlCHXIg78yZ8Jb233maaH/view
1sZgQz_TEPdvxVk3sXIip9DdATojV-_fp,심사관/3최종/1020210117172_extracted.txt,1020210117172_extracted.txt,txt,심사관,,1020210117172,https://drive.google.com/file/d/1sZgQz_TEPdvxVk3sXIip9DdATojV-_fp/view
1KAORDi8aeFmZzFaqEz62tti5rbHAAXSw,심사관/3최종/1020210127454.txt,1020210127454.txt,txt,심사관,,1020210127454,https://drive.google.com/file/d/1KAORDi8aeFmZzFaqEz62tti5rbHAAXSw/view
14oTmFQMUz_Ek6_PpgugE3OwwBDeF858C,심사관/3최종/1020210127454_extracted.txt,1020210127454_extracted.txt,txt,심사관,,1020210127454,https://drive.google.com/file/d/14oTmFQMUz_Ek6_PpgugE3OwwBDeF858C/view
140V175Yz-xg3XYf9nuJfMMnE33KUynQG,심사관/3최종/1020210134063.txt,1020210134063.txt,txt,심사관,,1020210134063,https://drive.google.com/file/d/140V175Yz-xg3XYf9nuJfMMnE33KUynQG/view
1NZXTi3um_IZTye2trchpiR1P1x4uZL5r,심사관/3최종/1020210134063_extracted.txt,1020210134063_extracted.txt,txt,심사관,,1020210134063,https://drive.google.com/file/d/1NZXTi3um_IZTye2trchpiR1P1x4uZL5r/view
1YscQwnqGMzt134cesSIJ70sop9Mu3Q0m,심사관/3최종/1020210154767.txt,1020210154767.txt,txt,심사관,,1020210154767,https://drive.google.com/file/d/1YscQwnqGMzt134cesSIJ70sop9Mu3Q0m/view
1MlRw6MxrPCWU_G1vq7TT03X2cLXzxavi,심사관/3최종/1020210154767_extracted.txt,1020210154767_extracted.txt,txt,심사관,,1020210154767,https://drive.google.com/file/d/1MlRw6MxrPCWU_G1vq7TT03X2cLXzxavi/view
1Vi2NIeZH005DhDt0rQBS_ZLjU0CplVrn,심사관/3최종/1020210161676.txt,1020210161676.txt,txt,심사관,,1020210161676,https://drive.google.com/file/d/1Vi2NIeZH005DhDt0rQBS_ZLjU0CplVrn/view
1wQ_kLp7Bn26DISlq2vHLGOOWISkU31ih,심사관/3최종/1020210161676_extracted.txt,1020210161676_extracted.txt,txt,심사관,,1020210161676,https://drive.google.com/file/d/1wQ_kLp7Bn26DISlq2vHLGOOWISkU31ih/view
1fpu8IlINTeEnREQ9IDdSTEssxwKgOwPb,심사관/3최종/1020210168032.txt,1020210168032.txt,txt,심사관,,1020210168032,https://drive.google.com/file/d/1fpu8IlINTeEnREQ9IDdSTEssxwKgOwPb/view
14uM_m3IWiVzOYVC1VduIa7afjTk_WHZd,심사관/3최종/1020210168032_extracted.txt,1020210168032_extracted.txt,txt,심사관,,1020210168032,https://drive.google.com/file/d/14uM_m3IWiVzOYVC1VduIa7afjTk_WHZd/view
1s2AtoNldWJfGjBbtY1bbh0zG1QwPl8UB,심사관/3최종/1020210168628.txt,1020210168628.txt,txt,심사관,,1020210168628,https://drive.google.com/file/d/1s2AtoNldWJfGjBbtY1bbh0zG1QwPl8UB/view
1IHrSTriAHrM93B6WyLd9XFBOw5adWhoe,심사관/3최종/1020210168628_extracted.txt,1020210168628_extracted.txt,txt,심사관,,1020210168628,https://drive.google.com/file/d/1IHrSTriAHrM93B6WyLd9XFBOw5adWhoe/view
1cI2g49wxq7pKKK3WydjT0xxtJsdQMCx9,심사관/3최종/1020210171633.txt,1020210171633.txt,txt,심사관,,1020210171633,https://drive.google.com/file/d/1cI2g49wxq7pKKK3WydjT0xxtJsdQMCx9/view
15oPqJiQiGzrhF2zxctv_DtlLcnoQuUn7,심사관/3최종/1020210171633_extracted.txt,1020210171633_extracted.txt,txt,심사관,,1020210171633,https://drive.google.com/file/d/15oPqJiQiGzrhF2zxctv_DtlLcnoQuUn7/view
1WC7Lsdy1DS255g5WVFDSmFFSoIwU6YII,심사관/3최종/1020210172385.txt,1020210172385.txt,txt,심사관,,1020210172385,https://drive.google.com/file/d/1WC7Lsdy1DS255g5WVFDSmFFSoIwU6YII/view
1-_WDd18jihZDre5V9PPDsRTDYWVhr65s,심사관/3최종/1020210172385_extracted.txt,1020210172385_extracted.txt,txt,심사관,,1020210172385,https://drive.google.com/file/d/1-_WDd18jihZDre5V9PPDsRTDYWVhr65s/view
1RBMPw5SPU5F3TX_7P4Buu9iHyd1Expx8,심사관/3최종/1020217011467.txt,1020217011467.txt,txt,심사관,,1020217011467,https://drive.google.com/file/d/1RBMPw5SPU5F3TX_7P4Buu9iHyd1Expx8/view
1YPksScswt5UTi0W0VFG8mEvjp73HV32T,심사관/3최종/1020217011467_extracted.txt,1020217011467_extracted.txt,txt,심사관,,1020217011467,https://drive.google.com/file/d/1YPksScswt5UTi0W0VFG8mEvjp73HV32T/view
1-40WGI3dQQAnu_uMcYQWo5WUa28P9GLp,심사관/3최종/1020217017878.txt,1020217017878.txt,txt,심사관,,1020217017878,https://drive.google.com/file/d/1-40WGI3dQQAnu_uMcYQWo5WUa28P9GLp/view
1O8eX87uqJte8NOfagG-VnlfeWDBgfOe7,심사관/3최종/1020217017878_extracted.txt,1020217017878_extracted.txt,txt,심사관,,1020217017878,https://drive.google.com/file/d/1O8eX87uqJte8NOfagG-VnlfeWDBgfOe7/view
1o8eb_oRoG6uLfDwJ4AgUqDNbnhRJnAvz,심사관/3최종/1020217018412.txt,1020217018412.txt,txt,심사관,,1020217018412,https://drive.google.com/file/d/1o8eb_oRoG6uLfDwJ4AgUqDNbnhRJnAvz/view
1r1PPKwV-FX8fHlzjQ1dcStQftxWEfaDE,심사관/3최종/1020217018412_extracted.txt,1020217018412_extracted.txt,txt,심사관,,1020217018412,https://drive.google.com/file/d/1r1PPKwV-FX8fHlzjQ1dcStQftxWEfaDE/view
1B3aw98m-7UZ-Hwg7Qy0F_Q7RdaiWoas-,심사관/3최종/1020217023623.txt,1020217023623.txt,txt,심사관,,1020217023623,https://drive.google.com/file/d/1B3aw98m-7UZ-Hwg7Qy0F_Q7RdaiWoas-/view
1RUuYc37fTbj7mlGnE-LDg74Zcq9MD6Uj,심사관/3최종/1020217023623_extracted.txt,1020217023623_extracted.txt,txt,심사관,,1020217023623,https://drive.google.com/file/d/1RUuYc37fTbj7mlGnE-LDg74Zcq9MD6Uj/view
1h-SJABIQw8MmVaIBvLcvnsFM0KzkVrWZ,심사관/3최종/1020217026855.txt,1020217026855.txt,txt,심사관,,1020217026855,https://drive.google.com/file/d/1h-SJABIQw8MmVaIBvLcvnsFM0KzkVrWZ/view
1RBY-e0oIqTTpuDovRa4VTJ5l7HOVXvmU,심사관/3최종/1020217026855_extracted.txt,1020217026855_extracted.txt,txt,심사관,,1020217026855,https://drive.google.com/file/d/1RBY-e0oIqTTpuDovRa4VTJ5l7HOVXvmU/view
1mxTGIjyNwOAIFthGTsdNuC8vGkDnH92f,심사관/3최종/1020217028715.txt,1020217028715.txt,txt,심사관,,1020217028715,https://drive.google.com/file/d/1mxTGIjyNwOAIFthGTsdNuC8vGkDnH92f/view
1y1ylFONmAKLF4BycLFKmFSXUyUkFHu74,심사관/3최종/1020217028715_extracted.txt,1020217028715_extracted.txt,txt,심사관,,1020217028715,https://drive.google.com/file/d/1y1ylFONmAKLF4BycLFKmFSXUyUkFHu74/view
1sP8EQJKwbFi00aEPzDS0Jg_SfafGnOtg,심사관/3최종/1020217033033.txt,1020217033033.txt,txt,심사관,,1020217033033,https://drive.google.com/file/d/1sP8EQJKwbFi00aEPzDS0Jg_SfafGnOtg/view
1OAEDg_tlfAQAhWmDfTSXjcDIgk2KcfDm,심사관/3최종/1020217033033_extracted.txt,1020217033033_extracted.txt,txt,심사관,,1020217033033,https://drive.google.com/file/d/1OAEDg_tlfAQAhWmDfTSXjcDIgk2KcfDm/view
115dKmYVqqL7hKWwRGqAGCQWv1Y_NYwR4,심사관/3최종/1020220002231.txt,1020220002231.txt,txt,심사관,,1020220002231,https://drive.google.com/file/d/115dKmYVqqL7hKWwRGqAGCQWv1Y_NYwR4/view
1lvf35OOSrAKGyBX3sQ9mfpG4Cxp14XZU,심사관/3최종/1020220002231_extracted.txt,1020220002231_extracted.txt,txt,심사관,,1020220002231,https://drive.google.com/file/d/1lvf35OOSrAKGyBX3sQ9mfpG4Cxp14XZU/view
1UJM-95_XHxEoKn3-LJe0ZdqJdPRNJuI7,심사관/3최종/1020220002232.txt,1020220002232.txt,txt,심사관,,1020220002232,https://drive.google.com/file/d/1UJM-95_XHxEoKn3-LJe0ZdqJdPRNJuI7/view
10YuQFZ8cAZdqytPJxuJiyJy-x5N7Og9N,심사관/3최종/1020220002232_extracted.txt,1020220002232_extracted.txt,txt,심사관,,1020220002232,https://drive.google.com/file/d/10YuQFZ8cAZdqytPJxuJiyJy-x5N7Og9N/view
1iOtvlc5wnlk-9GOLwjlX7AVSqyCkfqp8,심사관/3최종/1020220002233.txt,1020220002233.txt,txt,심사관,,1020220002233,https://drive.google.com/file/d/1iOtvlc5wnlk-9GOLwjlX7AVSqyCkfqp8/view
1CcBMRUuFRy23lDtZa0ib75bg56j56RCT,심사관/3최종/1020220002233_extracted.txt,1020220002233_extracted.txt,txt,심사관,,1020220002233,https://drive.google.com/file/d/1CcBMRUuFRy23lDtZa0ib75bg56j56RCT/view
1gtgbKwM32aW2ZtpShjXwOLrQ_E9KnNyL,심사관/3최종/1020220026671.txt,1020220026671.txt,txt,심사관,,1020220026671,https://drive.google.com/file/d/1gtgbKwM32aW2ZtpShjXwOLrQ_E9KnNyL/view
1W_5I2GTn2AsAZnmLCTLbJNYBMG9ueckV,심사관/3최종/1020220026671_extracted.txt,1020220026671_extracted.txt,txt,심사관,,1020220026671,https://drive.google.com/file/d/1W_5I2GTn2AsAZnmLCTLbJNYBMG9ueckV/view
18Sp09LHSprW9I8IMkuqf5yQr2Cyw5Exn,심사관/3최종/1020220032074.txt,1020220032074.txt,txt,심사관,,1020220032074,https://drive.google.com/file/d/18Sp09LHSprW9I8IMkuqf5yQr2Cyw5Exn/view
1xFir2oiErs7Xfi_ZgPEQmfIASDpwNyiB,심사관/3최종/1020220032074_extracted.txt,1020220032074_extracted.txt,txt,심사관,,1020220032074,https://drive.google.com/file/d/1xFir2oiErs7Xfi_ZgPEQmfIASDpwNyiB/view
1nLsFJ0RfmPFSv1jzBL564gvKxgzSYJrV,심사관/3최종/1020220033925.txt,1020220033925.txt,txt,심사관,,1020220033925,https://drive.google.com/file/d/1nLsFJ0RfmPFSv1jzBL564gvKxgzSYJrV/view
1Gmn3DRtAcq3wRkDJMQ5Yxxoh2v6oEQF5,심사관/3최종/1020220033925_extracted.txt,1020220033925_extracted.txt,txt,심사관,,1020220033925,https://drive.google.com/file/d/1Gmn3DRtAcq3wRkDJMQ5Yxxoh2v6oEQF5/view
1q45ZmTnxJ7pNhCjNWL1bEh9oxU1qD_Dv,심사관/3최종/1020220057805.txt,1020220057805.txt,txt,심사관,,1020220057805,https://drive.google.com/file/d/1q45ZmTnxJ7pNhCjNWL1bEh9oxU1qD_Dv/view
1JGJzhBQJ1GiE5SG4GvDZhG_aqc5SV2DL,심사관/3최종/1020220057805_extracted.txt,1020220057805_extracted.txt,txt,심사관,,1020220057805,https://drive.google.com/file/d/1JGJzhBQJ1GiE5SG4GvDZhG_aqc5SV2DL/view
1jMRlcrSqHABxOuk7X9JQ_EJsnqGAUPs7,심사관/3최종/1020220071866.txt,1020220071866.txt,txt,심사관,,1020220071866,https://drive.google.com/file/d/1jMRlcrSqHABxOuk7X9JQ_EJsnqGAUPs7/view
19aWIOyVBH9niSb_MY7LUCDeOIS0gbWXB,심사관/3최종/1020220071866_extracted.txt,1020220071866_extracted.txt,txt,심사관,,1020220071866,https://drive.google.com/file/d/19aWIOyVBH9niSb_MY7LUCDeOIS0gbWXB/view
138HHA_VWR45YuBT84JzSSGZzV5m0uQ4T,심사관/3최종/1020220072515.txt,1020220072515.txt,txt,심사관,,1020220072515,https://drive.google.com/file/d/138HHA_VWR45YuBT84JzSSGZzV5m0uQ4T/view
1vH-QEvlDtZk1S7OvsdwkofKTJioB7Fkj,심사관/3최종/1020220072515_extracted.txt,1020220072515_extracted.txt,txt,심사관,,1020220072515,https://drive.google.com/file/d/1vH-QEvlDtZk1S7OvsdwkofKTJioB7Fkj/view
1-mje9hllsJsesJajb0yxLzjw8zlrI0nE,심사관/3최종/1020220084314.txt,1020220084314.txt,txt,심사관,,1020220084314,https://drive.google.com/file/d/1-mje9hllsJsesJajb0yxLzjw8zlrI0nE/view
14pmW9Y_hSGyO9xpKJqzeUWubbjaUty49,심사관/3최종/1020220084314_extracted.txt,1020220084314_extracted.txt,txt,심사관,,1020220084314,https://drive.google.com/file/d/14pmW9Y_hSGyO9xpKJqzeUWubbjaUty49/view
198qctlZ78vRdhLdZ-87_bS9xjO49w43c,심사관/3최종/1020220088711.txt,1020220088711.txt,txt,심사관,,1020220088711,https://drive.google.com/file/d/198qctlZ78vRdhLdZ-87_bS9xjO49w43c/view
1HS-jh_8RyQSkVwjGhaKHK-cfTrwMy8IC,심사관/3최종/1020220088711_extracted.txt,1020220088711_extracted.txt,txt,심사관,,1020220088711,https://drive.google.com/file/d/1HS-jh_8RyQSkVwjGhaKHK-cfTrwMy8IC/view
1is7DQ8S6TZ7bcBk36QM4DmFuBnet6BpW,심사관/3최종/1020220090887.txt,1020220090887.txt,txt,심사관,,1020220090887,https://drive.google.com/file/d/1is7DQ8S6TZ7bcBk36QM4DmFuBnet6BpW/view
1SQXE3nc2AlpjR9ekHA9vDQiFQ9lFIIGI,심사관/3최종/1020220090887_extracted.txt,1020220090887_extracted.txt,txt,심사관,,1020220090887,https://drive.google.com/file/d/1SQXE3nc2AlpjR9ekHA9vDQiFQ9lFIIGI/view
1H8fswyg_cgVdmzwERV-DFFiiW4sTvAIf,심사관/3최종/1020220091980.txt,1020220091980.txt,txt,심사관,,1020220091980,https://drive.google.com/file/d/1H8fswyg_cgVdmzwERV-DFFiiW4sTvAIf/view
1eeoVvpMJVEkxFnDp6n7AFH11toSDU5cM,심사관/3최종/1020220091980_extracted.txt,1020220091980_extracted.txt,txt,심사관,,1020220091980,https://drive.google.com/file/d/1eeoVvpMJVEkxFnDp6n7AFH11toSDU5cM/view
18vWRDxuICcCM2aSJg5W4KvsM_UfUz-DY,심사관/3최종/1020220104033.txt,1020220104033.txt,txt,심사관,,1020220104033,https://drive.google.com/file/d/18vWRDxuICcCM2aSJg5W4KvsM_UfUz-DY/view
1XsFoVE5x2MJGr9_EDy7IfjN-rKja63Iy,심사관/3최종/1020220104033_extracted.txt,1020220104033_extracted.txt,txt,심사관,,1020220104033,https://drive.google.com/file/d/1XsFoVE5x2MJGr9_EDy7IfjN-rKja63Iy/view
1CsyuI8Zbv4B4HRGUtYF1jhI4kKCbEw63,심사관/3최종/1020220104321.txt,1020220104321.txt,txt,심사관,,1020220104321,https://drive.google.com/file/d/1CsyuI8Zbv4B4HRGUtYF1jhI4kKCbEw63/view
1eest55Iy6_wJUnPpJpDL8xbIDesYs4QG,심사관/3최종/1020220104321_extracted.txt,1020220104321_extracted.txt,txt,심사관,,1020220104321,https://drive.google.com/file/d/1eest55Iy6_wJUnPpJpDL8xbIDesYs4QG/view
1I_BndZikZhqMoA7GKQwTR6GDchYhCZ7s,심사관/3최종/1020220126844.txt,1020220126844.txt,txt,심사관,,1020220126844,https://drive.google.com/file/d/1I_BndZikZhqMoA7GKQwTR6GDchYhCZ7s/view
1k2_5IBB01_kQenDu-YA0qBV585WcGhYP,심사관/3최종/1020220126844_extracted.txt,1020220126844_extracted.txt,txt,심사관,,1020220126844,https://drive.google.com/file/d/1k2_5IBB01_kQenDu-YA0qBV585WcGhYP/view
1LyTkyayR_GyImuRfVd5MWMvM1WejORPv,심사관/3최종/1020220129423.txt,1020220129423.txt,txt,심사관,,1020220129423,https://drive.google.com/file/d/1LyTkyayR_GyImuRfVd5MWMvM1WejORPv/view
11x-ZO7SQQ_AkF2jfu2tHbY_JgBuD84z6,심사관/3최종/1020220129423_extracted.txt,1020220129423_extracted.txt,txt,심사관,,1020220129423,https://drive.google.com/file/d/11x-ZO7SQQ_AkF2jfu2tHbY_JgBuD84z6/view
1AOD8W960oSIDpTWyaL1UT4mIXbqcmBHR,심사관/3최종/1020220131207.txt,1020220131207.txt,txt,심사관,,1020220131207,https://drive.google.com/file/d/1AOD8W960oSIDpTWyaL1UT4mIXbqcmBHR/view
1F9nsXC6j22AQmp9-PL6eCQUA_nf_2OFI,심사관/3최종/1020220131207_extracted.txt,1020220131207_extracted.txt,txt,심사관,,1020220131207,https://drive.google.com/file/d/1F9nsXC6j22AQmp9-PL6eCQUA_nf_2OFI/view
1ZUzE1JqLPokWuAohcW2LYWGbj-5wZV3t,심사관/3최종/1020220140197.txt,1020220140197.txt,txt,심사관,,1020220140197,https://drive.google.com/file/d/1ZUzE1JqLPokWuAohcW2LYWGbj-5wZV3t/view
1KWAGkSLOxpooCcUsS1v9XcEVMalUaDh4,심사관/3최종/1020220140197_extracted.txt,1020220140197_extracted.txt,txt,심사관,,1020220140197,https://drive.google.com/file/d/1KWAGkSLOxpooCcUsS1v9XcEVMalUaDh4/view
1R_hoS375gbICOpILDgEc53Y0DKz6X4tB,심사관/3최종/1020220147688.txt,1020220147688.txt,txt,심사관,,1020220147688,https://drive.google.com/file/d/1R_hoS375gbICOpILDgEc53Y0DKz6X4tB/view
1dGkyfRUS0VIRWBaEFJX1QYoguzKbaM26,심사관/3최종/1020220147688_extracted.txt,1020220147688_extracted.txt,txt,심사관,,1020220147688,https://drive.google.com/file/d/1dGkyfRUS0VIRWBaEFJX1QYoguzKbaM26/view
1xCZMExpg9sW_qDq7meGSFDhLovBI3L-_,심사관/3최종/1020220148408.txt,1020220148408.txt,txt,심사관,,1020220148408,https://drive.google.com/file/d/1xCZMExpg9sW_qDq7meGSFDhLovBI3L-_/view
1QP_ewvZd5a-pVnP1VlKqPVDhKl16E6PD,심사관/3최종/1020220148408_extracted.txt,1020220148408_extracted.txt,txt,심사관,,1020220148408,https://drive.google.com/file/d/1QP_ewvZd5a-pVnP1VlKqPVDhKl16E6PD/view
1GlEh4e2KOBcAbuTd3F5xiOW7uXcx5xKT,심사관/3최종/1020227000401.txt,1020227000401.txt,txt,심사관,,1020227000401,https://drive.google.com/file/d/1GlEh4e2KOBcAbuTd3F5xiOW7uXcx5xKT/view
1ZH_fZiq_lsI-v_UgVYE8ueYQEibAI5YS,심사관/3최종/1020227000401_extracted.txt,1020227000401_extracted.txt,txt,심사관,,1020227000401,https://drive.google.com/file/d/1ZH_fZiq_lsI-v_UgVYE8ueYQEibAI5YS/view
1YKRgCORuT-WICwzCfD32WGltb2WKDYS3,심사관/3최종/1020227008374.txt,1020227008374.txt,txt,심사관,,1020227008374,https://drive.google.com/file/d/1YKRgCORuT-WICwzCfD32WGltb2WKDYS3/view
1-s7kcFZjjtZZx9oUJoETR733KysxMGUM,심사관/3최종/1020227008374_extracted.txt,1020227008374_extracted.txt,txt,심사관,,1020227008374,https://drive.google.com/file/d/1-s7kcFZjjtZZx9oUJoETR733KysxMGUM/view
1MkAtfgHs95fI9Z0HCKEzP-OLUGtdHUyA,심사관/3최종/1020227008703.txt,1020227008703.txt,txt,심사관,,1020227008703,https://drive.google.com/file/d/1MkAtfgHs95fI9Z0HCKEzP-OLUGtdHUyA/view
1k_GOlzD4_csxJvZD1_0a2qx_vxsc1ZH6,심사관/3최종/1020227008703_extracted.txt,1020227008703_extracted.txt,txt,심사관,,1020227008703,https://drive.google.com/file/d/1k_GOlzD4_csxJvZD1_0a2qx_vxsc1ZH6/view
1JD8hBwHEzGRmpamJ4-eQNqfvJfeQpYzu,심사관/3최종/1020227009135.txt,1020227009135.txt,txt,심사관,,1020227009135,https://drive.google.com/file/d/1JD8hBwHEzGRmpamJ4-eQNqfvJfeQpYzu/view
1lgO_IgV6rhT6WI0TgBE4XFhPhz7oiqVz,심사관/3최종/1020227009135_extracted.txt,1020227009135_extracted.txt,txt,심사관,,1020227009135,https://drive.google.com/file/d/1lgO_IgV6rhT6WI0TgBE4XFhPhz7oiqVz/view
11TX6xMVTnBiEQ9InZtR5OagC5BFQpgMn,심사관/3최종/1020227009490.txt,1020227009490.txt,txt,심사관,,1020227009490,https://drive.google.com/file/d/11TX6xMVTnBiEQ9InZtR5OagC5BFQpgMn/view
1DO_VJd8RFOf5UIOXQa5Co8rODmr_aStY,심사관/3최종/1020227009490_extracted.txt,1020227009490_extracted.txt,txt,심사관,,1020227009490,https://drive.google.com/file/d/1DO_VJd8RFOf5UIOXQa5Co8rODmr_aStY/view
1ANi4F3hImnonUXOCSv9rlBK1PPX0rRf2,심사관/3최종/1020227009700.txt,1020227009700.txt,txt,심사관,,1020227009700,https://drive.google.com/file/d/1ANi4F3hImnonUXOCSv9rlBK1PPX0rRf2/view
1rdQQDtZAvMXi-yxo22VopMuWsGUvOhpy,심사관/3최종/1020227009700_extracted.txt,1020227009700_extracted.txt,txt,심사관,,1020227009700,https://drive.google.com/file/d/1rdQQDtZAvMXi-yxo22VopMuWsGUvOhpy/view
1NtHSxj7pGoDYw2BeM2kPplIjTdC8Mv5t,심사관/3최종/1020227009936.txt,1020227009936.txt,txt,심사관,,1020227009936,https://drive.google.com/file/d/1NtHSxj7pGoDYw2BeM2kPplIjTdC8Mv5t/view
1ZJOg94slqAAsat4GjQQ0dZvylnD9t51k,심사관/3최종/1020227009936_extracted.txt,1020227009936_extracted.txt,txt,심사관,,1020227009936,https://drive.google.com/file/d/1ZJOg94slqAAsat4GjQQ0dZvylnD9t51k/view
1dhyWI5pfXfQmhWHwruoqwdEIw7MBx1mW,심사관/3최종/1020227010826.txt,1020227010826.txt,txt,심사관,,1020227010826,https://drive.google.com/file/d/1dhyWI5pfXfQmhWHwruoqwdEIw7MBx1mW/view
1DuBVINeFlxVCQ5HHiUnyRRWgjtAaT4oE,심사관/3최종/1020227010826_extracted.txt,1020227010826_extracted.txt,txt,심사관,,1020227010826,https://drive.google.com/file/d/1DuBVINeFlxVCQ5HHiUnyRRWgjtAaT4oE/view
1nf2O54t7arIUvMy0tN6xdM-ekOsexVV5,심사관/3최종/1020227015590.txt,1020227015590.txt,txt,심사관,,1020227015590,https://drive.google.com/file/d/1nf2O54t7arIUvMy0tN6xdM-ekOsexVV5/view
16VEla0K0my55R633gcB_GKRWEA4bx7lE,심사관/3최종/1020227015590_extracted.txt,1020227015590_extracted.txt,txt,심사관,,1020227015590,https://drive.google.com/file/d/16VEla0K0my55R633gcB_GKRWEA4bx7lE/view
1-HrRg3ouLy6mL-9Z-zof6TEmTT0i29v4,심사관/3최종/1020227015892.txt,1020227015892.txt,txt,심사관,,1020227015892,https://drive.google.com/file/d/1-HrRg3ouLy6mL-9Z-zof6TEmTT0i29v4/view
14wK_pIIBlG_79ldgfATlXq7cI7Xcglvw,심사관/3최종/1020227015892_extracted.txt,1020227015892_extracted.txt,txt,심사관,,1020227015892,https://drive.google.com/file/d/14wK_pIIBlG_79ldgfATlXq7cI7Xcglvw/view
1zBx3lhK25axwjjCfNn4JB0x9-UCrWs_I,심사관/3최종/1020227017608.txt,1020227017608.txt,txt,심사관,,1020227017608,https://drive.google.com/file/d/1zBx3lhK25axwjjCfNn4JB0x9-UCrWs_I/view
1IdxuWVas41bwGPivcBocyiIrTXWGYzPN,심사관/3최종/1020227017608_extracted.txt,1020227017608_extracted.txt,txt,심사관,,1020227017608,https://drive.google.com/file/d/1IdxuWVas41bwGPivcBocyiIrTXWGYzPN/view
1ocM8YM9hzIsTSxomxg58vTF3zM23f9Cw,심사관/3최종/1020227026698.txt,1020227026698.txt,txt,심사관,,1020227026698,https://drive.google.com/file/d/1ocM8YM9hzIsTSxomxg58vTF3zM23f9Cw/view
1leKjRBBTvELxW81JocIIXn-_cWgd1SCA,심사관/3최종/1020227026698_extracted.txt,1020227026698_extracted.txt,txt,심사관,,1020227026698,https://drive.google.com/file/d/1leKjRBBTvELxW81JocIIXn-_cWgd1SCA/view
10BLL6L9fW73L4Y55ot2vNgurj1vUhMq8,심사관/3최종/1020227027088.txt,1020227027088.txt,txt,심사관,,1020227027088,https://drive.google.com/file/d/10BLL6L9fW73L4Y55ot2vNgurj1vUhMq8/view
14MU0t5jIoDtVJXI64LO8ZjQXqw23cCtF,심사관/3최종/1020227027088_extracted.txt,1020227027088_extracted.txt,txt,심사관,,1020227027088,https://drive.google.com/file/d/14MU0t5jIoDtVJXI64LO8ZjQXqw23cCtF/view
1gdIU4YyQi_uxlmB64JzRJD1ojt1GPDPi,심사관/3최종/1020230024571.txt,1020230024571.txt,txt,심사관,,1020230024571,https://drive.google.com/file/d/1gdIU4YyQi_uxlmB64JzRJD1ojt1GPDPi/view
1Xix1DGetB1aPdZ-p4MdSHCdx-V0FcV0i,심사관/3최종/1020230024571_extracted.txt,1020230024571_extracted.txt,txt,심사관,,1020230024571,https://drive.google.com/file/d/1Xix1DGetB1aPdZ-p4MdSHCdx-V0FcV0i/view
1VKuWytTMq_dxAuflESI1rhbAhgPxHPQw,심사관/3최종/1020230025066.txt,1020230025066.txt,txt,심사관,,1020230025066,https://drive.google.com/file/d/1VKuWytTMq_dxAuflESI1rhbAhgPxHPQw/view
1DCOLrU_tKCJwICURLKlK9rna007lgTK9,심사관/3최종/1020230025066_extracted.txt,1020230025066_extracted.txt,txt,심사관,,1020230025066,https://drive.google.com/file/d/1DCOLrU_tKCJwICURLKlK9rna007lgTK9/view
1mn1zWuJjY75Cc9CBPYpnGXf01nvJ2P5i,심사관/3최종/1020230033546.txt,1020230033546.txt,txt,심사관,,1020230033546,https://drive.google.com/file/d/1mn1zWuJjY75Cc9CBPYpnGXf01nvJ2P5i/view
1Q-PjyZ7A33W_OcHd-oLWhW0T8PMTUNPB,심사관/3최종/1020230033546_extracted.txt,1020230033546_extracted.txt,txt,심사관,,1020230033546,https://drive.google.com/file/d/1Q-PjyZ7A33W_OcHd-oLWhW0T8PMTUNPB/view
1RfVHgmEMKGLOpFz3vIP_smpxdjPc9NLZ,심사관/3최종/1020230036605.txt,1020230036605.txt,txt,심사관,,1020230036605,https://drive.google.com/file/d/1RfVHgmEMKGLOpFz3vIP_smpxdjPc9NLZ/view
1qOHVrpNb57iZk3zOA8D4q0zbof-KrCjo,심사관/3최종/1020230036605_extracted.txt,1020230036605_extracted.txt,txt,심사관,,1020230036605,https://drive.google.com/file/d/1qOHVrpNb57iZk3zOA8D4q0zbof-KrCjo/view
1HBoFkoj-deKzVQYgBa8y1s2mWf5Nk_Sa,심사관/3최종/1020230040630.txt,1020230040630.txt,txt,심사관,,1020230040630,https://drive.google.com/file/d/1HBoFkoj-deKzVQYgBa8y1s2mWf5Nk_Sa/view
1zBEYm6Eadd7BKvDfdBuyTM-1tznmeV9F,심사관/3최종/1020230040630_extracted.txt,1020230040630_extracted.txt,txt,심사관,,1020230040630,https://drive.google.com/file/d/1zBEYm6Eadd7BKvDfdBuyTM-1tznmeV9F/view
17wkbDxwi_EkEIlboPwnYwTj7VQdUmlU2,심사관/3최종/1020230061000.txt,1020230061000.txt,txt,심사관,,1020230061000,https://drive.google.com/file/d/17wkbDxwi_EkEIlboPwnYwTj7VQdUmlU2/view
1c8kc7P9dWV0eyOs2cg1RVVdloDALKNWE,심사관/3최종/1020230061000_extracted.txt,1020230061000_extracted.txt,txt,심사관,,1020230061000,https://drive.google.com/file/d/1c8kc7P9dWV0eyOs2cg1RVVdloDALKNWE/view
1Y2GQzM_xMq2AP5H4SZvSXXGZgl-3BXI9,심사관/3최종/1020230078104.txt,1020230078104.txt,txt,심사관,,1020230078104,https://drive.google.com/file/d/1Y2GQzM_xMq2AP5H4SZvSXXGZgl-3BXI9/view
14kGYHRHqZ5-9nwKAsV5VJ9CLw0zSykWB,심사관/3최종/1020230078104_extracted.txt,1020230078104_extracted.txt,txt,심사관,,1020230078104,https://drive.google.com/file/d/14kGYHRHqZ5-9nwKAsV5VJ9CLw0zSykWB/view
1DpO5yT3GGbhnUPGIFVZwPs5K7v0BK_GY,심사관/3최종/1020230102592.txt,1020230102592.txt,txt,심사관,,1020230102592,https://drive.google.com/file/d/1DpO5yT3GGbhnUPGIFVZwPs5K7v0BK_GY/view
1aB7uFDI2K0ErjsaeLDOFXt-AqwMXXrRB,심사관/3최종/1020230102592_extracted.txt,1020230102592_extracted.txt,txt,심사관,,1020230102592,https://drive.google.com/file/d/1aB7uFDI2K0ErjsaeLDOFXt-AqwMXXrRB/view
1d7OUn0DAQmGxivTcc5QA-1_42wI0HsY6,심사관/3최종/1020230118745.txt,1020230118745.txt,txt,심사관,,1020230118745,https://drive.google.com/file/d/1d7OUn0DAQmGxivTcc5QA-1_42wI0HsY6/view
1nfdZdhIEHsepqZjW_0XaB5Ji1Pun8sbW,심사관/3최종/1020230118745_extracted.txt,1020230118745_extracted.txt,txt,심사관,,1020230118745,https://drive.google.com/file/d/1nfdZdhIEHsepqZjW_0XaB5Ji1Pun8sbW/view
1LMF2UZiUQ9BUwaRDJeFTrMShlFCTY9m1,심사관/3최종/1020230118769.txt,1020230118769.txt,txt,심사관,,1020230118769,https://drive.google.com/file/d/1LMF2UZiUQ9BUwaRDJeFTrMShlFCTY9m1/view
1se5AaWCZw25Lo3_F8aMYzYRGrvgYAoEm,심사관/3최종/1020230118769_extracted.txt,1020230118769_extracted.txt,txt,심사관,,1020230118769,https://drive.google.com/file/d/1se5AaWCZw25Lo3_F8aMYzYRGrvgYAoEm/view
1OFH6YFXWq2A7wfs7WFoG1ukZNQFmD9nu,심사관/3최종/1020230131860.txt,1020230131860.txt,txt,심사관,,1020230131860,https://drive.google.com/file/d/1OFH6YFXWq2A7wfs7WFoG1ukZNQFmD9nu/view
1U4QHnLqcW-VP1Q39rIEgVFrQX84zl6V1,심사관/3최종/1020230131860_extracted.txt,1020230131860_extracted.txt,txt,심사관,,1020230131860,https://drive.google.com/file/d/1U4QHnLqcW-VP1Q39rIEgVFrQX84zl6V1/view
1sSOVJZmiUoi-_XpVxBfINuTyiF3G9WUN,심사관/3최종/1020230134631.txt,1020230134631.txt,txt,심사관,,1020230134631,https://drive.google.com/file/d/1sSOVJZmiUoi-_XpVxBfINuTyiF3G9WUN/view
1K5bvOHFZD-PMPt6zdRMo2e3-FiCKOUpt,심사관/3최종/1020230134631_extracted.txt,1020230134631_extracted.txt,txt,심사관,,1020230134631,https://drive.google.com/file/d/1K5bvOHFZD-PMPt6zdRMo2e3-FiCKOUpt/view
1lt40_PIdbBwMT4eZMNh40E5ewaLD58Us,심사관/3최종/1020230142119.txt,1020230142119.txt,txt,심사관,,1020230142119,https://drive.google.com/file/d/1lt40_PIdbBwMT4eZMNh40E5ewaLD58Us/view
1ifsNX3op6a3t-G-DVwnZmI-7kXbi3kMj,심사관/3최종/1020230142119_extracted.txt,1020230142119_extracted.txt,txt,심사관,,1020230142119,https://drive.google.com/file/d/1ifsNX3op6a3t-G-DVwnZmI-7kXbi3kMj/view
1-l5LFKRVOyP_YolSRGqs8esYwuZNEHOs,심사관/3최종/1020230150441.txt,1020230150441.txt,txt,심사관,,1020230150441,https://drive.google.com/file/d/1-l5LFKRVOyP_YolSRGqs8esYwuZNEHOs/view
1iUeVZ1ysStQFlyqFkkaYDVI4BXG2-N5q,심사관/3최종/1020230150441_extracted.txt,1020230150441_extracted.txt,txt,심사관,,1020230150441,https://drive.google.com/file/d/1iUeVZ1ysStQFlyqFkkaYDVI4BXG2-N5q/view
1WVBAG5-iCmlF8xMmU13fl5TAmJNc6gKS,심사관/3최종/1020230150449.txt,1020230150449.txt,txt,심사관,,1020230150449,https://drive.google.com/file/d/1WVBAG5-iCmlF8xMmU13fl5TAmJNc6gKS/view
1RmGn1sPjgKtyutzvDukxVQp-NdGq8o9p,심사관/3최종/1020230150449_extracted.txt,1020230150449_extracted.txt,txt,심사관,,1020230150449,https://drive.google.com/file/d/1RmGn1sPjgKtyutzvDukxVQp-NdGq8o9p/view
1r85as1pW27XmvYORyNvpkXZL7699CcO3,심사관/3최종/1020237000315.txt,1020237000315.txt,txt,심사관,,1020237000315,https://drive.google.com/file/d/1r85as1pW27XmvYORyNvpkXZL7699CcO3/view
16BHzSR7qv3rVyzH7fgpWl92j9jwKZ1vV,심사관/3최종/1020237000315_extracted.txt,1020237000315_extracted.txt,txt,심사관,,1020237000315,https://drive.google.com/file/d/16BHzSR7qv3rVyzH7fgpWl92j9jwKZ1vV/view
1VXvWdD4se9soDOLiAfJaWcKXMlDnuR85,심사관/3최종/1020237015600.txt,1020237015600.txt,txt,심사관,,1020237015600,https://drive.google.com/file/d/1VXvWdD4se9soDOLiAfJaWcKXMlDnuR85/view
1fuutYwJs356bzJsbrXw6mQDJG3vbNHGJ,심사관/3최종/1020237015600_extracted.txt,1020237015600_extracted.txt,txt,심사관,,1020237015600,https://drive.google.com/file/d/1fuutYwJs356bzJsbrXw6mQDJG3vbNHGJ/view
1Q4y7o7t-TkiuQV6YVy3tq3OYZ1fJTcAy,심사관/3최종/1020240026694.txt,1020240026694.txt,txt,심사관,,1020240026694,https://drive.google.com/file/d/1Q4y7o7t-TkiuQV6YVy3tq3OYZ1fJTcAy/view
1yWX7W6xyICu-YVSoKJs81t5a1U3jJ6Fu,심사관/3최종/1020240026694_extracted.txt,1020240026694_extracted.txt,txt,심사관,,1020240026694,https://drive.google.com/file/d/1yWX7W6xyICu-YVSoKJs81t5a1U3jJ6Fu/view
1EAuKG4l8eUb7qsiQXuYsbHkGo2DewUuZ,심사관/3최종/1020240058416.txt,1020240058416.txt,txt,심사관,,1020240058416,https://drive.google.com/file/d/1EAuKG4l8eUb7qsiQXuYsbHkGo2DewUuZ/view
1W9LFYk9_3BoOSXPkqbqQz-b_TVvnRnU8,심사관/3최종/1020240058416_extracted.txt,1020240058416_extracted.txt,txt,심사관,,1020240058416,https://drive.google.com/file/d/1W9LFYk9_3BoOSXPkqbqQz-b_TVvnRnU8/view
1GnRReC_lCPKGknnCRtOAQMM3-CVkqdZX,심사관/3최종/1020240081489.txt,1020240081489.txt,txt,심사관,,1020240081489,https://drive.google.com/file/d/1GnRReC_lCPKGknnCRtOAQMM3-CVkqdZX/view
1sbUV3FzdO94Wh_O9nrWLlBeIeednkCNx,심사관/3최종/1020240081489_extracted.txt,1020240081489_extracted.txt,txt,심사관,,1020240081489,https://drive.google.com/file/d/1sbUV3FzdO94Wh_O9nrWLlBeIeednkCNx/view
1D0_Gc_pnsylufOgdCwne3wpssvvpacv3,심사관/3최종/1020240138555.txt,1020240138555.txt,txt,심사관,,1020240138555,https://drive.google.com/file/d/1D0_Gc_pnsylufOgdCwne3wpssvvpacv3/view
1dpE0EA1zMsiqOnspnxLkNL_KgnwBwENg,심사관/3최종/1020240138555_extracted.txt,1020240138555_extracted.txt,txt,심사관,,1020240138555,https://drive.google.com/file/d/1dpE0EA1zMsiqOnspnxLkNL_KgnwBwENg/view
1K7gpYQCxg8eNE8TwXrXf-l4NTcG7YOI3,심사관/3최종/1020240146684.txt,1020240146684.txt,txt,심사관,,1020240146684,https://drive.google.com/file/d/1K7gpYQCxg8eNE8TwXrXf-l4NTcG7YOI3/view
1IcR1yCEN7aAK-FKKFBPLGKORm_00XrQz,심사관/3최종/1020240146684_extracted.txt,1020240146684_extracted.txt,txt,심사관,,1020240146684,https://drive.google.com/file/d/1IcR1yCEN7aAK-FKKFBPLGKORm_00XrQz/view
1KuSEGmlYMiVPRZBDlSH_egswb2wtYX8X,심사관/3최종/1020240152277.txt,1020240152277.txt,txt,심사관,,1020240152277,https://drive.google.com/file/d/1KuSEGmlYMiVPRZBDlSH_egswb2wtYX8X/view
1h_ZXo5d1zKdXSr18COjAxEoV4iWWeuru,심사관/3최종/1020240152277_extracted.txt,1020240152277_extracted.txt,txt,심사관,,1020240152277,https://drive.google.com/file/d/1h_ZXo5d1zKdXSr18COjAxEoV4iWWeuru/view
1RQ9NmEpDL25JWinB8476_uuDI6068WOH,심사관/3최종/1020240158222.txt,1020240158222.txt,txt,심사관,,1020240158222,https://drive.google.com/file/d/1RQ9NmEpDL25JWinB8476_uuDI6068WOH/view
1fmfSOmEllzXrlg5cAEPR9_FANK6J7B40,심사관/3최종/1020240158222_extracted.txt,1020240158222_extracted.txt,txt,심사관,,1020240158222,https://drive.google.com/file/d/1fmfSOmEllzXrlg5cAEPR9_FANK6J7B40/view
17qKewHytOHNjWJCAm5QYwFGC-NX1i5fR,심사관/3최종/1020240173044.txt,1020240173044.txt,txt,심사관,,1020240173044,https://drive.google.com/file/d/17qKewHytOHNjWJCAm5QYwFGC-NX1i5fR/view
1_cjv6ui6kbtXKPwI6PDqhmTcFJ52j8HN,심사관/3최종/1020240173044_extracted.txt,1020240173044_extracted.txt,txt,심사관,,1020240173044,https://drive.google.com/file/d/1_cjv6ui6kbtXKPwI6PDqhmTcFJ52j8HN/view
1nujIiM42VE3Dk7kb-9w8SEr8Q4FJK8Pr,심사관/3최종/1020240196542.txt,1020240196542.txt,txt,심사관,,1020240196542,https://drive.google.com/file/d/1nujIiM42VE3Dk7kb-9w8SEr8Q4FJK8Pr/view
1SkQjs6H8bsrvPkH2PG7oGk7OTkRSrM3R,심사관/3최종/1020240196542_extracted.txt,1020240196542_extracted.txt,txt,심사관,,1020240196542,https://drive.google.com/file/d/1SkQjs6H8bsrvPkH2PG7oGk7OTkRSrM3R/view
1LTg2uWN9ya7rd4gPfIDfMg3oeLtOVIs3,심사관/3최종/1020247011628.txt,1020247011628.txt,txt,심사관,,1020247011628,https://drive.google.com/file/d/1LTg2uWN9ya7rd4gPfIDfMg3oeLtOVIs3/view
12CRYAk3lHubwYBu_Gqks54ZLipY7BgSL,심사관/3최종/1020247011628_extracted.txt,1020247011628_extracted.txt,txt,심사관,,1020247011628,https://drive.google.com/file/d/12CRYAk3lHubwYBu_Gqks54ZLipY7BgSL/view
12vzUpNoKlFkLux_2hCBfaMEyD9N59EkX,심사관/3최종/1020247023307.txt,1020247023307.txt,txt,심사관,,1020247023307,https://drive.google.com/file/d/12vzUpNoKlFkLux_2hCBfaMEyD9N59EkX/view
1AEy46DqWSbVJizkSQOASW6QLBS_J6vuA,심사관/3최종/1020247023307_extracted.txt,1020247023307_extracted.txt,txt,심사관,,1020247023307,https://drive.google.com/file/d/1AEy46DqWSbVJizkSQOASW6QLBS_J6vuA/view
1jUk_UcO-WUyyOFKWpsFYiMc2HstcmuCL,심사관/3최종/1020247023700.txt,1020247023700.txt,txt,심사관,,1020247023700,https://drive.google.com/file/d/1jUk_UcO-WUyyOFKWpsFYiMc2HstcmuCL/view
1MXZE33eyVsb5WtuDxz35vjxAbk0BV0C8,심사관/3최종/1020247023700_extracted.txt,1020247023700_extracted.txt,txt,심사관,,1020247023700,https://drive.google.com/file/d/1MXZE33eyVsb5WtuDxz35vjxAbk0BV0C8/view
1exupZHfXfV_H6Jk7H-X8Z8thgbqptLZI,심사관/3최종/1020250027252.txt,1020250027252.txt,txt,심사관,,1020250027252,https://drive.google.com/file/d/1exupZHfXfV_H6Jk7H-X8Z8thgbqptLZI/view
1y3Auqgbe7p82TJnNch_2bmZCiVYl89Nb,심사관/3최종/1020250027252_extracted.txt,1020250027252_extracted.txt,txt,심사관,,1020250027252,https://drive.google.com/file/d/1y3Auqgbe7p82TJnNch_2bmZCiVYl89Nb/view
1chGORFhMMGQ5lxrThU-_G2vSfzzw-S08,심사관/3최종/1020250034744.txt,1020250034744.txt,txt,심사관,,1020250034744,https://drive.google.com/file/d/1chGORFhMMGQ5lxrThU-_G2vSfzzw-S08/view
11tmespKDTAlqdXkeIa3HvNSYI6Pn_dPT,심사관/3최종/1020250034744_extracted.txt,1020250034744_extracted.txt,txt,심사관,,1020250034744,https://drive.google.com/file/d/11tmespKDTAlqdXkeIa3HvNSYI6Pn_dPT/view
1sPjKESUXYUXn1U-NyFcWEwVAo3yWwMq-,심사관/3최종/1020250045991.txt,1020250045991.txt,txt,심사관,,1020250045991,https://drive.google.com/file/d/1sPjKESUXYUXn1U-NyFcWEwVAo3yWwMq-/view
1MKAXSWydP88kvjFU4L17XDaoSXeWERab,심사관/3최종/1020250045991_extracted.txt,1020250045991_extracted.txt,txt,심사관,,1020250045991,https://drive.google.com/file/d/1MKAXSWydP88kvjFU4L17XDaoSXeWERab/view
1BrkbM-a9UFAVMt7uV8tw0cv1aZSSnU8u,심사관/3최종/1020250051746.txt,1020250051746.txt,txt,심사관,,1020250051746,https://drive.google.com/file/d/1BrkbM-a9UFAVMt7uV8tw0cv1aZSSnU8u/view
1dCOP4koz0WkO_ajrwi_R8j4zvbLgmkBo,심사관/3최종/1020250051746_extracted.txt,1020250051746_extracted.txt,txt,심사관,,1020250051746,https://drive.google.com/file/d/1dCOP4koz0WkO_ajrwi_R8j4zvbLgmkBo/view
1jRXh_5h8txLRGxcPruXXGX0Md7zoxUrX,심사관/3최종/1020250068220.txt,1020250068220.txt,txt,심사관,,1020250068220,https://drive.google.com/file/d/1jRXh_5h8txLRGxcPruXXGX0Md7zoxUrX/view
1wnaGnWjoZRiGAH_IR5TJJ1e51OG673s0,심사관/3최종/1020250068220_extracted.txt,1020250068220_extracted.txt,txt,심사관,,1020250068220,https://drive.google.com/file/d/1wnaGnWjoZRiGAH_IR5TJJ1e51OG673s0/view
1DE5L51NdpwXJKZVacTR4JMIklzEIXs2I,심사관/3최종/1020250077843.txt,1020250077843.txt,txt,심사관,,1020250077843,https://drive.google.com/file/d/1DE5L51NdpwXJKZVacTR4JMIklzEIXs2I/view
1aHVOlmflr_MTl3KBZ2tbtqL_NOlmbAZO,심사관/3최종/1020250077843_extracted.txt,1020250077843_extracted.txt,txt,심사관,,1020250077843,https://drive.google.com/file/d/1aHVOlmflr_MTl3KBZ2tbtqL_NOlmbAZO/view
1WX9Ux9NVewVvIGENrYaBmy2Ad5zBkP5l,심사관/3최종/1020250077859.txt,1020250077859.txt,txt,심사관,,1020250077859,https://drive.google.com/file/d/1WX9Ux9NVewVvIGENrYaBmy2Ad5zBkP5l/view
1D4LGtqlUhuyG0TAhzrOCZlCUA82ugsX5,심사관/3최종/1020250077859_extracted.txt,1020250077859_extracted.txt,txt,심사관,,1020250077859,https://drive.google.com/file/d/1D4LGtqlUhuyG0TAhzrOCZlCUA82ugsX5/view
1qU8KfwEIxZ6s2jgOnvFyAVPQMBEEBV83,심사관/3최종/1020250115002.txt,1020250115002.txt,txt,심사관,,1020250115002,https://drive.google.com/file/d/1qU8KfwEIxZ6s2jgOnvFyAVPQMBEEBV83/view
1rtsH4s4gpp2unyrz3vZyRgwLM84AbYWV,심사관/3최종/1020250115002_extracted.txt,1020250115002_extracted.txt,txt,심사관,,1020250115002,https://drive.google.com/file/d/1rtsH4s4gpp2unyrz3vZyRgwLM84AbYWV/view
1ZQT3pLffN4XMK1jTXFZdlmTrj9b6yiRz,심사관/3최종/1020250155326.txt,1020250155326.txt,txt,심사관,,1020250155326,https://drive.google.com/file/d/1ZQT3pLffN4XMK1jTXFZdlmTrj9b6yiRz/view
1o__kPt9J_6OLwBs0_PRWNpEhjsdKwrX6,심사관/3최종/1020250155326_extracted.txt,1020250155326_extracted.txt,txt,심사관,,1020250155326,https://drive.google.com/file/d/1o__kPt9J_6OLwBs0_PRWNpEhjsdKwrX6/view
1Kccc9imB1k4Dp6kZH82EWswqcgs9y_G2,심사관/3최종/1020257019800.txt,1020257019800.txt,txt,심사관,,1020257019800,https://drive.google.com/file/d/1Kccc9imB1k4Dp6kZH82EWswqcgs9y_G2/view
1AwZXXXKUNzNyMeQEcid6D7q_4bFiN-s9,심사관/3최종/1020257019800_extracted.txt,1020257019800_extracted.txt,txt,심사관,,1020257019800,https://drive.google.com/file/d/1AwZXXXKUNzNyMeQEcid6D7q_4bFiN-s9/view
